iata,icao,name,location,time
AAA,NTGA,Anaa Airport,"Anaa, Tuamotus, French Polynesia",UTC−10:00
AAB,YARY,Arrabury Airport,"Arrabury, Queensland, Australia",UTC+10:00
AAC,HEAR,El Arish International Airport,"El Arish, Egypt",UTC+02:00
AAD,HCAD,Adado Airport,"Adado (Cadaado), Galguduud, Somalia",UTC+03:00
AAE,DABB,Rabah Bitat Airport (Les Salines Airport),"Annaba, Algeria",UTC+01:00
AAF,KAAF,Apalachicola Regional Airport,"Apalachicola, Florida, United States",UTC−05:00
AAG,SSYA,Arapoti Airport,"Arapoti, Paraná, Brazil",UTC−03:00
AAH,EDKA,Merzbrück Airport,"Aachen, North Rhine-Westphalia, Germany",UTC+01:00
AAI,SWRA,Arraias Airport,"Arraias, Tocantins, Brazil",UTC−03:00
AAJ,SMCA,Cayana Airstrip,"Awaradam, Suriname",UTC−03:00
AAK,NGUK,Aranuka Airport,"Aranuka, Kiribati",UTC+12:00
AAL,EKYT,Aalborg Airport,"Aalborg, Denmark",UTC+01:00
AAM,FAMD,Mala Mala Airport,"Mala Mala, South Africa",UTC+02:00
AAN,OMAL,Al Ain International Airport,"Al Ain, United Arab Emirates",UTC+04:00
AAO,SVAN,Anaco Airport,"Anaco, Venezuela",UTC−04:00
AAP,WALS,Aji Pangeran Tumenggung Pranoto International Airport,"Samarinda, East Kalimantan, Indonesia",UTC+08:00
AAQ,URKA,Anapa Airport,"Anapa, Krasnodar Krai, Russia",UTC+03:00
AAR,EKAH,Aarhus Airport,"Aarhus, Denmark",UTC+01:00
AAS,,Apalapsili Airport,"Apalapsili, Indonesia",UTC+09:00
AAT,ZWAT,Altay Airport,"Altay, Xinjiang, China",UTC+08:00
AAU,NSAU,Asau Airport,"Asau, Savai'i Island, Samoa",UTC+13:00
AAV,RPMA,Allah Valley Airport,"Surallah, Philippines",UTC+08:00
AAX,SBAX,Araxá Airport,"Araxá, Minas Gerais, Brazil",UTC−03:00
AAY,OYGD,Al Ghaydah Airport,"Al Ghaydah, Yemen",UTC+03:00
AAZ,MGQZ,Quetzaltenango Airport,"Quetzaltenango, Guatemala",UTC−06:00
ABA,UNAA,Abakan International Airport,"Abakan, Republic of Khakassia, Russia",UTC+07:00
ABB,DNAS,Asaba International Airport,"Asaba, Nigeria",UTC+01:00
ABC,LEAB,Albacete Airport,"Albacete, Castilla-La Mancha, Spain",UTC+01:00
ABD,OIAA,Abadan International Airport,"Abadan, Iran",UTC+03:30
ABE,KABE,Lehigh Valley International Airport,"Allentown, Pennsylvania, United States",UTC−05:00
ABF,NGAB,Abaiang Atoll Airport,"Abaiang, Kiribati",UTC+12:00
ABG,YABI,Abingdon Airport,"Abingdon Downs, Queensland, Australia",UTC+10:00
ABH,YAPH,Alpha Airport,"Alpha, Queensland, Australia",UTC+10:00
ABI,KABI,Abilene Regional Airport,"Abilene, Texas, United States",UTC−06:00
ABJ,DIAP,Port Bouet Airport (Felix Houphouet Boigny Int'l),"Abidjan, Côte d'Ivoire",UTC+00:00
ABK,HAKD,Kabri Dar Airport,"Kebri Dahar, Ethiopia",UTC+03:00
ABL,PAFM,Ambler Airport (FAA: AFM),"Ambler, Alaska, United States",UTC−09:00
ABM,YNPE,Northern Peninsula Airport,"Bamaga, Queensland, Australia",UTC+10:00
ABN,SMBN,Albina Airstrip,"Albina, Suriname",UTC−03:00
ABO,DIAO,Aboisso Airport,"Aboisso, Côte d'Ivoire",UTC+00:00
ABP,,Atkamba Airport,"Atkamba, Papua New Guinea",UTC+10:00
ABQ,KABQ,Albuquerque International Sunport,"Albuquerque, New Mexico, United States",UTC−07:00
ABR,KABR,Aberdeen Regional Airport,"Aberdeen, South Dakota, United States",UTC−06:00
ABS,HEBL,Abu Simbel Airport,"Abu Simbel, Egypt",UTC+02:00
ABT,OEBA,Al-Baha Domestic Airport,"Al Bahah, Saudi Arabia",UTC+03:00
ABU,WATA,Haliwen Airport,"Atambua, Indonesia",UTC+08:00
ABV,DNAA,Nnamdi Azikiwe International Airport,"Abuja, Nigeria",UTC+01:00
ABW,,Abau Airport,"Abau, Papua New Guinea",UTC+10:00
ABX,YMAY,Albury Airport,"Albury, New South Wales, Australia",UTC+10:00
ABY,KABY,Southwest Georgia Regional Airport,"Albany, Georgia, United States",UTC−05:00
ABZ,EGPD,Aberdeen Airport,"Aberdeen, Scotland, United Kingdom",UTC+00:00
ACA,MMAA,General Juan N. Álvarez International Airport,"Acapulco, Guerrero, Mexico",UTC−06:00
ACB,KACB,Antrim County Airport,"Bellaire, Michigan, United States",UTC−05:00
ACC,DGAA,Kotoka International Airport,"Accra, Ghana",UTC+00:00
ACD,SKAD,Alcides Fernández Airport,"Acandí, Colombia",UTC−05:00
ACE,GCRR,Lanzarote Airport,"Lanzarote, Canary Islands, Spain",UTC+00:00
ACH,LSZR,St. Gallen–Altenrhein Airport,"Altenrhein, Switzerland",UTC+01:00
ACI,EGJA,Alderney Airport,"Alderney, Channel Islands, United Kingdom",UTC+00:00
ACJ,VCCA,Anuradhapura Airport,"Anuradhapura, Sri Lanka",UTC+05:30
ACK,KACK,Nantucket Memorial Airport,"Nantucket, Massachusetts, United States",UTC−05:00
ACL,,Aguaclara Airport,"Aguaclara, Colombia",UTC−05:00
ACM,,Arica Airport,"Arica, Colombia",UTC−05:00
ACN,MMCC,Ciudad Acuña International Airport,"Ciudad Acuña, Coahuila, Mexico",UTC−06:00
ACP,OITM,Sahand Airport,"Maragheh, Iran",UTC+03:30
ACR,SKAC,Araracuara Airport,"Araracuara, Colombia",UTC−05:00
ACS,UNKS,Achinsk Airport,"Achinsk, Krasnoyarsk Krai, Russia",UTC+07:00
ACT,KACT,Waco Regional Airport,"Waco, Texas, United States",UTC−06:00
ACU,,Achutupo Airport,"Achutupo, Panama",UTC−05:00
ACV,KACV,Arcata-Eureka Airport,"Eureka / Arcata, California, United States",UTC−08:00
ACX,ZUYI,Xingyi Wanfenglin Airport,"Xingyi, Guizhou, China",UTC+08:00
ACY,KACY,Atlantic City International Airport,"Atlantic City, New Jersey, United States",UTC−05:00
ACZ,OIZB,Zabol Airport,"Zabol, Iran",UTC+03:30
ADA,LTAF,Adana Şakirpaşa Airport,"Adana, Turkey",UTC+03:00
ADB,LTBJ,Adnan Menderes Airport,"İzmir, Turkey",UTC+03:00
ADC,AYAN,Andakombe Airport,"Andakombe, Papua New Guinea",UTC+10:00
ADD,HAAB,Bole International Airport,"Addis Ababa, Ethiopia",UTC+03:00
ADE,OYAA,Aden International Airport,"Aden, Yemen",UTC+03:00
ADF,LTCP,Adıyaman Airport,"Adıyaman, Turkey",UTC+03:00
ADG,KADG,Lenawee County Airport,"Adrian, Michigan, United States",UTC−05:00
ADH,UEEA,Aldan Airport,"Aldan, Yakutia, Russia",UTC+09:00
ADI,FYAR,Arandis Airport,"Arandis, Namibia",UTC+01:00
ADJ,OJAM,Amman Civil Airport (Marka International Airport),"Amman, Jordan",UTC+02:00
ADK,PADK,Adak Airport,"Adak Island, Alaska, United States",UTC−10:00
ADL,YPAD,Adelaide Airport,"Adelaide, South Australia, Australia",UTC+09:30
ADM,KADM,Ardmore Municipal Airport,"Ardmore, Oklahoma, United States",UTC−06:00
ADN,SKAN,Andes Airport,"Andes, Colombia",UTC−05:00
ADO,YAMK,Andamooka Airport,"Andamooka, South Australia, Australia",UTC+09:30
ADP,VCCG,Ampara Airport,"Ampara, Sri Lanka",UTC+05:30
ADQ,PADQ,Kodiak Airport,"Kodiak, Alaska, United States",UTC−09:00
ADR,KPHH,Robert F. Swinnie Airport (FAA: PHH),"Andrews, South Carolina, United States",UTC−05:00
ADS,KADS,Addison Airport,"Dallas, Texas, United States",UTC−06:00
ADT,KADH,Ada Municipal Airport (FAA: ADH),"Ada, Oklahoma, United States",UTC−06:00
ADU,OITL,Ardabil Airport,"Ardabil, Iran",UTC+03:30
ADV,,Ed Daein Airport,"Ed Daein, Sudan",UTC+03:00
ADW,KADW,Andrews Field (Andrews Air Force Base),"Camp Springs, Maryland, United States",UTC−05:00
ADX,EGQL,Leuchars Station (formerly RAF Leuchars),"St Andrews, Scotland, United Kingdom",UTC+00:00
ADY,FAAL,Alldays Airport,"Alldays, South Africa",UTC+02:00
ADZ,SKSP,Gustavo Rojas Pinilla International Airport,"San Andres Island, Colombia",UTC−05:00
AEA,NGTB,Abemama Atoll Airport,"Abemama Atoll, Kiribati",UTC+12:00
AEB,ZGBS,Baise Bama Airport,"Baise, Guangxi, China",UTC+08:00
AEE,,Adareil Airport[1],"Adareil, South Sudan",UTC+03:00
AEG,WIME,Aek Godang Airport,"Padang Sidempuan, Indonesia",UTC+07:00
AEH,FTTC,Abéché Airport,"Abéché, Chad",UTC+01:00
AEK,AYAX,Aseki Airport,"Aseki, Papua New Guinea",UTC+10:00
AEL,KAEL,Albert Lea Municipal Airport,"Albert Lea, Minnesota, United States",UTC−06:00
AEM,UHTG,Amgu Airport,"Amgu, Primorsky Krai, Russia",UTC+10:00
AEO,GQNA,Aioun el Atrouss Airport,"Aioun el Atrouss, Mauritania",UTC+00:00
AEP,SABE,Jorge Newbery Airpark,"Buenos Aires, Argentina",UTC−03:00
AEQ,,Ar Horqin Airport,"Ar Horqin Banner, China",UTC+08:00
AER,URSS,Sochi International Airport,"Sochi, Krasnodar Krai, Russia",UTC+03:00
AES,ENAL,"Ålesund Airport, Vigra","Ålesund, Norway",UTC+01:00
AET,PFAL,Allakaket Airport (FAA: 6A8),"Allakaket, Alaska, United States",UTC−09:00
AEU,OIBA,Abu Musa Airport[1],"Abu Musa Island, Iran",UTC+03:30
AEX,KAEX,Alexandria International Airport,"Alexandria, Louisiana, United States",UTC−06:00
AEY,BIAR,Akureyri Airport,"Akureyri, Iceland",UTC+00:00
AFA,SAMR,San Rafael Airport,"San Rafael, Mendoza, Argentina",UTC−03:00
AFD,FAPA,Port Alfred Airport,"Port Alfred, South Africa",UTC+02:00
AFF,KAFF,United States Air Force Academy Airfield,"Colorado Springs, Colorado, United States",UTC−07:00
AFI,SKAM,Amalfi Airport,"Amalfi, Colombia",UTC−05:00
AFK,,Kondavattavan Tank Seaplane Base[1],"Ampara, Sri Lanka",UTC+05:30
AFL,SBAT,Alta Floresta Airport,"Alta Floresta, Mato Grosso, Brazil",UTC−04:00
AFN,KAFN,Jaffrey Airport–Silver Ranch,"Jaffrey, New Hampshire, United States",UTC−05:00
AFO,KAFO,Afton Municipal Airport,"Afton, Wyoming, United States",UTC−07:00
AFR,AYAF,Afore Airstrip,"Afore, Papua New Guinea",UTC+10:00
AFS,UTSN,Zarafshan Airport,"Zarafshan, Uzbekistan",UTC+05:00
AFT,AGAF,Afutara Airport,"Afutara, Malaita, Solomon Islands",UTC+11:00
AFW,KAFW,Fort Worth Alliance Airport,"Fort Worth, Texas, United States",UTC−06:00
AFY,LTAH,Afyon Airport,"Afyon, Turkey",UTC+03:00
AFZ,OIMS,Sabzevar Airport[1],"Sabzevar, Iran",UTC+03:30
AGA,GMAD,Agadir–Al Massira Airport,"Agadir, Morocco",UTC+00:00
AGB,EDMA,Augsburg Airport,"Augsburg, Bavaria, Germany",UTC+01:00
AGC,KAGC,Allegheny County Airport,"Pittsburgh, Pennsylvania, United States",UTC−05:00
AGD,WASG,Anggi Airport,"Anggi, Indonesia",UTC+09:00
AGE,EDWG,Wangerooge Airfield,"Wangerooge, Lower Saxony, Germany",UTC+01:00
AGF,LFBA,Agen La Garenne Airport,"Agen, Aquitaine, France",UTC+01:00
AGG,,Angoram Airport,"Angoram, Papua New Guinea",UTC+10:00
AGH,ESTA,Ängelholm–Helsingborg Airport (former ICAO: ESDB),"Ängelholm, Sweden",UTC+01:00
AGI,SMWA,Wageningen Airstrip,"Wageningen, Suriname",UTC−03:00
AGJ,RORA,Aguni Airport,"Aguni, Okinawa, Japan",UTC+09:00
AGK,,Kagua Airport,"Kagua, Papua New Guinea",UTC+10:00
AGL,AYWG,Wanigela Airport,"Wanigela, Papua New Guinea",UTC+10:00
AGN,PAGN,Angoon Seaplane Base,"Angoon, Alaska, United States",UTC−09:00
AGO,KAGO,Magnolia Municipal Airport,"Magnolia, Arkansas, United States",UTC−06:00
AGP,LEMG,Málaga Airport,"Málaga, Andalusia, Spain",UTC+01:00
AGQ,LGAG,Agrinion Airport,"Agrinion, Greece",UTC+02:00
AGR,VIAG,Agra Airport,"Agra, Uttar Pradesh, India",UTC+05:30
AGS,KAGS,Augusta Regional Airport at Bush Field,"Augusta, Georgia, United States",UTC−05:00
AGT,SGES,Guaraní International Airport,"Ciudad del Este, Paraguay",UTC−04:00
AGU,MMAS,Lic. Jesús Terán Peredo International Airport,"Aguascalientes, Aguascalientes, Mexico",UTC−06:00
AGV,SVAC,Oswaldo Guevara Mujica Airport,"Acarigua, Venezuela",UTC−04:00
AGW,,Agnew Airport,"Agnew, Queensland, Australia",UTC+10:00
AGX,VOAT,Agatti Aerodrome,"Agatti Island, Lakshadweep, India",UTC+05:30
AGZ,FAAG,Aggeneys Airport,"Aggeneys, South Africa",UTC+02:00
AHB,OEAB,Abha Regional Airport,"Abha, Saudi Arabia",UTC+03:00
AHC,KAHC,Amedee Army Airfield,"Herlong, California, United States",UTC−08:00
AHD,,Ardmore Downtown Executive Airport (FAA: 1F0),"Ardmore, Oklahoma, United States",UTC−06:00
AHE,NTHE,Ahe Airport,"Ahe, Tuamotus, French Polynesia",UTC−10:00
AHF,,Arapahoe Municipal Airport (FAA: 37V),"Arapahoe, Nebraska, United States",UTC−06:00
AHH,KAHH,Amery Municipal Airport,"Amery, Wisconsin, United States",UTC−06:00
AHI,WAPA,Amahai Airport,"Amahai, Indonesia",UTC+09:00
AHJ,ZUHY,Hongyuan Airport,"Hongyuan, Sichuan, China",UTC+08:00
AHL,SYAH,Aishalton Airport,"Aishalton, Guyana",UTC−04:00
AHM,,Ashland Municipal Airport[1] (FAA: S03),"Ashland, Oregon, United States",UTC−08:00
AHN,KAHN,Athens Ben Epps Airport,"Athens, Georgia, United States",UTC−05:00
AHO,LIEA,Alghero-Fertilia Airport,"Alghero, Sardinia, Italy",UTC+01:00
AHS,MHAH,Ahuas Airport,"Ahuas, Honduras",UTC−06:00
AHU,GMTA,Cherif Al Idrissi Airport,"Al Hoceima, Morocco",UTC+00:00
AHW,,Saih Rawl Airport[1],"Saih Rawl, Oman",UTC+04:00
AHY,,Ambatolahy Airport,"Ambatolahy, Madagascar",UTC+03:00
AHZ,LFHU,Alpe d'Huez Airport,"Alpe d'Huez, Rhône-Alpes, France",UTC+01:00
AIA,KAIA,Alliance Municipal Airport,"Alliance, Nebraska, United States",UTC−07:00
AIC,,Ailinglaplap Airok Airport,"Airok, Ailinglaplap Atoll, Marshall Islands",UTC+12:00
AID,KAID,Anderson Municipal Airport (Darlington Field),"Anderson, Indiana, United States",UTC−05:00
AIE,AYAO,Aiome Airport,"Aiome, Papua New Guinea",UTC+10:00
AIF,SNAX,Assis Airport (former ICAO: SBAS),"Assis, São Paulo, Brazil",UTC−03:00
AIG,FEFY,Yalinga Airport,"Yalinga, Central African Republic",UTC+01:00
AIH,AYAK,Aiambak Airport,"Aiambak, Papua New Guinea",UTC+10:00
AII,HDAS,Ali-Sabieh Airport,"Ali Sabieh, Djibouti",UTC+03:00
AIK,KAIK,Aiken Municipal Airport,"Aiken, South Carolina, United States",UTC−05:00
AIL,,Ailigandí Airport,"Ailigandí, Panama",UTC−05:00
AIM,,Ailuk Airport,"Ailuk Atoll, Marshall Islands",UTC+12:00
AIN,PAWI,Wainwright Airport (FAA: AWI),"Fort Wainwright, Alaska, United States",UTC−09:00
AIO,KAIO,Atlantic Municipal Airport,"Atlantic, Iowa, United States",UTC−06:00
AIP,VIAX,Adampur Airport,"Jalandhar, Punjab, India",UTC+05:30
AIR,SSOU,Aripuanã Airport,"Aripuanã, Mato Grosso, Brazil",UTC−04:00
AIS,NGTR,Arorae Island Airport,"Arorae Island, Kiribati",UTC+12:00
AIT,NCAI,Aitutaki Airport,"Aitutaki, Cook Islands",UTC−10:00
AIU,NCAT,Enua Airport,"Atiu Island, Cook Islands",UTC−10:00
AIV,KAIV,George Downer Airport,"Aliceville, Alabama, United States",UTC−06:00
AIW,,Ai-Ais Airport,"Ai-Ais, Namibia",UTC+02:00
AIZ,KAIZ,Lee C. Fine Memorial Airport,"Lake Ozark, Missouri, United States",UTC−06:00
AJA,LFKJ,Ajaccio Napoleon Bonaparte Airport,"Ajaccio, Corsica, France",UTC+01:00
AJF,OESK,Al-Jawf Domestic Airport,"Sakakah, Al Jawf, Saudi Arabia",UTC+03:00
AJI,LTCO,Ağrı Airport,"Ağrı, Turkey",UTC+03:00
AJJ,GQNJ,Akjoujt Airport,"Akjoujt, Mauritania",UTC+00:00
AJK,OIHR,Arak Airport[1],"Arak, Iran",UTC+03:30
AJL,VELP[2],Lengpui Airport,"Aizawl, Mizoram, India",UTC+05:30
AJN,FMCV,Ouani Airport,"Anjouan, Comoros",UTC+03:00
AJR,ESNX,Arvidsjaur Airport,"Arvidsjaur, Sweden",UTC+01:00
AJS,MX86,Punta Abreojos Airstrip,"Punta Abreojos, Baja California Sur, Mexico",UTC−07:00
AJU,SBAR,Santa Maria Airport,"Aracaju, Sergipe, Brazil",UTC−03:00
AJY,DRZA,Mano Dayak International Airport,"Agadez, Niger",UTC+01:00
AKA,ZLAK,Ankang Wulipu Airport,"Ankang, Shaanxi, China",UTC+08:00
AKB,PAAK,Atka Airport (FAA: AKA),"Atka, Alaska, United States",UTC−10:00
AKC,KAKR,Akron Fulton International Airport (FAA: AKR),"Akron, Ohio, United States",UTC−05:00
AKD,VAAK,Akola Airport,"Akola, Maharashtra, India",UTC+05:30
AKE,FOGA,Akieni Airport,"Akiéni, Gabon",UTC+01:00
AKF,HLKF,Kufra Airport,"Kufra, Libya",UTC+02:00
AKG,AYGU,Anguganak Airport,"Anguganak, Papua New Guinea",UTC+10:00
AKH,OEPS,Prince Sultan Air Base,"Al-Kharj, Saudi Arabia",UTC+03:00
AKI,PFAK,Akiak Airport,"Akiak, Alaska, United States",UTC−09:00
AKJ,RJEC,Asahikawa Airport,"Asahikawa, Hokkaido, Japan",UTC+09:00
AKK,PAKH,Akhiok Airport,"Akhiok, Alaska, United States",UTC−09:00
AKL,NZAA,Auckland Airport,"Auckland, New Zealand",UTC+12:00
AKM,,Zakouma Airport,"Zakouma National Park, Chad",UTC+01:00
AKN,PAKN,King Salmon Airport,"King Salmon, Alaska, United States",UTC−09:00
AKO,KAKO,Colorado Plains Regional Airport,"Akron, Colorado, United States",UTC−07:00
AKP,PAKP,Anaktuvuk Pass Airport,"Anaktuvuk Pass, Alaska, United States",UTC−09:00
AKQ,WIAG,Gunung Batin Airport,"Astraksetra, Indonesia",UTC+07:00
AKR,DNAK,Akure Airport,"Akure, Nigeria",UTC+01:00
AKS,AGGA,Auki Gwaunaru'u Airport,"Auki, Malaita, Solomon Islands",UTC+11:00
AKT,LCRA,RAF Akrotiri,"Akrotiri, United Kingdom",UTC+02:00
AKU,ZWAK,Aksu Airport,"Aksu, Xinjiang, China",UTC+08:00
AKV,CYKO,Akulivik Airport,"Akulivik, Quebec, Canada",UTC−05:00
AKW,OIAG,Aghajari Airport[1],"Aghajari, Iran",UTC+03:30
AKX,UATT,Aktobe Airport,"Aktobe, Kazakhstan",UTC+05:00
AKY,VYSW,Sittwe Airport,"Sittwe, Myanmar",UTC+06:30
ALA,UAAA,Almaty International Airport,"Almaty, Kazakhstan",UTC+06:00
ALB,KALB,Albany International Airport,"Albany, New York, United States",UTC−05:00
ALC,LEAL,Alicante–Elche Airport,"Alicante, Valencia, Spain",UTC+01:00
ALD,SPAR,Alerta Airport,"Alerta, Peru",UTC−05:00
ALE,,Alpine–Casparis Municipal Airport (FAA: E38),"Alpine, Texas, United States",UTC−06:00
ALF,ENAT,Alta Airport,"Alta, Norway",UTC+01:00
ALG,DAAG,Houari Boumediene Airport,"Algiers, Algeria",UTC+01:00
ALH,YABA,Albany Airport,"Albany, Western Australia, Australia",UTC+08:00
ALI,KALI,Alice International Airport,"Alice, Texas, United States",UTC−06:00
ALJ,FAAB,Alexander Bay Airport,"Alexander Bay, South Africa",UTC+02:00
ALK,,Asella Airport,"Asella, Ethiopia",UTC+03:00
ALL,LIMG,Albenga Airport,"Albenga, Liguria, Italy",UTC+01:00
ALM,KALM,Alamogordo–White Sands Regional Airport,"Alamogordo, New Mexico, United States",UTC−07:00
ALN,KALN,St. Louis Regional Airport,"Alton, Illinois, United States",UTC−06:00
ALO,KALO,Waterloo Regional Airport,"Waterloo, Iowa, United States",UTC−06:00
ALP,OSAP,Aleppo International Airport,"Aleppo, Syria",UTC+02:00
ALQ,SSLT,Alegrete Airport,"Alegrete, Rio Grande do Sul, Brazil",UTC−03:00
ALR,NZLX,Alexandra Aerodrome,"Alexandra, New Zealand",UTC+12:00
ALS,KALS,San Luis Valley Regional Airport,"Alamosa, Colorado, United States",UTC−07:00
ALT,,Alenquer Airport,"Alenquer, Pará, Brazil",UTC−03:00
ALU,HCMA,Alula Airport,"Alula, Somalia",UTC+03:00
ALW,KALW,Walla Walla Regional Airport,"Walla Walla, Washington, United States",UTC−08:00
ALX,KALX,Thomas C. Russell Field,"Alexander City, Alabama, United States",UTC−06:00
ALY,HEAX,El Nouzha Airport,"Alexandria, Egypt",UTC+02:00
ALZ,,Alitak Seaplane Base,"Lazy Bay, Alaska, United States",UTC−09:00
AMA,KAMA,Rick Husband Amarillo International Airport,"Amarillo, Texas, United States",UTC−06:00
AMB,FMNE,Ambilobe Airport,"Ambilobe, Madagascar",UTC+03:00
AMC,FTTN,Am Timan Airport,"Am Timan, Chad",UTC+01:00
AMD,VAAH,Sardar Vallabhbhai Patel International Airport,"Ahmedabad, Gujarat, India",UTC+05:30
AME,,Alto Molocue Airport,"Alto Molocue, Mozambique",UTC+02:00
AMF,AYAA,Ama Airport,"Ama, Papua New Guinea",UTC+10:00
AMG,,Amboin Airport,"Amboin, Papua New Guinea",UTC+10:00
AMH,HAAM,Arba Minch Airport,"Arba Minch, Ethiopia",UTC+03:00
AMI,WADA,Selaparang Airport (closed 2011),"Mataram, Indonesia",
AMJ,SNAR,Almenara Airport,"Almenara, Minas Gerais, Brazil",UTC−03:00
AMK,,Animas Air Park (FAA: 00C),"Durango, Colorado, United States",UTC−07:00
AML,,Puerto Armuelles Airport,"Puerto Armuelles, Panama",UTC−05:00
AMM,OJAI,Queen Alia International Airport,"Amman, Jordan",UTC+02:00
AMN,KAMN,Gratiot Community Airport,"Alma, Michigan, United States",UTC−05:00
AMO,FTTU,Mao Airport,"Mao, Chad",UTC+01:00
AMP,FMSY,Ampanihy Airport,"Ampanihy, Madagascar",UTC+03:00
AMQ,WAPP,Pattimura Airport,"Ambon, Indonesia",UTC+09:00
AMS,EHAM,Amsterdam Airport Schiphol,"Amsterdam, Netherlands",UTC+01:00
AMT,YAMT,Amata Airport,"Amata, South Australia, Australia",UTC+09:30
AMU,AYAM,Amanab Airport,"Amanab, Papua New Guinea",UTC+10:00
AMV,ULDD,Amderma Airport,"Amderma, Nenets Autonomous Okrug, Russia",UTC+03:00
AMW,KAMW,Ames Municipal Airport,"Ames, Iowa, United States",UTC−06:00
AMX,,Ammaroo Airport,"Ammaroo, Northern Territory, Australia",UTC+09:30
AMY,,Ambatomainty Airport,"Ambatomainty, Madagascar",UTC+03:00
AMZ,NZAR,Ardmore Airport,"Ardmore, New Zealand",UTC+12:00
ANA,DNAB,Angama Mara Airport,"Angama Mara, Narok County, Kenya",UTC+03:00
ANB,KANB,Anniston Regional Airport,"Anniston, Alabama, United States",UTC−06:00
ANC,PANC,Ted Stevens Anchorage International Airport,"Anchorage, Alaska, United States",UTC−09:00
AND,KAND,Anderson Regional Airport,"Anderson, South Carolina, United States",UTC−05:00
ANE,LFJR,Angers – Loire Airport,"Angers, Pays de la Loire, France",UTC+01:00
ANF,SCFA,Cerro Moreno International Airport,"Antofagasta, Chile",UTC−04:00
ANG,LFBU,Angoulême – Cognac International Airport,"Angoulême, Poitou-Charentes, France",UTC+01:00
ANI,PANI,Aniak Airport,"Aniak, Alaska, United States",UTC−09:00
ANJ,FCBZ,Zanaga Airport,"Zanaga, Republic of the Congo",UTC+01:00
ANK,LTAD,Etimesgut Air Base,"Ankara, Turkey",UTC+03:00
ANL,,Andulo Airport,"Andulo, Angola",UTC+01:00
ANM,FMNH,Antsirabato Airport,"Antalaha, Madagascar",UTC+03:00
ANN,PANT,Annette Island Airport,"Annette Island, Alaska, United States",UTC−08:00
ANO,FQAG,Angoche Airport,"Angoche, Mozambique",UTC+02:00
ANP,KANP,Lee Airport,"Annapolis, Maryland, United States",UTC−05:00
ANQ,KANQ,Tri-State Steuben County Airport,"Angola, Indiana, United States",UTC−05:00
ANR,EBAW,Antwerp International Airport,"Antwerp, Belgium",UTC+01:00
ANS,SPHY,Andahuaylas Airport,"Andahuaylas, Peru",UTC−05:00
ANU,TAPA,V. C. Bird International Airport,"Antigua, Antigua and Barbuda",UTC−04:00
ANV,PANV,Anvik Airport,"Anvik, Alaska, United States",UTC−09:00
ANW,KANW,Ainsworth Regional Airport,"Ainsworth, Nebraska, United States",UTC−06:00
ANX,ENAN,"Andøya Airport, Andenes","Andenes, Norway",UTC+01:00
ANY,KANY,Anthony Municipal Airport,"Anthony, Kansas, United States",UTC−06:00
ANZ,,Angus Downs Airport,"Angus Downs, Northern Territory, Australia",UTC+09:30
AOA,,Aroa Airport,"Aroa, Papua New Guinea",UTC+10:00
AOB,,Annanberg Airport,"Annanberg, Papua New Guinea",UTC+10:00
AOC,EDAC,Leipzig–Altenburg Airport,"Altenburg, Thuringia, Germany",UTC+01:00
AOD,,Abou-Deïa Airport,"Abou-Deïa, Chad",UTC+01:00
AOE,LTBY,Anadolu Airport,"Eskişehir, Turkey",UTC+03:00
AOG,ZYAS,Anshan Teng'ao Airport,"Anshan, Liaoning, China",UTC+08:00
AOH,KAOH,Lima Allen County Airport,"Lima, Ohio, United States",UTC−05:00
AOI,LIPY,Ancona Falconara Airport,"Ancona, Marche, Italy",UTC+01:00
AOJ,RJSA,Aomori Airport,"Aomori, Honshu, Japan",UTC+09:00
AOK,LGKP,Karpathos Island National Airport,"Karpathos, Greece",UTC+02:00
AOL,SARL,Paso de los Libres Airport,"Paso de los Libres, Corrientes, Argentina",UTC−03:00
AOM,,Adam Airport[1],"Adam, Oman",UTC+04:00
AON,,Arona Airport,"Arona, Papua New Guinea",UTC+10:00
AOO,KAOO,Altoona–Blair County Airport,"Altoona, Pennsylvania, United States",UTC−05:00
AOP,,Alférez FAP Alfredo Vladimir Sara Bauer Airport,"Andoas, Peru",UTC−05:00
AOR,WMKA,Sultan Abdul Halim Airport,"Alor Setar, Kedah, Malaysia",UTC+08:00
AOS,,Amook Bay Seaplane Base (FAA: AK81),"Amook Bay, Alaska, United States",UTC−09:00
AOT,LIMW,Aosta Valley Airport,"Aosta, Aosta Valley, Italy",UTC+01:00
AOU,VLAP,Attapeu International Airport,"Attapeu, Laos",UTC+07:00
APA,KAPA,Centennial Airport,"Denver, Colorado, United States",UTC−07:00
APB,SLAP,Apolo Airport,"Apolo, Bolivia",UTC−04:00
APC,KAPC,Napa County Airport,"Napa, California, United States",UTC−08:00
APF,KAPF,Naples Municipal Airport,"Naples, Florida, United States",UTC−05:00
APG,KAPG,Phillips Army Airfield,"Aberdeen Proving Ground, Maryland, United States",UTC−05:00
APH,KAPH,A.P. Hill Army Airfield,"Fort Walker, Virginia, United States",UTC−05:00
API,SKAP,Captain Luis F. Gómez Niño Air Base,"Apiay, Colombia",UTC−05:00
APK,NTGD,Apataki Airport,"Apataki, Tuamotus, French Polynesia",UTC−10:00
APL,FQNP,Nampula Airport,"Nampula, Mozambique",UTC+02:00
APN,KAPN,Alpena County Regional Airport,"Alpena, Michigan, United States",UTC−05:00
APO,SKLC,Antonio Roldán Betancourt Airport,"Apartadó, Colombia",UTC−05:00
APP,,Asapa Airport,"Asapa, Papua New Guinea",UTC+10:00
APQ,SNAL,Arapiraca Airport,"Arapiraca, Alagoas, Brazil",UTC−03:00
APR,AYPE,April River Airport,"April River, Papua New Guinea",UTC+10:00
APS,SWNS,Anápolis Airport,"Anápolis, Goiás, Brazil",UTC−03:00
APT,KAPT,Marion County Airport (Brown Field),"Jasper, Tennessee, United States",UTC−06:00
APU,SSAP,Apucarana Airport,"Apucarana, Paraná, Brazil",UTC−03:00
APV,KAPV,Apple Valley Airport,"Apple Valley, California, United States",UTC−08:00
APW,NSFA,Faleolo International Airport,"Apia, Upolu Island, Samoa",UTC+13:00
APX,SSOG,Arapongas Airport,"Arapongas, Paraná, Brazil",UTC−03:00
APY,SNAI,Alto Parnaíba Airport,"Alto Parnaíba, Maranhão, Brazil",UTC−03:00
APZ,SAHZ,Zapala Airport,"Zapala, Neuquén, Argentina",UTC−03:00
AQA,SBAQ,Araraquara Airport,"Araraquara, São Paulo, Brazil",UTC−03:00
AQB,MGQC,Quiché Airport,"Quiché, Guatemala",UTC−06:00
AQG,ZSAQ,Anqing Tianzhushan Airport,"Anqing, Anhui, China",UTC+08:00
AQI,OEPA,Al Qaisumah/Hafr Al Batin Airport,"Qaisumah / Hafar al-Batin, Saudi Arabia",UTC+03:00
AQJ,OJAQ,King Hussein International Airport,"Aqaba, Jordan",UTC+02:00
AQM,,Ariquemes Airport,"Ariquemes, Rondônia, Brazil",UTC−04:00
AQP,SPQU,Rodríguez Ballón International Airport,"Arequipa, Peru",UTC−05:00
AQS,,Saqani Airport,"Saqani, Fiji",UTC+12:00
AQY,,Girdwood Airport[1],"Girdwood, Alaska, United States",UTC−09:00
ARA,KARA,Acadiana Regional Airport,"New Iberia, Louisiana, United States",UTC−06:00
ARB,KARB,Ann Arbor Municipal Airport,"Ann Arbor, Michigan, United States",UTC−05:00
ARC,PARC,Arctic Village Airport,"Arctic Village, Alaska, United States",UTC−09:00
ARD,WATM,Alor Island Airport,"Alor Island, Indonesia",UTC+08:00
ARE,TJAB,Antonio (Nery) Juarbe Pol Airport (FAA: ABO),"Arecibo, Puerto Rico, United States",UTC−04:00
ARF,,Acaricuara Airport,"Acaricuara, Colombia",UTC−05:00
ARG,KARG,Walnut Ridge Regional Airport,"Walnut Ridge, Arkansas, United States",UTC−06:00
ARH,ULAA,Talagi Airport,"Arkhangelsk, Arkhangelsk Oblast, Russia",UTC+03:00
ARI,SCAR,Chacalluta International Airport,"Arica, Chile",UTC−04:00
ARJ,WAJA,Arso Airport,"Arso, Indonesia",UTC+09:00
ARK,HTAR,Arusha Airport,"Arusha, Tanzania",UTC+03:00
ARL,DFER,Arly Airport,"Arly, Burkina Faso",UTC+00:00
ARM,YARM,Armidale Airport,"Armidale, New South Wales, Australia",UTC+10:00
ARN,ESSA,Stockholm Arlanda Airport,"Stockholm, Sweden",UTC+01:00
ARO,,Arboletes Airport,"Arboletes, Colombia",UTC−05:00
ARP,,Aragip Airport,"Aragip, Papua New Guinea",UTC+10:00
ARQ,SKAT[3],El Troncal Airport,"Arauquita, Colombia",UTC−05:00
ARR,SAVR,Alto Río Senguer Airport,"Alto Río Senguer, Chubut, Argentina",UTC−03:00
ARS,SWEC,Aragarças Airport,"Aragarças, Goiás, Brazil",UTC−03:00
ART,KART,Watertown International Airport,"Watertown, New York, United States",UTC−05:00
ARU,SBAU,Araçatuba Airport,"Araçatuba, São Paulo, Brazil",UTC−03:00
ARV,KARV,Lakeland Airport (Noble F. Lee Memorial Field),"Minocqua / Woodruff, Wisconsin, United States",UTC−06:00
ARW,LRAR,Arad International Airport,"Arad, Romania",UTC+02:00
ARX,SBAC,Aracati Airport,"Aracati, Canoa Quebrada, Brazil",UTC−03:00
ARY,YARA,Ararat Airport,"Ararat, Victoria, Australia",UTC+10:00
ARZ,FNZE,N'zeto Airport,"N'zeto, Angola",UTC+01:00
ASA,HHSB,Assab International Airport,"Assab, Eritrea",UTC+03:00
ASB,UTAA,Ashgabat International Airport,"Ashgabat, Turkmenistan",UTC+05:00
ASC,SLAS,Ascención de Guarayos Airport,"Ascención de Guarayos, Bolivia",UTC−04:00
ASD,MYAF,Andros Town International Airport,"Andros Town, Andros Island, Bahamas",UTC−05:00
ASE,KASE,Aspen–Pitkin County Airport (Sardy Field),"Aspen, Colorado, United States",UTC−07:00
ASF,URWA,Narimanovo Airport,"Astrakhan, Astrakhan Oblast, Russia",UTC+04:00
ASG,NZAS,Ashburton Aerodrome,"Ashburton, New Zealand",UTC+12:00
ASH,KASH,Nashua Airport (Boire Field),"Nashua, New Hampshire, United States",UTC−05:00
ASI,FHAW,RAF Ascension Island (Wideawake Field),"Ascension Island, British Overseas Territoryof Saint Helena, Ascension and Tristan da Cunha",UTC+00:00
ASJ,RJKA,Amami Airport,"Amami, Satsunan Islands, Japan",UTC+09:00
ASK,DIYO,Yamoussoukro Airport,"Yamoussoukro, Côte d'Ivoire",UTC+00:00
ASL,KASL,Harrison County Airport,"Marshall, Texas, United States",UTC−06:00
ASM,HHAS,Asmara International Airport,"Asmara, Eritrea",UTC+03:00
ASN,KASN,Talladega Municipal Airport,"Talladega, Alabama, United States",UTC−06:00
ASO,HASO,Asosa Airport,"Asosa, Ethiopia",UTC+03:00
ASP,YBAS,Alice Springs Airport,"Alice Springs, Northern Territory, Australia",UTC+09:30
ASQ,,Austin Airport (FAA: 9U3),"Austin, Nevada, United States",UTC−08:00
ASR,LTAU,Erkilet International Airport,"Kayseri, Turkey",UTC+03:00
AST,KAST,Astoria Regional Airport,"Astoria, Oregon, United States",UTC−08:00
ASU,SGAS,Silvio Pettirossi International Airport,"Asunción, Paraguay",UTC−04:00
ASV,HKAM,Amboseli Airport,"Amboseli, Kenya",UTC+03:00
ASW,HESN,Aswan International Airport,"Aswan, Egypt",UTC+02:00
ASX,KASX,John F. Kennedy Memorial Airport,"Ashland, Wisconsin, United States",UTC−06:00
ASY,KASY,Ashley Municipal Airport,"Ashley, North Dakota, United States",UTC−06:00
ASZ,,Asirim Airport,"Asirim, Papua New Guinea",UTC+10:00
ATA,SPHZ,Comandante FAP Germán Arias Graziani Airport,"Huaraz, Peru",UTC−05:00
ATB,HSAT,Atbara Airport,"Atbara, Sudan",UTC+03:00
ATC,MYCA,Arthur's Town Airport,"Arthur's Town, Cat Island, Bahamas",UTC−05:00
ATD,AGAT,Uru Harbour Airport,"Atoifi, Malaita, Solomon Islands",UTC+11:00
ATE,,Antlers Municipal Airport (FAA: 80F),"Antlers, Oklahoma, United States",UTC−06:00
ATF,SEAM,Chachoan Airport,"Ambato, Ecuador",UTC−05:00
ATG,,PAF Base Minhas,"Attock, Pakistan",UTC+05:00
ATH,LGAV,Athens International Airport (Eleftherios Venizelos Airport),"Athens, Greece",UTC+02:00
ATI,SUAG,Artigas International Airport,"Artigas, Uruguay",UTC−03:00
ATJ,FMME,Antsirabe Airport,"Antsirabe, Madagascar",UTC+03:00
ATK,PATQ,Atqasuk Edward Burnell Sr. Memorial Airport,"Atqasuk, Alaska, United States",UTC−09:00
ATL,KATL,Hartsfield–Jackson Atlanta International Airport,"Atlanta, Georgia, United States",UTC−05:00
ATM,SBHT,Altamira Airport,"Altamira, Pará, Brazil",UTC−03:00
ATN,AYNX,Namatanai Airport,"Namatanai, Papua New Guinea",UTC+10:00
ATO,KUNI,Ohio University Airport (Snyder Field) (FAA: UNI),"Athens / Albany, Ohio, United States",UTC−05:00
ATP,AYAI,Aitape Airstrip,"Aitape, Papua New Guinea",UTC+10:00
ATQ,VIAR,Sri Guru Ram Dass Jee International Airport,"Amritsar, Punjab, India",UTC+05:30
ATR,GQPA,Atar International Airport,"Atar, Mauritania",UTC+00:00
ATS,KATS,Artesia Municipal Airport,"Artesia, New Mexico, United States",UTC−07:00
ATT,,Atmautluak Airport (FAA: 4A2),"Atmautluak, Alaska, United States",UTC−09:00
ATU,PAAT,Casco Cove Coast Guard Station,"Attu Island, Alaska, United States",UTC−10:00
ATV,FTTI,Ati Airport,"Ati, Chad",UTC+01:00
ATW,KATW,Appleton International Airport,"Appleton, Wisconsin, United States",UTC−06:00
ATX,,Atbasar Airport,"Atbasar, Kazakhstan",UTC+06:00
ATY,KATY,Watertown Regional Airport,"Watertown, South Dakota, United States",UTC−06:00
ATZ,HEAT,Assiut Airport,"Assiut, Egypt",UTC+02:00
AUA,TNCA,Queen Beatrix International Airport,"Aruba, Kingdom of the Netherlands",UTC−04:00
AUC,SKUC,Santiago Pérez Quiroz Airport,"Arauca, Colombia",UTC−05:00
AUD,YAGD,Augustus Downs Airport,"Augustus Downs Station, Queensland, Australia",UTC+10:00
AUE,,Abu Rudeis Airport,"Abou Redis, Egypt",UTC+02:00
AUF,LFLA,Auxerre – Branches Aerodrome,"Auxerre, Burgundy, France",UTC+01:00
AUG,KAUG,Augusta State Airport,"Augusta, Maine, United States",UTC−05:00
AUH,OMAA,Abu Dhabi International Airport,"Abu Dhabi, United Arab Emirates",UTC+04:00
AUI,AYND,Aua Island Airport,"Aua Island, Papua New Guinea",UTC+10:00
AUJ,AYAT,Ambunti Airport,"Ambunti, Papua New Guinea",UTC+10:00
AUK,,Alakanuk Airport,"Alakanuk, Alaska, United States",UTC−09:00
AUL,,Aur Airport,"Aur Atoll, Marshall Islands",UTC+12:00
AUM,KAUM,Austin Municipal Airport,"Austin, Minnesota, United States",UTC−06:00
AUN,KAUN,Auburn Municipal Airport,"Auburn, California, United States",UTC−08:00
AUO,KAUO,Auburn University Regional Airport,"Auburn, Alabama, United States",UTC−06:00
AUP,AYAG,Agaun Airport,"Agaun, Papua New Guinea",UTC+10:00
AUQ,NTMN,Atuona Airport,"Atuona, Marquesas Islands, French Polynesia",UTC−09:30
AUR,LFLW,Aurillac – Tronquières Airport,"Aurillac, Auvergne, France",UTC+01:00
AUS,KAUS,Austin–Bergstrom International Airport,"Austin, Texas, United States",UTC−06:00
AUT,WPAT,Atauro Airport,"Atauro Island, East Timor",UTC+09:00
AUU,YAUR,Aurukun Airport,"Aurukun, Queensland, Australia",UTC+10:00
AUV,AYUM,Aumo Airport,"Aumo, Papua New Guinea",UTC+10:00
AUW,KAUW,Wausau Downtown Airport,"Wausau, Wisconsin, United States",UTC−06:00
AUX,SWGN,Araguaína Airport,"Araguaína, Tocantins, Brazil",UTC−03:00
AUY,NVVA,Anatom Airport,"Anatom Island, Tafea, Vanuatu",UTC+11:00
AUZ,KARR,Aurora Municipal Airport (FAA: ARR),"Aurora, Illinois, United States",UTC−06:00
AVA,ZUAS,Anshun Huangguoshu Airport,"Anshun, Guizhou, China",UTC+08:00
AVB,LIPA,Aviano Air Base,"Aviano, Pordenone, Italy",UTC+01:00
AVG,YAUV,Auvergne Airport,"Auvergne Station, Northern Territory, Australia",UTC+09:30
AVI,MUCA,Máximo Gómez Airport,"Ciego de Ávila, Cuba",UTC−05:00
AVK,ZMAH,Arvaikheer Airport,"Arvaikheer, Mongolia",UTC+08:00
AVL,KAVL,Asheville Regional Airport,"Asheville, North Carolina, United States",UTC−05:00
AVN,LFMV,Avignon – Provence Airport,"Avignon, Provence-Alpes-Côte d'Azur, France",UTC+01:00
AVO,KAVO,Avon Park Executive Airport,"Avon Park, Florida, United States",UTC−05:00
AVP,KAVP,Wilkes-Barre/Scranton International Airport,"Wilkes-Barre / Scranton, Pennsylvania, United States",UTC−05:00
AVU,AGGJ,Avu Avu Airport,"Avu Avu, Guadalcanal, Solomon Islands",UTC+11:00
AVV,YMAV,Avalon Airport,"Avalon, Victoria, Australia",UTC+10:00
AVW,KAVQ,Marana Regional Airport (FAA: AVQ),"Tucson, Arizona, United States",UTC−07:00
AVX,KAVX,Catalina Airport,"Avalon, California, United States",UTC−08:00
AWA,HALA,Awasa Airport,"Awasa, Ethiopia",UTC+03:00
AWB,AYAW,Awaba Airport,"Awaba, Papua New Guinea",UTC+10:00
AWD,NVVB,Aniwa Airport,"Aniwa Island, Tafea, Vanuatu",UTC+11:00
AWE,,Alowe Airport,"Alowe, Gabon",UTC+01:00
AWK,PWAK,Wake Island Airfield,"Wake Island, United States Minor Outlying Islands",UTC+12:00
AWM,KAWM,West Memphis Municipal Airport,"West Memphis, Arkansas, United States",UTC−06:00
AWN,,Alton Downs Airport,"Alton Downs, South Australia, Australia",UTC+09:30
AWP,,Austral Downs Airport,"Austral Downs, Northern Territory, Australia",UTC+09:30
AWR,,Awar Airport,"Awar, Papua New Guinea",UTC+10:00
AWZ,OIAW,Ahvaz International Airport,"Ahvaz, Iran",UTC+03:30
AXA,TQPF,Clayton J. Lloyd International Airport,"The Valley, British Overseas Territory of Anguilla",UTC−04:00
AXB,,Maxson Airfield (FAA: 89N),"Alexandria Bay, New York, United States",UTC−05:00
AXC,YAMC,Aramac Airport,"Aramac, Queensland, Australia",UTC+10:00
AXD,LGAL,Alexandroupoli Airport (Dimokritos Airport),"Alexandroupoli, Greece",UTC+02:00
AXE,,Xanxere Airport,"Xanxerê, Santa Catarina, Brazil",UTC−03:00
AXF,,Alxa Left Banner Bayanhot Airport,"Alxa Left Banner, Inner Mongolia, China",UTC+08:00
AXG,KAXA,Algona Municipal Airport (FAA: AXA),"Algona, Iowa, United States",UTC−06:00
AXJ,RJDA,Amakusa Airfield[1],"Amakusa, Amakusa Islands, Japan",UTC+09:00
AXK,OYAT,Ataq Airport,"Ataq, Yemen",UTC+03:00
AXL,,Alexandria Airport,"Alexandria Station, Northern Territory, Australia",UTC+09:30
AXM,SKAR,El Edén International Airport,"Armenia, Colombia",UTC−05:00
AXN,KAXN,Alexandria Municipal Airport (Chandler Field),"Alexandria, Minnesota, United States",UTC−06:00
AXP,MYAP,Spring Point Airport,"Spring Point, Acklins Island, Bahamas",UTC−05:00
AXR,NTGU,Arutua Airport,"Arutua, Tuamotus, French Polynesia",UTC−10:00
AXS,KAXS,Altus/Quartz Mountain Regional Airport,"Altus, Oklahoma, United States",UTC−06:00
AXT,RJSK,Akita Airport,"Akita, Honshu, Japan",UTC+09:00
AXU,HAAX,Axum Airport,"Axum, Ethiopia",UTC+03:00
AXV,KAXV,Neil Armstrong Airport,"Wapakoneta, Ohio, United States",UTC−05:00
AXX,KAXX,Angel Fire Airport,"Angel Fire, New Mexico, United States",UTC−07:00
AYA,,Ayapel Airport,"Ayapel, Colombia",UTC−05:00
AYC,,Ayacucho Airport,"Ayacucho, Colombia",UTC−05:00
AYD,,Alroy Downs Airport,"Alroy Downs, Northern Territory, Australia",UTC+09:30
AYG,SKYA,Yaguara Airport,"Yaguara, Colombia",UTC−05:00
AYI,,Yari Airport,"Yari, Colombia",UTC−05:00
AYK,UAUR,Arkalyk Airport,"Arkalyk, Kazakhstan",UTC+06:00
AYL,,Anthony Lagoon Airport,"Anthony Lagoon, Northern Territory, Australia",UTC+09:30
AYM,,Yas Island Seaplane Base[1],"Yas Island, Abu Dhabi, United Arab Emirates",UTC+04:00
AYN,ZHAY,Anyang Airport,"Anyang, Henan, China",UTC+08:00
AYO,SGAY,Juan de Ayolas Airport,"Ayolas, Paraguay",UTC−04:00
AYP,SPHO,Coronel FAP Alfredo Mendívil Duarte Airport,"Ayacucho, Peru",UTC−05:00
AYQ,YAYE,Ayers Rock Airport,"Yulara, Northern Territory, Australia",UTC+09:30
AYR,YAYR,Ayr Airport,"Ayr, Queensland, Australia",UTC+10:00
AYS,KAYS,Waycross–Ware County Airport,"Waycross, Georgia, United States",UTC−05:00
AYT,LTAI,Antalya Airport,"Antalya, Turkey",UTC+03:00
AYU,AYAY,Aiyura Airport,"Aiyura, Papua New Guinea",UTC+10:00
AYW,WASA,Ayawasi Airport,"Ayawasi, West Papua, Indonesia",UTC+08:00
AYX,SPAY,Tnte. Gral. Gerardo Pérez Pinedo Airport,"Atalaya Province, Department of Ucayali, Peru",UTC−05:00
AYY,,Arugam Bay Seaplane Base[1],"Pottuvil, Sri Lanka",UTC+05:30
AZA,KIWA,Phoenix–Mesa Gateway Airport (FAA: IWA),"Phoenix, Arizona, United States",UTC−07:00
AZB,,Amazon Bay Airport,"Amazon Bay, Papua New Guinea",UTC+10:00
AZD,OIYY,Shahid Sadooghi Airport,"Yazd, Iran",UTC+03:30
AZG,,Pablo L. Sidar Airport,"Apatzingán, Michoacán, Mexico",UTC−06:00
AZI,OMAD,Al Bateen Executive Airport,"Abu Dhabi, United Arab Emirates",UTC+04:00
AZL,SWTU[4],Fazenda Tucunaré Airport[1],"Sapezal, Mato Grosso, Brazil",UTC−04:00
AZN,UTFA,Andizhan Airport,"Andizhan, Uzbekistan",UTC+05:00
AZO,KAZO,Kalamazoo/Battle Creek International Airport,"Kalamazoo, Michigan, United States",UTC−05:00
AZP,MMJC,Jorge Jiménez Cantú National Airport,"Ciudad López Mateos, State of Mexico, Mexico",UTC−06:00
AZR,DAUA,Touat-Cheikh Sidi Mohamed Belkebir Airport,"Adrar, Algeria",UTC+01:00
AZS,MDCY,Samaná El Catey International Airport,"El Catey, Dominican Republic",UTC−04:00
AZT,,Zapatoca Airport,"Zapatoca, Colombia",UTC−05:00
AZZ,FNAM,Ambriz Airport,"Ambriz, Angola",UTC+01:00
BAA,AYBL,Bialla Airport,"Bialla, Papua New Guinea",UTC+10:00
BAB,KBAB,Beale Air Force Base,"Marysville, California, United States",UTC−08:00
BAC,,Barranca de Upia Airport,"Barranca de Upía, Colombia",UTC−05:00
BAD,KBAD,Barksdale Air Force Base,"Bossier City, Louisiana, United States",UTC−06:00
BAE,LFMR,Barcelonnette – Saint-Pons Airport,"Barcelonnette, Alpes-de-Haute-Provence, France",UTC+01:00
BAF,KBAF,Westfield-Barnes Regional Airport,"Westfield / Springfield, Massachusetts, United States",UTC−05:00
BAG,RPUB,Loakan Airport,"Baguio, Philippines",UTC+08:00
BAH,OBBI,Bahrain International Airport,"Manama, Bahrain",UTC+03:00
BAI,MRBA,Buenos Aires Airport,"Buenos Aires, Costa Rica",UTC−06:00
BAJ,,Bali Airport,"Bali, Papua New Guinea",UTC+10:00
BAK[1],,metropolitan area2,"Baku, Azerbaijan",UTC+04:00
BAL,LTCJ,Batman Airport,"Batman, Turkey",UTC+03:00
BAM,KBAM,Battle Mountain Airport (Lander County Airport),"Battle Mountain, Nevada, United States",UTC−08:00
BAN,FZVR,Basongo Airport,"Basongo, Democratic Republic of the Congo",UTC+02:00
BAP,,Baibara Airport,"Baibara, Papua New Guinea",UTC+10:00
BAQ,SKBQ,Ernesto Cortissoz International Airport,"Barranquilla, Colombia",UTC−05:00
BAR,,Qionghai Bo'ao Airport,"Qionghai, Hainan, China",UTC+08:00
BAS,AGGE,Balalae Airport,"Balalae Island, Western, Solomon Islands",UTC+11:00
BAT,SBBT,Chafei Amsei Airport,"Barretos, São Paulo, Brazil",UTC−03:00
BAV,ZBOW,Baotou Airport,"Baotou, Inner Mongolia, China",UTC+08:00
BAW,,Biawonque Airport,"Biawonque, Gabon",UTC+01:00
BAX,UNBB,Barnaul Airport,"Barnaul, Altai Krai, Russia",UTC+07:00
BAY,LRBM,Baia Mare Airport,"Baia Mare, Romania",UTC+02:00
BAZ,SWBC,Barcelos Airport,"Barcelos, Amazonas, Brazil",UTC−04:00
BBA,SCBA,Balmaceda Airport,"Balmaceda, Chile",UTC−04:00
BBB,KBBB,Benson Municipal Airport,"Benson, Minnesota, United States",UTC−06:00
BBC,KBYY,Bay City Municipal Airport (FAA: BYY),"Bay City, Texas, United States",UTC−06:00
BBD,KBBD,Curtis Field,"Brady, Texas, United States",UTC−06:00
BBG,NGTU,Butaritari Atoll Airport,"Butaritari Atoll, Kiribati",UTC+12:00
BBH,EDBH,Stralsund–Barth Airport,"Stralsund / Barth, Mecklenburg-Vorpommern, Germany",UTC+01:00
BBI,VEBS,Biju Patnaik International Airport,"Bhubaneswar, Odisha, India",UTC+05:30
BBJ,EDRB,Bitburg Airport (former Bitburg Air Base),"Bitburg, Rhineland-Palatinate, Germany",UTC+01:00
BBK,FBKE,Kasane Airport,"Kasane, Botswana",UTC+02:00
BBL,YLLE,Ballera Airport,"Ballera gas plant, Queensland, Australia",UTC+10:00
BBM,VDBG,Battambang Airport,"Battambang, Cambodia",UTC+07:00
BBN,WBGZ,Bario Airport,"Bario, Sarawak, Malaysia",UTC+08:00
BBO,HCMI,Berbera Airport,"Berbera, Somalia",UTC+03:00
BBP,EGHJ,Bembridge Airport,"Bembridge, England",UTC±00:00
BBQ,TAPH,Barbuda Codrington Airport,"Barbuda, Antigua and Barbuda",UTC−04:00
BBR,TFFB,Baillif Airport,"Basse-Terre, Guadeloupe",UTC−04:00
BBS,EGLK,Blackbushe Airport,"Yateley, England",UTC±00:00
BBT,FEFT,Berbérati Airport,"Berbérati, Central African Republic",UTC+01:00
BBU,LRBS,Aurel Vlaicu International Airport (Băneasa Airport),"Bucharest, Romania",UTC+02:00
BBV,DIGN,Nero-Mer Airport,"Grand-Béréby, Ivory Coast",UTC±00:00
BBW,KBBW,Broken Bow Municipal Airport,"Broken Bow, Nebraska, United States",UTC−06:00
BBX,KLOM,Wings Field (FAA: LOM),"Philadelphia, Pennsylvania, United States",UTC−05:00
BBY,FEFM,Bambari Airport,"Bambari, Central African Republic",UTC+01:00
BBZ,FLZB,Zambezi Airport,"Zambezi, Zambia",UTC+02:00
BCA,MUBA,Gustavo Rizo Airport,"Baracoa, Cuba",UTC−05:00
BCB,KBCB,Virginia Tech Montgomery Executive Airport,"Blacksburg, Virginia, United States",UTC−05:00
BCC,,Bear Creek 3 Airport (FAA: Z48),"Bear Creek, Alaska, United States",UTC−09:00
BCD,RPVB,Bacolod–Silay International Airport,"Bacolod, Philippines",UTC+08:00
BCE,KBCE,Bryce Canyon Airport,"Bryce Canyon, Utah, United States",UTC−07:00
BCF,FEGU,Bouca Airport,"Bouca, Central African Republic",UTC+01:00
BCG,,Bemichi Airport,"Kumaka, Guyana",UTC−04:00
BCH,WPEC,Baucau Airport,"Baucau, East Timor",UTC+09:00
BCI,YBAR,Barcaldine Airport,"Barcaldine, Queensland, Australia",UTC+10:00
BCK,YBWR,Bolwarra Airport,"Bolwarra, Queensland, Australia",UTC+10:00
BCL,MRBC,Barra del Colorado Airport,"Barra del Colorado, Costa Rica",UTC−06:00
BCM,LRBC,Bacău International Airport,"Bacău, Romania",UTC+02:00
BCN,LEBL,Barcelona–El Prat Airport,"Barcelona, Catalonia, Spain",UTC+01:00
BCO,HABC,Baco Airport (Jinka Airport),"Jinka, Ethiopia",UTC+03:00
BCP,AYBC,Bambu Airport,"Bambu, Papua New Guinea",UTC+10:00
BCQ,,Brak Airport,"Brak, Libya",UTC+02:00
BCR,SWNK,Novo Campo Airport,"Boca do Acre, Amazonas, Brazil",UTC−05:00
BCS,,Southern Seaplane Airport (FAA: 65LA),"Belle Chasse, Louisiana, United States",UTC−06:00
BCT,KBCT,Boca Raton Airport,"Boca Raton, Florida, United States",UTC−05:00
BCU,,Bauchi State Airport,"Bauchi, Nigeria",UTC+01:00
BCV,,Hector Silva Airstrip,"Belmopan, Belize",UTC−06:00
BCW,,Benguerra Island Airport,"Benguerra Island, Mozambique",UTC+02:00
BCX,UWUB,Beloretsk Airport,"Beloretsk, Republic of Bashkortostan, Russia",UTC+05:00
BCY,HABU,Bulchi Airport,"Bulchi, Ethiopia",UTC+03:00
BCZ,,Bickerton Island Airport,"Bickerton Island, Northern Territory, Australia",UTC+09:30
BDA,TXKF,L.F. Wade International Airport,"Hamilton, British Overseas Territory of Bermuda",UTC−04:00
BDB,YBUD,Bundaberg Airport,"Bundaberg, Queensland, Australia",UTC+10:00
BDC,SNBC,Barra do Corda Airport,"Barra do Corda, Maranhão, Brazil",UTC−03:00
BDD,YBAU,Badu Island Airport,"Badu Island, Queensland, Australia",UTC+10:00
BDE,KBDE,Baudette International Airport,"Baudette, Minnesota, United States",UTC−06:00
BDF,,Rinkenberger RLA Airport (FAA: 3IS8),"Bradford, Illinois, United States",UTC−06:00
BDG,KBDG,Blanding Municipal Airport,"Blanding, Utah, United States",UTC−07:00
BDH,OIBL,Bandar Lengeh Airport,"Bandar Lengeh, Iran",UTC+03:30
BDI,FSSB,Bird Island Airport,"Bird Island, Seychelles",UTC+04:00
BDJ,WAOO,Syamsudin Noor Airport,"Banjarmasin, Indonesia",UTC+08:00
BDK,DIBU,Soko Airport,"Bondoukou, Ivory Coast",UTC±00:00
BDL,KBDL,Bradley International Airport,"Windsor Locks / Hartford, Connecticut, United States",UTC−05:00
BDM,LTBG,Bandırma Airport,"Bandırma, Turkey",UTC+03:00
BDN,OPTH,Talhar Airport,"Badin, Pakistan",UTC+05:00
BDO,WICC,Husein Sastranegara International Airport,"Bandung, Indonesia",UTC+07:00
BDP,VNCG,Bhadrapur Airport (Chandragadhi Airport),"Bhadrapur / Chandragadhi, Nepal",UTC+05:45
BDQ,VABO,Vadodara Airport (Civil Airport Harni),"Vadodara, Gujarat, India",UTC+05:30
BDR,KBDR,Igor I. Sikorsky Memorial Airport,"Bridgeport, Connecticut, United States",UTC−05:00
BDS,LIBR,Brindisi – Salento Airport,"Brindisi, Apulia, Italy",UTC+01:00
BDT,FZFD,Gbadolite Airport,"Gbadolite, Democratic Republic of the Congo",UTC+01:00
BDU,ENDU,Bardufoss Airport,"Bardufoss, Norway",UTC+01:00
BDV,FZRB,Moba Airport,"Moba, Democratic Republic of the Congo",UTC+02:00
BDW,YBDF,Bedford Downs Airport,"Bedford Downs, Western Australia, Australia",UTC+08:00
BDX,,Broadus Airport[1],"Broadus, Montana, United States",UTC−07:00
BDY,,Bandon State Airport (FAA: S05),"Bandon, Oregon, United States",UTC−08:00
BDZ,AYBG,Baindoung Airport,"Baindoung, Papua New Guinea",UTC+10:00
BEA,,Bereina Airport,"Bereina, Papua New Guinea",UTC+10:00
BEB,EGPL,Benbecula Airport,"Benbecula, Scotland",UTC±00:00
BEC,KBEC,Beech Factory Airport,"Wichita, Kansas, United States",UTC−06:00
BED,KBED,Laurence G. Hanscom Field,"Bedford, Massachusetts, United States",UTC−05:00
BEE,YBGB,Beagle Bay Airport,"Beagle Bay, Western Australia, Australia",UTC+08:00
BEF,MNBL,Bluefields Airport,"Bluefields, Nicaragua",UTC−06:00
BEG,LYBE,Belgrade Nikola Tesla Airport,"Belgrade, Serbia",UTC+01:00
BEH,KBEH,Southwest Michigan Regional Airport,"Benton Harbor, Michigan, United States",UTC−05:00
BEI,HABE,Beica Airport,"Beica, Ethiopia",UTC+03:00
BEJ,WALK,Kalimarau Airport,"Tanjung Redeb, Indonesia",UTC+08:00
BEK,VIBY,Bareilly Airport,"Bareilly, Uttar Pradesh, India",UTC+05:30
BEL,SBBE,Val de Cans International Airport,"Belém, Pará, Brazil",UTC−03:00
BEM,GMMD,Beni Mellal Airport[1],"Beni Mellal, Morocco",UTC+00:00
BEN,HLLB,Benina International Airport,"Benghazi, Libya",UTC+02:00
BEO,YLMQ[2][3],Lake Macquarie Airport (Belmont Airport),"Newcastle, New South Wales, Australia",UTC+10:00
BEP,VOBI,Bellary Airport,"Bellary, Karnataka, India",UTC+05:30
BEQ,EGXH,RAF Honington,"Bury St Edmunds, England",UTC±00:00
BER,EDDB,Berlin Brandenburg Airport,"Berlin, Germany",UTC+01:00
BES,LFRB,Brest Bretagne Airport,"Brest, Brittany, France",UTC+01:00
BET,PABE,Bethel Airport,"Bethel, Alaska, United States",UTC−09:00
BEU,YBIE,Bedourie Airport,"Bedourie, Queensland, Australia",UTC+10:00
BEV,LLBS,Beersheba Airport,"Beersheba, Israel",UTC+02:00
BEW,FQBR,Beira Airport,"Beira, Mozambique",UTC+02:00
BEX,EGUB,RAF Benson,"Benson, England",UTC±00:00
BEY,OLBA,Beirut–Rafic Hariri International Airport / Beirut Air Base,"Beirut, Lebanon",UTC+02:00
BEZ,NGBR,Beru Island Airport,"Beru Island, Kiribati",UTC+12:00
BFA[1],SGBN[4],Bahía Negra Airport[1],"Bahía Negra, Paraguay",UTC−04:00
BFC,,Bloomfield Airport,"Bloomfield, Queensland, Australia",UTC+10:00
BFD,KBFD,Bradford Regional Airport,"Bradford, Pennsylvania, United States",UTC−05:00
BFE,EDLI,Bielefeld Airport,"Bielefeld, North Rhine-Westphalia, Germany",UTC+01:00
BFF,KBFF,Western Nebraska Regional Airport (William B. Heilig Field),"Scottsbluff, Nebraska, United States",UTC−07:00
BFG,,Bullfrog Basin Airport (FAA: U07),"Glen Canyon, Utah, United States",UTC−07:00
BFH,SBBI,Bacacheri Airport,"Curitiba, Paraná, Brazil",UTC−03:00
BFI,KBFI,Boeing Field/King County International Airport,"Seattle, Washington, United States",UTC−08:00
BFJ,ZUBJ,Bijie Feixiong Airport,"Bijie, Guizhou, China",UTC+08:00
BFK,KBKF,Buckley Space Force Base,"Aurora, Colorado, United States",UTC−07:00
BFL,KBFL,Meadows Field Airport,"Bakersfield, California, United States",UTC−08:00
BFM,KBFM,Mobile Downtown Airport,"Mobile, Alabama, United States",UTC−06:00
BFN,FABL,Bloemfontein Airport,"Bloemfontein, South Africa",UTC+02:00
BFO,FVCZ,Buffalo Range Airport,"Chiredzi, Zimbabwe",UTC+02:00
BFP,KBVI,Beaver County Airport (FAA: BVI),"Beaver Falls, Pennsylvania, United States",UTC−05:00
BFQ,,Bahía Piña Airport,"Puerto Piña, Panama",UTC−05:00
BFR,KBFR,Virgil I. Grissom Municipal Airport,"Bedford, Indiana, United States",UTC−05:00
BFS,EGAA,Belfast International Airport,"Belfast, Northern Ireland",UTC±00:00
BFT,KARW,Beaufort County Airport (FAA: ARW),"Beaufort County, South Carolina, United States",UTC−05:00
BFU,ZSBB,Bengbu Airport,"Bengbu, Anhui, China",UTC+08:00
BFV,VTUO,Buriram Airport,"Buriram, Thailand",UTC+07:00
BFW,DAOS,Sidi Bel Abbès Airport,"Sidi Bel Abbès, Algeria",UTC+01:00
BFX,FKKU,Bafoussam Airport,"Bafoussam, Cameroon",UTC+01:00
BGA,SKBG,Palonegro International Airport,"Bucaramanga, Colombia",UTC−05:00
BGB,FOGB,Booué Airport,"Booué, Gabon",UTC+01:00
BGC,LPBG,Bragança Airport,"Bragança, Portugal",UTC±00:00
BGD,KBGD,Hutchinson County Airport,"Borger, Texas, United States",UTC−06:00
BGE,KBGE,Decatur County Industrial Air Park,"Bainbridge, Georgia, United States",UTC−05:00
BGF,FEFF,Bangui M'Poko International Airport,"Bangui, Central African Republic",UTC+01:00
BGG,LTCU,Bingöl Airport[1],"Bingöl, Turkey",UTC+03:00
BGH,GQNE,Abbaye Airport,"Bogué, Mauritania",UTC±00:00
BGI,TBPB,Grantley Adams International Airport,"Bridgetown, Barbados",UTC−04:00
BGJ,BIBF,Borgarfjörður Eystri Airport,"Borgarfjörður Eystri, Iceland",UTC±00:00
BGK,,Big Creek Airport,"Big Creek, Belize",UTC−06:00
BGL,VNBL,Baglung Airport,"Baglung, Nepal",UTC+05:45
BGM,KBGM,Greater Binghamton Airport (Edwin A. Link Field),"Binghamton, New York, United States",UTC−05:00
BGN,UESG,Belaya Gora Airport,"Belaya Gora, Yakutia, Russia",UTC+11:00
BGO,ENBR,"Bergen Airport, Flesland","Bergen, Norway",UTC+01:00
BGP,,Bongo Airport,"Bongo, Gabon",UTC+01:00
BGQ,PAGQ,Big Lake Airport,"Big Lake, Alaska, United States",UTC−09:00
BGR,KBGR,Bangor International Airport,"Bangor, Maine, United States",UTC−05:00
BGT,,Bagdad Airport (FAA: E51),"Bagdad, Arizona, United States",UTC−07:00
BGU,FEFG,Bangassou Airport,"Bangassou, Central African Republic",UTC+01:00
BGV,SSBG,Bento Gonçalves Airport,"Bento Gonçalves, Rio Grande do Sul, Brazil",UTC−03:00
BGW,ORBI,Baghdad International Airport,"Baghdad, Iraq",UTC+03:00
BGX,SBBG,Comandante Gustavo Kraemer Airport,"Bagé, Rio Grande do Sul, Brazil",UTC−03:00
BGY,LIME,Il Caravaggio International Airport (Orio al Serio Airport),"Milan / Bergamo, Lombardy, Italy",UTC+01:00
BGZ,LPBR,Braga Airport,"Braga, Portugal",UTC±00:00
BHA,SESV,Los Perales Airport,"Bahía de Caráquez, Ecuador",UTC−05:00
BHB,KBHB,Hancock County-Bar Harbor Airport,"Bar Harbor, Maine, United States",UTC−05:00
BHD,EGAC,George Best Belfast City Airport,"Belfast, Northern Ireland",UTC±00:00
BHE,NZWB,Woodbourne Airport,"Blenheim, New Zealand",UTC+12:00
BHF,SKCP,Bahía Cupica Airport,"Bahía Cupica, Colombia",UTC−05:00
BHG,,Brus Laguna Airport,"Brus Laguna, Honduras",UTC−06:00
BHH,OEBH,Bisha Domestic Airport,"Bisha, Saudi Arabia",UTC+03:00
BHI,SAZB,Comandante Espora Airport,"Bahía Blanca, Buenos Aires, Argentina",UTC−03:00
BHJ,VABJ,Bhuj Airport / Bhuj Rudra Mata Air Force Base,"Bhuj, Gujarat, India",UTC+05:30
BHK,UTSB,Bukhara International Airport,"Bukhara, Uzbekistan",UTC+05:00
BHL,,Bahía de los Ángeles Airport,"Bahía de los Ángeles, Baja California, Mexico",UTC−08:00
BHM,KBHM,Birmingham–Shuttlesworth International Airport,"Birmingham, Alabama, United States",UTC−06:00
BHN,OYBN,Beihan Airport,"Beihan, Yemen",UTC+03:00
BHO,VABP,Raja Bhoj Airport,"Bhopal, Madhya Pradesh, India",UTC+05:30
BHP,VNBJ,Bhojpur Airport,"Bhojpur, Nepal",UTC+05:45
BHQ,YBHI,Broken Hill Airport,"Broken Hill, New South Wales, Australia",UTC+09:30
BHR,VNBP,Bharatpur Airport,"Bharatpur, Nepal",UTC+05:45
BHS,YBTH,Bathurst Airport,"Bathurst, New South Wales, Australia",UTC+10:00
BHT,,Brighton Downs Airport,"Brighton Downs, Queensland, Australia",UTC+10:00
BHU,VABV,Bhavnagar Airport,"Bhavnagar, Gujarat, India",UTC+05:30
BHV,OPBW,Bahawalpur Airport,"Bahawalpur, Pakistan",UTC+05:00
BHW,,Bhagatanwala Airport,"Sargodha, Pakistan",UTC+05:00
BHX,EGBB,Birmingham Airport,"Birmingham, England",UTC±00:00
BHY,ZGBH,Beihai Fucheng Airport,"Beihai, Guangxi, China",UTC+08:00
BHZ[1],,metropolitan area3,"Belo Horizonte, Minas Gerais, Brazil",UTC−03:00
BIA,LFKB,Bastia – Poretta Airport,"Bastia, Corsica, France",UTC+01:00
BIB,HCMB,Baidoa Airport,"Baidoa, Somalia",UTC+03:00
BID,KBID,Block Island State Airport,"Block Island, Rhode Island, United States",UTC−05:00
BIE,KBIE,Beatrice Municipal Airport,"Beatrice, Nebraska, United States",UTC−06:00
BIF,KBIF,Biggs Army Airfield,"El Paso, Texas, United States",UTC−07:00
BIG,PABI,Allen Army Airfield,"Delta Junction, Alaska, United States",UTC−09:00
BIH,KBIH,Eastern Sierra Regional Airport,"Bishop, California, United States",UTC−08:00
BII,,Bikini Atoll Airport,"Bikini Atoll, Marshall Islands",UTC+12:00
BIJ,,Biliau Airport,"Biliau, Papua New Guinea",UTC+10:00
BIK,WABB,Frans Kaisiepo Airport,"Biak, Indonesia",UTC+09:00
BIL,KBIL,Billings Logan International Airport,"Billings, Montana, United States",UTC−07:00
BIM,MYBS,South Bimini Airport,"Bimini, Bahamas",UTC−05:00
BIN,OABN,Bamyan Airport,"Bamyan, Afghanistan",UTC+04:30
BIO,LEBB,Bilbao Airport,"Bilbao, Basque Country, Spain",UTC+01:00
BIP,,Bulimba Airport,"Bulimba, Queensland, Australia",UTC+10:00
BIQ,LFBZ,Biarritz Pays Basque Airport,"Biarritz, Aquitaine, France",UTC+01:00
BIR,VNVT,Biratnagar Airport,"Biratnagar, Nepal",UTC+05:45
BIS,KBIS,Bismarck Municipal Airport,"Bismarck, North Dakota, United States",UTC−06:00
BIT,VNBT,Baitadi Airport,"Baitadi, Nepal",UTC+05:45
BIU,BIBD,Bíldudalur Airport,"Bíldudalur, Iceland",UTC±00:00
BIV,FEFR,Bria Airport,"Bria, Central African Republic",UTC+01:00
BIW,,Billiluna Airport,"Billiluna, Western Australia, Australia",UTC+08:00
BIX,KBIX,Keesler Air Force Base,"Biloxi, Mississippi, United States",UTC−06:00
BIY,FABE,Bhisho Airport,"Bhisho, South Africa",UTC+02:00
BIZ,,Bimin Airport,"Bimin, Papua New Guinea",UTC+10:00
BJA,DAAE,Soummam – Abane Ramdane Airport,"Béjaïa, Algeria",UTC+01:00
BJB,OIMN,Bojnord Airport,"Bojnord, Iran",UTC+03:30
BJC,KBJC,Rocky Mountain Metropolitan Airport,"Denver, Colorado, United States",UTC−07:00
BJD,BIBK,Bakkafjörður Airport,"Bakkafjörður, Iceland",UTC±00:00
BJE,,Baleela Airport[1],"Baleela, Sudan",UTC+03:00
BJF,ENBS,Båtsfjord Airport,"Båtsfjord, Norway",UTC+01:00
BJG,,Kotamobagu Mopait Airport[1],"Kotamobagu, Indonesia",UTC+08:00
BJH,VNBG,Bajhang Airport,"Bajhang, Nepal",UTC+05:45
BJI,KBJI,Bemidji Regional Airport,"Bemidji, Minnesota, United States",UTC−06:00
BJJ,KBJJ,Wayne County Airport,"Wooster, Ohio, United States",UTC−05:00
BJK,WAPK,Benjina Airport (Nangasuri Airport),"Benjina, Indonesia",UTC+09:00
BJL,GBYD,Banjul International Airport,"Banjul, Gambia",UTC±00:00
BJM,HBBA,Bujumbura International Airport,"Bujumbura, Burundi",UTC+02:00
BJN,,Bajone Airport,"Bajone, Mozambique",UTC+02:00
BJO,SLBJ,Bermejo Airport,"Bermejo, Bolivia",UTC−04:00
BJP,SBBP,Arthur Siqueira–Bragança Paulista State Airport[1],"Bragança Paulista, São Paulo, Brazil",UTC−03:00
BJQ,,Bahja Airport[1],"Bahja, Oman",UTC+04:00
BJR,HABD,Bahir Dar Airport,"Bahir Dar, Ethiopia",UTC+03:00
BJS[1],,metropolitan area4,"Beijing, China",UTC+08:00
BJT,,Bentota River Airport[1],"Bentota, Sri Lanka",UTC+05:30
BJU,VNBR,Bajura Airport,"Bajura, Nepal",UTC+05:45
BJV,LTFE,Milas–Bodrum Airport,"Milas / Bodrum, Turkey",UTC+03:00
BJW,WRKB,Bajawa Soa Airport,"Bajawa, Indonesia",UTC+08:00
BJX,MMLO,Del Bajío International Airport (Guanajuato Int'l Airport),"León, Guanajuato, Mexico",UTC−06:00
BJY,LYBT,Batajnica Air Base,"Batajnica, Serbia",UTC+01:00
BJZ,LEBZ,Badajoz Airport (Talavera la Real Air Base),"Badajoz, Extremadura, Spain",UTC+01:00
BKB,VIBK,Nal Airport,"Bikaner, Rajasthan, India",UTC+05:30
BKC,PABL,Buckland Airport (FAA: BVK),"Buckland, Alaska, United States",UTC−09:00
BKD,KBKD,Stephens County Airport,"Breckenridge, Texas, United States",UTC−06:00
BKE,KBKE,Baker City Municipal Airport,"Baker City, Oregon, United States",UTC−08:00
BKF,,Lake Brooks Seaplane Base,"Brooks Camp, Alaska, United States",UTC−09:00
BKG,KBBG,Branson Airport (FAA: BBG),"Branson, Missouri, United States",UTC−06:00
BKH,PHBK,Barking Sands PMRF,"Kekaha, Hawaii, United States",UTC−10:00
BKI,WBKK,Kota Kinabalu International Airport,"Kota Kinabalu, Sabah, Malaysia",UTC+08:00
BKJ,GUOK,Boké Baralande Airport,"Boké, Guinea",UTC±00:00
BKK,VTBS,Suvarnabhumi Airport,"Bangkok, Thailand",UTC+07:00
BKL,KBKL,Cleveland Burke Lakefront Airport,"Cleveland, Ohio, United States",UTC−05:00
BKM,WBGQ,Bakelalan Airport,"Bakelalan, Sarawak, Malaysia",UTC+08:00
BKN,,Balkanabat Airport[1],"Balkanabat, Turkmenistan",UTC+05:00
BKO,GABS,Bamako–Sénou International Airport,"Bamako, Mali",UTC±00:00
BKP,YBAW,Barkly Downs Airport,"Barkly Downs, Queensland, Australia",UTC+10:00
BKQ,YBCK,Blackall Airport,"Blackall, Queensland, Australia",UTC+10:00
BKR,FTTK,Bokoro Airport,"Bokoro, Chad",UTC+01:00
BKS,WIPL,Fatmawati Soekarno Airport,"Bengkulu, Indonesia",UTC+07:00
BKT,KBKT,Blackstone Army Airfield (Allen C. Perkinson Airport),"Blackstone, Virginia, United States",UTC−05:00
BKU,FMSV,Betioky Airport,"Betioky, Madagascar",UTC+03:00
BKW,KBKW,Raleigh County Memorial Airport,"Beckley, West Virginia, United States",UTC−05:00
BKX,KBKX,Brookings Regional Airport,"Brookings, South Dakota, United States",UTC−06:00
BKY,FZMA,Kavumu Airport,"Bukavu, Democratic Republic of the Congo",UTC+02:00
BKZ,HTBU,Bukoba Airport,"Bukoba, Tanzania",UTC+03:00
BLA,SVBC,General José Antonio Anzoátegui International Airport,"Barcelona, Venezuela",UTC−04:00
BLB,MPHO,Panamá Pacífico International Airport (former Howard AFB),"Panama Pacifico, Panama",UTC−05:00
BLC,FKKG,Bali Airport,"Bali, Cameroon",UTC+01:00
BLD,,Boulder City Municipal Airport (FAA: 61B),"Boulder City, Nevada, United States",UTC−08:00
BLE,ESSD,Dala Airport (Borlänge Airport),"Borlänge, Sweden",UTC+01:00
BLF,KBLF,Mercer County Airport,"Bluefield, West Virginia, United States",UTC−05:00
BLG,WBGC,Belaga Airport,"Belaga, Sarawak, Malaysia",UTC+08:00
BLH,KBLH,Blythe Airport,"Blythe, California, United States",UTC−08:00
BLI,KBLI,Bellingham International Airport,"Bellingham, Washington, United States",UTC−08:00
BLJ,DABT,Mostépha Ben Boulaid Airport,"Batna, Algeria",UTC+01:00
BLK,EGNH,Blackpool Airport,"Blackpool, England",UTC±00:00
BLL,EKBI,Billund Airport,"Billund, Denmark",UTC+01:00
BLM,KBLM,Monmouth Executive Airport,"Belmar / Farmingdale, New Jersey, United States",UTC−05:00
BLN,YBLA,Benalla Airport,"Benalla, Victoria, Australia",UTC+10:00
BLO,BIBL,Blönduós Airport,"Blönduós, Iceland",UTC±00:00
BLP,SPBL,Huallaga Airport,"Bellavista, Peru",UTC−05:00
BLQ,LIPE,Bologna Guglielmo Marconi Airport,"Bologna, Emilia-Romagna, Italy",UTC+01:00
BLR,VOBL,Kempegowda International Airport,"Bangalore, Karnataka, India",UTC+05:30
BLS,YBLL,Bollon Airport,"Bollon, Queensland, Australia",UTC+10:00
BLT,YBTR,Blackwater Airport,"Blackwater, Queensland, Australia",UTC+10:00
BLU,KBLU,Blue Canyon–Nyack Airport,"Emigrant Gap, California, United States",UTC−08:00
BLV,KBLV,MidAmerica St. Louis Airport / Scott Air Force Base,"Belleville, Illinois, United States",UTC−06:00
BLX,LIDB,Belluno Airport,"Belluno, Veneto, Italy",UTC+01:00
BLY,EIBT,Belmullet Aerodrome,"Belmullet, Ireland",UTC±00:00
BLZ,FWCL,Chileka International Airport,"Blantyre, Malawi",UTC+02:00
BMA,ESSB,Stockholm Bromma Airport,"Stockholm, Sweden",UTC+01:00
BMB,FZFU,Bumba Airport,"Bumba, Democratic Republic of the Congo",UTC+01:00
BMC,KBMC,Brigham City Airport,"Brigham City, Utah, United States",UTC−07:00
BMD,FMML,Belo sur Tsiribihina Airport,"Belo sur Tsiribihina, Madagascar",UTC+03:00
BME,YBRM,Broome International Airport,"Broome, Western Australia, Australia",UTC+08:00
BMF,FEGM,Bakouma Airport,"Bakouma, Central African Republic",UTC+01:00
BMG,KBMG,Monroe County Airport,"Bloomington, Indiana, United States",UTC−05:00
BMH,AYBO,Bomai Airport,"Bomai, Papua New Guinea",UTC+10:00
BMI,KBMI,Central Illinois Regional Airport,"Bloomington, Illinois, United States",UTC−06:00
BMJ,SYBR,Baramita Airport,"Baramita, Guyana",UTC−04:00
BMK,EDWR,Borkum Airfield,"Borkum, Lower Saxony, Germany",UTC+01:00
BML,KBML,Berlin Regional Airport,"Berlin, New Hampshire, United States",UTC−05:00
BMM,FOOB,Bitam Airport,"Bitam, Gabon",UTC+01:00
BMN,ORBB,Bamarni Airport,"Bamarni, Iraq",UTC+03:00
BMO,VYBM,Bhamo Airport,"Bhamo, Myanmar",UTC+06:30
BMP,YBPI,Brampton Island Airport,"Brampton Island, Queensland, Australia",UTC+10:00
BMQ,,Bamburi Airport,"Bamburi, Kenya",UTC+03:00
BMR,EDWZ,Baltrum Airport,"Baltrum, Lower Saxony, Germany",UTC+01:00
BMS,SNBU,Socrates Mariani Bittencourt Airport,"Brumado, Bahia, Brazil",UTC−03:00
BMT,KBMT,Beaumont Municipal Airport,"Beaumont, Texas, United States",UTC−06:00
BMU,WADB,Sultan Muhammad Salahudin Airport (Bima Airport),"Bima, Indonesia",UTC+08:00
BMV,VVBM,Buon Ma Thuot Airport,"Buon Ma Thuot, Vietnam",UTC+07:00
BMW,DATM,Bordj Mokhtar Airport,"Bordj Badji Mokhtar, Algeria",UTC+01:00
BMX,PABM,Big Mountain Air Force Station (FAA: 37AK),"Big Mountain, Alaska, United States",UTC−09:00
BMY,NWWC,Île Art – Waala Airport,"Waala, Belep Islands, New Caledonia",UTC+11:00
BMZ,AYBF,Bamu Airport,"Bamu, Papua New Guinea",UTC+10:00
BNA,KBNA,Nashville International Airport,"Nashville, Tennessee, United States",UTC−06:00
BNB,FZGN,Boende Airport,"Boende, Democratic Republic of the Congo",UTC+01:00
BNC,FZNP,Beni Airport,"Beni, Democratic Republic of the Congo",UTC+02:00
BND,OIKB,Bandar Abbas International Airport,"Bandar Abbas, Iran",UTC+03:30
BNE,YBBN,Brisbane Airport,"Brisbane, Queensland, Australia",UTC+10:00
BNF,,Warm Springs Bay Seaplane Base,"Baranof Warm Springs, Alaska, United States",UTC−09:00
BNG,KBNG,Banning Municipal Airport,"Banning, California, United States",UTC−08:00
BNI,DNBE,Benin Airport,"Benin City, Nigeria",UTC+01:00
BNK,YBNA,Ballina Byron Gateway Airport,"Ballina, New South Wales, Australia",UTC+10:00
BNL,KBNL,Barnwell Regional Airport,"Barnwell, South Carolina, United States",UTC−05:00
BNM,AYBD,Bodinumu Airport,"Bodinumu, Papua New Guinea",UTC+10:00
BNN,ENBN,"Brønnøysund Airport, Brønnøy","Brønnøysund, Norway",UTC+01:00
BNO,KBNO,Burns Municipal Airport,"Burns, Oregon, United States",UTC−08:00
BNP,OPBN,Bannu Airport,"Bannu, Pakistan",UTC+05:00
BNQ,,Baganga Airport,"Baganga, Philippines",UTC+08:00
BNR,DFOB,Banfora Airport,"Banfora, Burkina Faso",UTC±00:00
BNS,SVBI,Barinas Airport,"Barinas, Venezuela",UTC−04:00
BNT,AYDI,Bundi Airport,"Bundi, Papua New Guinea",UTC+10:00
BNU,SSBL,Blumenau Airport,"Blumenau, Santa Catarina, Brazil",UTC−03:00
BNV,,Boana Airport,"Boana, Papua New Guinea",UTC+10:00
BNW,KBNW,Boone Municipal Airport,"Boone, Iowa, United States",UTC−06:00
BNX,LQBK,Banja Luka International Airport,"Banja Luka, Bosnia and Herzegovina",UTC+01:00
BNY,AGGB,Bellona/Anua Airport,"Bellona Island, Rennell and Bellona, Solomon Islands",UTC+11:00
BNZ,,Banz Airport,"Banz, Papua New Guinea",UTC+10:00
BOA,FZAJ,Boma Airport,"Boma, Democratic Republic of the Congo",UTC+01:00
BOB,NTTB,Bora Bora Airport (Motu Mute Airport),"Bora Bora, French Polynesia",UTC−10:00
BOC,MPBO,"Bocas del Toro ""Isla Colón"" International Airport","Bocas Town, Panama",UTC−05:00
BOD,LFBD,Bordeaux–Mérignac Airport,"Bordeaux, Aquitaine, France",UTC+01:00
BOE,FCOB,Boundji Airport,"Boundji, Republic of the Congo",UTC+01:00
BOG,SKBO,El Dorado International Airport,"Bogotá, Colombia",UTC−05:00
BOH,EGHH,Bournemouth Airport,"Bournemouth, England",UTC±00:00
BOI,KBOI,Boise Air Terminal (Gowen Field),"Boise, Idaho, United States",UTC−07:00
BOJ,LBBG,Burgas Airport,"Burgas, Bulgaria",UTC+02:00
BOK,KBOK,Brookings Airport,"Brookings, Oregon, United States",UTC−08:00
BOL,EGQB,Ballykelly Airfield (RAF Ballykelly),"Ballykelly, Northern Ireland",UTC±00:00
BOM,VABB,Chhatrapati Shivaji International Airport,"Mumbai, Maharashtra, India",UTC+05:30
BON,TNCB,Flamingo International Airport,"Kralendijk, Bonaire, Caribbean Netherlands",UTC−04:00
BOO,ENBO,Bodø Airport,"Bodø, Norway",UTC+01:00
BOP,FEFO,Bouar Airport,"Bouar, Central African Republic",UTC+01:00
BOQ,,Boku Airport,"Boku, Papua New Guinea",UTC+11:00
BOS,KBOS,Logan International Airport,"Boston, Massachusetts, United States",UTC−05:00
BOT,AYET,Bosset Airport,"Bosset, Papua New Guinea",UTC+10:00
BOU,LFLD,Bourges Airport,"Bourges, Centre-Val de Loire, France",UTC+01:00
BOV,,Boang Island Airport,"Boang Island, Papua New Guinea",UTC+10:00
BOW,KBOW,Bartow Municipal Airport,"Bartow, Florida, United States",UTC−05:00
BOX,YBRL,Borroloola Airport,"Borroloola, Northern Territory, Australia",UTC+09:30
BOY,DFOO,Bobo Dioulasso Airport,"Bobo-Dioulasso, Burkina Faso",UTC±00:00
BOZ,FEGZ,Bozoum Airport,"Bozoum, Central African Republic",UTC+01:00
BPB,,Boridi Airport,"Boridi, Papua New Guinea",UTC+10:00
BPC,FKKV,Bamenda Airport,"Bamenda, Cameroon",UTC+01:00
BPD,AYBP,Bapi Airport,"Bapi, Papua New Guinea",UTC+10:00
BPE,ZBDH,Qinhuangdao Beidaihe Airport,"Qinhuangdao, Hebei, China",UTC+08:00
BPF,AGBT,Batuna Airport,"Batuna, Solomon Islands",UTC+11:00
BPG,SBBW,Barra do Garças Airport,"Barra do Garças, Mato Grosso, Brazil",UTC−04:00
BPH,RPMF,Bislig Airport,"Bislig, Philippines",UTC+08:00
BPI,KBPI,Miley Memorial Field,"Big Piney, Wyoming, United States",UTC−07:00
BPK,AYBQ,Biangabip Airport,"Biangabip, Papua New Guinea",UTC+10:00
BPL,ZWBL,Bole Alashankou Airport,"Bole, Xinjiang, China",UTC+06:00
BPM,VOHY,Begumpet Airport,"Hyderabad, Telangana, India",UTC+05:30
BPN,WALL,Sultan Aji Muhammad Sulaiman Airport,"Balikpapan, Indonesia",UTC+08:00
BPS,SBPS,Porto Seguro Airport,"Porto Seguro, Bahia, Brazil",UTC−03:00
BPT,KBPT,Jack Brooks Regional Airport,"Beaumont / Port Arthur, Texas, United States",UTC−06:00
BPX,ZUBD,Qamdo Bamda Airport,"Qamdo, Tibet Autonomous Region, China",UTC+06:00
BPY,FMNQ,Besalampy Airport,"Besalampy, Madagascar",UTC+03:00
BQA,RPUR,Dr. Juan C. Angara Airport,"Baler, Philippines",UTC+08:00
BQB,YBLN,Busselton Margaret River Airport,"Busselton, Western Australia, Australia",UTC+08:00
BQE,GGBU,Bubaque Airport,"Bubaque, Guinea-Bissau",UTC±00:00
BQG,UHNB,Bogorodskoye Airport[1],"Bogorodskoye, Khabarovsk Krai, Russia",UTC+10:00
BQH,EGKB,London Biggin Hill Airport,"London / Biggin Hill, England",UTC±00:00
BQI,,Bagani Airport[1],"Bagani, Namibia",UTC+01:00
BQJ,,Batagay Airport,"Batagay, Yakutia, Russia",UTC+10:00
BQK,KBQK,Brunswick Golden Isles Airport,"Brunswick, Georgia, United States",UTC−05:00
BQL,YBOU,Boulia Airport,"Boulia, Queensland, Australia",UTC+10:00
BQN,TJBQ,Rafael Hernández Airport,"Aguadilla, Puerto Rico, United States",UTC−04:00
BQO,DIBN,Tehini Airport,"Bouna, Ivory Coast",UTC±00:00
BQQ,SNBX,Barra Airport,"Barra, Bahia, Brazil",UTC−03:00
BQS,UHBB,Ignatyevo Airport,"Blagoveshchensk, Amur Oblast, Russia",UTC+09:00
BQT,UMBB,Brest Airport,"Brest, Belarus",UTC+03:00
BQU,TVSB,J. F. Mitchell Airport,"Bequia, Saint Vincent and the Grenadines",UTC−04:00
BQV,,Bartlett Cove Seaplane Base,"Bartlett Cove, Alaska, United States",UTC−09:00
BQW,YBGO,Balgo Hill Airport,"Balgo Hill, Western Australia, Australia",UTC+08:00
BRA,SNBR,Barreiras Airport,"Barreiras, Bahia, Brazil",UTC−03:00
BRB,SBRR,Barreirinhas Airport,"Barreirinhas, Maranhão, Brazil",UTC−03:00
BRC,SAZS,San Carlos de Bariloche Airport,"San Carlos de Bariloche, Río Negro, Argentina",UTC−03:00
BRD,KBRD,Brainerd Lakes Regional Airport,"Brainerd, Minnesota, United States",UTC−06:00
BRE,EDDW,Bremen Airport,"Bremen, Bremen, Germany",UTC+01:00
BRH,,Brahman Airport,"Brahman, Papua New Guinea",UTC+10:00
BRI,LIBD,Bari Karol Wojtyła Airport,"Bari, Apulia, Italy",UTC+01:00
BRJ,,Bright Airport,"Bright, Victoria, Australia",UTC+10:00
BRK,YBKE,Bourke Airport,"Bourke, New South Wales, Australia",UTC+10:00
BRL,KBRL,Southeast Iowa Regional Airport,"Burlington, Iowa, United States",UTC−06:00
BRM,SVBM,Jacinto Lara International Airport,"Barquisimeto, Venezuela",UTC−04:00
BRN,LSZB,Bern Airport,"Bern, Switzerland",UTC+01:00
BRO,KBRO,Brownsville/South Padre Island International Airport,"Brownsville, Texas, United States",UTC−06:00
BRP,AYBR,Biaru Airport,"Biaru, Papua New Guinea",UTC+10:00
BRQ,LKTB,Brno–Tuřany Airport,"Brno, Czech Republic",UTC+01:00
BRR,EGPR,Barra Airport,"Barra, Scotland",UTC±00:00
BRS,EGGD,Bristol Airport,"Bristol, England",UTC±00:00
BRT,YBTI,Bathurst Island Airport,"Bathurst Island, Northern Territory, Australia",UTC+09:30
BRU,EBBR,Brussels Airport (Zaventem Airport),"Brussels, Belgium",UTC+01:00
BRV,EDWB,Bremerhaven Airport,"Bremerhaven, Bremen, Germany",UTC+01:00
BRW,PABR,Wiley Post–Will Rogers Memorial Airport,"Barrow, Alaska, United States",UTC−09:00
BRX,MDBH,María Montez International Airport,"Barahona, Dominican Republic",UTC−04:00
BRY,KBRY,Samuels Field,"Bardstown, Kentucky, United States",UTC−05:00
BSA,HCMF,Bender Qassim International Airport,"Bosaso, Somalia",UTC+03:00
BSB,SBBR,Brasília International Airport (Presidente J. Kubitschek Int'l Airport),"Brasília, Distrito Federal, Brazil",UTC−03:00
BSC,SKBS,José Celestino Mutis Airport,"Bahía Solano, Colombia",UTC−05:00
BSD,ZPBS,Baoshan Yunduan Airport,"Baoshan, Yunnan, China",UTC+08:00
BSE,WBGN,Sematan Airport,"Sematan, Sarawak, Malaysia",UTC+08:00
BSF,PHSF,Bradshaw Army Airfield,"Camp Pohakuloa, Hawaii, United States",UTC−10:00
BSG,FGBT,Bata Airport,"Bata, Equatorial Guinea",UTC+01:00
BSI,RPLE,Balesin Airport,"Balesin Island, Quezon, Philippines",UTC+08:00
BSJ,YBNS,Bairnsdale Airport,"Bairnsdale, Victoria, Australia",UTC+10:00
BSK,DAUB,Biskra Airport,"Biskra, Algeria",UTC+01:00
BSL,LFSB,EuroAirport Basel-Mulhouse-Freiburg,"Basel, Switzerland",UTC+01:00
BSM,OINJ,Bishe Kola Air Base,"Amol, Iran",UTC+03:30
BSN,FEFS,Bossangoa Airport,"Bossangoa, Central African Republic",UTC+01:00
BSO,RPUO,Basco Airport,"Basco, Philippines",UTC+08:00
BSP,AYBH,Bensbach Airport,"Bensbach, Papua New Guinea",UTC+10:00
BSQ,,Bisbee Municipal Airport (FAA: P04),"Bisbee, Arizona, United States",UTC−07:00
BSR,ORMM,Basra International Airport,"Basra, Iraq",UTC+03:00
BSS,SNBS,Balsas Airport,"Balsas, Maranhão, Brazil",UTC−03:00
BST,OABT,Bost Airport,"Lashkar Gah (Bost), Afghanistan",UTC+04:30
BSU,FZEN,Basankusu Airport,"Basankusu, Democratic Republic of the Congo",UTC+01:00
BSV,,Besakoa Airport[1],"Besakoa, Madagascar",UTC+03:00
BSW,,Boswell Bay Airport (FAA: AK97),"Boswell Bay, Alaska, United States",UTC−09:00
BSX,VYPN,Pathein Airport,"Pathein, Myanmar",UTC+06:30
BSY,HCMD,Bardera Airport,"Bardera, Somalia",UTC+03:00
BTA,FKKO,Bertoua Airport,"Bertoua, Cameroon",UTC+01:00
BTB,FCOT,Bétou Airport,"Bétou, Republic of the Congo",UTC+01:00
BTC,VCCB,Batticaloa International Airport,"Batticaloa, Sri Lanka",UTC+05:30
BTD,,Brunette Downs Airport,"Brunette Downs, Northern Territory, Australia",UTC+09:30
BTE,GFBN,Sherbro International Airport,"Bonthe, Sierra Leone",UTC±00:00
BTF,KBTF,Skypark Airport,"Bountiful, Utah, United States",UTC−07:00
BTG,FEGF,Batangafo Airport,"Batangafo, Central African Republic",UTC+01:00
BTH,WIDD,Hang Nadim Airport,"Batam, Indonesia",UTC+07:00
BTI,PABA,Barter Island LRRS Airport,"Barter Island, Alaska, United States",UTC−09:00
BTJ,WITT,Sultan Iskandar Muda International Airport,"Banda Aceh, Indonesia",UTC+07:00
BTK,UIBB,Bratsk Airport,"Bratsk, Irkutsk Oblast, Russia",UTC+08:00
BTL,KBTL,W. K. Kellogg Airport,"Battle Creek, Michigan, United States",UTC−05:00
BTM,KBTM,Bert Mooney Airport,"Butte, Montana, United States",UTC−07:00
BTN,KBBP,Marlboro County Jetport (FAA: BBP),"Bennettsville, South Carolina, United States",UTC−05:00
BTO,,Botopasi Airstrip,"Botopasi, Suriname",UTC−03:00
BTP,KBTP,Butler County Airport (K.W. Scholter Field),"Butler, Pennsylvania, United States",UTC−05:00
BTQ,HRYI,Butare Airport,"Butare, Rwanda",UTC+02:00
BTR,KBTR,Baton Rouge Metropolitan Airport (Ryan Field),"Baton Rouge, Louisiana, United States",UTC−06:00
BTS,LZIB,M. R. Štefánik Airport,"Bratislava, Slovakia",UTC+01:00
BTT,PABT,Bettles Airport,"Bettles, Alaska, United States",UTC−09:00
BTU,WBGB,Bintulu Airport,"Bintulu, Sarawak, Malaysia",UTC+08:00
BTV,KBTV,Burlington International Airport,"Burlington, Vermont, United States",UTC−05:00
BTW,WAOC,Batu Licin Airport,"Batu Licin, Indonesia",UTC+08:00
BTX,YBEO,Betoota Airport,"Betoota, Queensland, Australia",UTC+10:00
BTY,KBTY,Beatty Airport,"Beatty, Nevada, United States",UTC−08:00
BUA,AYBK,Buka Island Airport,"Buka Island, Papua New Guinea",UTC+11:00
BUB,KBUB,Cram Field,"Burwell, Nebraska, United States",UTC−06:00
BUC,YBKT,Burketown Airport,"Burketown, Queensland, Australia",UTC+10:00
BUD,LHBP,Budapest Ferenc Liszt International Airport,"Budapest, Hungary",UTC+01:00
BUE[1],,metropolitan area5,"Buenos Aires, Argentina",UTC−03:00
BUF,KBUF,Buffalo Niagara International Airport,"Buffalo, New York, United States",UTC−05:00
BUG,FNBG,Benguela Airport (Gen. V. Deslandes Airport),"Benguela, Angola",UTC+01:00
BUH[1],,Bucharest Baneasa6,"Bucharest, Romania",UTC+02:00
BUI,WAJB,Bokondini Airport,"Bokondini, Indonesia",UTC+09:00
BUJ,DAAD,Bou Saada Airport,"Bou Saâda, Algeria",UTC+01:00
BUK,,Albuq Airport,"Albuq, Yemen",UTC+03:00
BUL,AYBU,Bulolo Airport,"Bulolo, Papua New Guinea",UTC+10:00
BUM,KBUM,Butler Memorial Airport,"Butler, Missouri, United States",UTC−06:00
BUN,SKBU,Gerardo Tobar López Airport,"Buenaventura, Colombia",UTC−05:00
BUO,HCMV,Burao Airport,"Burao, Somalia",UTC+03:00
BUP,VIBT,Bathinda Airport (Bhisiana Air Force Station),"Bathinda, Punjab, India",UTC+05:30
BUQ,FVBU,Joshua Mqabuko Nkomo International Airport,"Bulawayo, Zimbabwe",UTC+02:00
BUR,KBUR,Bob Hope Airport,"Burbank, California, United States",UTC−08:00
BUS,UGSB,Batumi International Airport (Alexander Kartveli Batumi Int'l Airport),"Batumi, Georgia",UTC+04:00
BUT,VQBT,Bathpalathang Airport,"Jakar, Bhutan",UTC+06:00
BUU,WIPI,Muara Bungo Airport,"Bungo Regency, Jambi, Indonesia",UTC+07:00
BUV,SUBU,Placeres Airport,"Bella Unión, Uruguay",UTC−03:00
BUW,WAWB,Betoambari Airport,"Baubau, Indonesia",UTC+08:00
BUX,FZKA,Bunia Airport,"Bunia, Democratic Republic of the Congo",UTC+02:00
BUY,YBUN,Bunbury Airport,"Bunbury, Western Australia, Australia",UTC+08:00
BUZ,OIBB,Bushehr Airport,"Bushehr, Iran",UTC+03:30
BVA,LFOB,Beauvais–Tillé Airport,"Beauvais, Picardy, France",UTC+01:00
BVB,SBBV,Boa Vista International Airport,"Boa Vista, Roraima, Brazil",UTC−04:00
BVC,GVBA,Aristides Pereira International Airport (Rabil Airport),"Boa Vista, Cape Verde",UTC−01:00
BVE,LFSL,Brive–Souillac Airport,"Brive-la-Gaillarde, Limousin, France",UTC+01:00
BVF,NFNU,Dama Airport,"Bua, Fiji",UTC+12:00
BVG,ENBV,Berlevåg Airport,"Berlevåg, Norway",UTC+01:00
BVH,SBVH,Vilhena Airport (Brigadeiro Camarão Airport),"Vilhena, Rondônia, Brazil",UTC−04:00
BVI,YBDV,Birdsville Airport,"Birdsville, Queensland, Australia",UTC+10:00
BVJ,USDB,Bovanenkovo Airport,"Bovanenkovo gas field, Yamalo-Nenets Autonomous Okrug, Russia",UTC+05:00
BVK,SLHJ,Huacaraje Airport,"Huacaraje, Bolivia",UTC−04:00
BVL,SLBU,Baures Airport,"Baures, Bolivia",UTC−04:00
BVM,SD6P,Belmonte Airport,"Belmonte, Bahia, Brazil",UTC−03:00
BVO,KBVO,Bartlesville Municipal Airport,"Bartlesville, Oklahoma, United States",UTC−06:00
BVP,,Bolovip Airport,"Bolovip, Papua New Guinea",UTC+10:00
BVR,GVBR,Esperadinha Airport,"Brava, Cape Verde",UTC−01:00
BVS,SNVS,Breves Airport,"Breves, Pará, Brazil",UTC−03:00
BVU,PABG,Beluga Airport (FAA: BLG),"Beluga, Alaska, United States",UTC−09:00
BVV,UHSB,Burevestnik Airport[1],"Burevestnik, Sakhalin Oblast, Russia",UTC+11:00
BVW,,Batavia Downs Airport,"Batavia Downs, Queensland, Australia",UTC+10:00
BVX,KBVX,Batesville Regional Airport,"Batesville, Arkansas, United States",UTC−06:00
BVY,KBVY,Beverly Municipal Airport,"Beverly, Massachusetts, United States",UTC−05:00
BVZ,YBYS,Beverley Springs Airport,"Beverley Springs, Western Australia, Australia",UTC+08:00
BWA,VNBW,Gautam Buddha Airport,"Siddharthanagar (Bhairawa), Nepal",UTC+05:45
BWB,YBWX,Barrow Island Airport,"Barrow Island, Western Australia, Australia",UTC+08:00
BWC,KBWC,Brawley Municipal Airport,"Brawley, California, United States",UTC−08:00
BWD,KBWD,Brownwood Regional Airport,"Brownwood, Texas, United States",UTC−06:00
BWE,EDVE,Braunschweig–Wolfsburg Airport,"Braunschweig, Lower Saxony, Germany",UTC+01:00
BWF,EGNL,Barrow/Walney Island Airport,"Barrow-in-Furness, England",UTC±00:00
BWG,KBWG,Bowling Green-Warren County Regional Airport,"Bowling Green, Kentucky, United States",UTC−06:00
BWH,WMKB,RMAF Butterworth,"Butterworth, Penang, Malaysia",UTC+08:00
BWI,KBWI,Baltimore/Washington International Thurgood Marshall Airport,"Baltimore–Washington metropolitan area, United States",UTC−05:00
BWJ,,Bawan Airport,"Bawan, Papua New Guinea",UTC+10:00
BWK,LDSB,Bol Airport (Brač Airport),"Bol, Croatia",UTC+01:00
BWL,KBKN,Blackwell–Tonkawa Municipal Airport[1] (FAA: BKN),"Blackwell, Oklahoma, United States",UTC−06:00
BWM,KBPP,Bowman Municipal Airport (FAA: BPP),"Bowman, North Dakota, United States",UTC−07:00
BWN,WBSB,Brunei International Airport,"Bandar Seri Begawan, Brunei",UTC+08:00
BWO,UWSB,Balakovo Airport,"Balakovo, Saratov Oblast, Russia",UTC+04:00
BWP,AYBI,Bewani Airport,"Bewani, Papua New Guinea",UTC+10:00
BWQ,YBRW,Brewarrina Airport,"Brewarrina, New South Wales, Australia",UTC+10:00
BWT,YWYY,Burnie Airport,"Burnie, Tasmania, Australia",UTC+10:00
BWU,YSBK,Bankstown Airport,"Bankstown, New South Wales, Australia",UTC+10:00
BWW,MUBR,Las Brujas Airport[1],"Cayo Santa María, Cuba",UTC−05:00
BWX,WADY,Banyuwangi Airport,"Banyuwangi, Indonesia",UTC+07:00
BWY,EGVJ,RAF Bentwaters,"Woodbridge, England",UTC±00:00
BXA,KBXA,George R. Carr Memorial Air Field,"Bogalusa, Louisiana, United States",UTC−06:00
BXB,WASO,Babo Airport,"Babo, Indonesia",UTC+09:00
BXD,WAKE,Bade Airport,"Bade, Indonesia",UTC+09:00
BXE,GOTB,Bakel Airport,"Bakel, Senegal",UTC±00:00
BXF,YBEB,Bellburn Airstrip[1],"Bellburn Camps, Western Australia, Australia",UTC+08:00
BXG,YBDG,Bendigo Airport,"Bendigo, Victoria, Australia",UTC+10:00
BXH,UAAH,Balkhash Airport,"Balkhash, Kazakhstan",UTC+06:00
BXI,DIBI,Boundiali Airport,"Boundiali, Ivory Coast",UTC±00:00
BXJ,UAAR,Boraldai Airport,"Almaty, Kazakhstan",UTC+06:00
BXK,KBXK,Buckeye Municipal Airport,"Buckeye, Arizona, United States",UTC−07:00
BXL,,Blue Lagoon Seaplane Base,"Nanuya Lailai, Fiji",UTC+12:00
BXM,,Batom Airport,"Batom, Indonesia",UTC+09:00
BXN,LTBV,Bodrum-Imsik Airport,"Bodrum, Turkey",UTC+03:00
BXO,LSZC,Buochs Airport,"Buochs, Switzerland",UTC+01:00
BXP,EPBP,Biała Podlaska Airport,"Biała Podlaska, Poland",UTC+01:00
BXR,OIKM,Bam Airport,"Bam, Iran",UTC+03:30
BXS,,Borrego Valley Airport (FAA: L08),"Borrego Springs, California, United States",UTC−08:00
BXT,WRLC,PT Badak Bontang Airport,"Bontang, Indonesia",UTC+08:00
BXU,RPME,Bancasi Airport,"Butuan, Philippines",UTC+08:00
BXV,BIBV,Breiðdalsvík Airport,"Breiðdalsvík, Iceland",UTC±00:00
BXW,WARW,Bawean Airport,"Bawean, East Java, Indonesia",UTC+08:00
BXX,,Borama Airport,"Borama, Somalia",UTC+03:00
BXY,UAOL,Krayniy Airport,"Baikonur, Kazakhstan",UTC+06:00
BXZ,AYNS,Bunsil Airport,"Bunsil, Papua New Guinea",UTC+10:00
BYA,,Boundary Airport,"Boundary, Alaska, United States",UTC−09:00
BYB,,Dibba Airport,"Dibba Al-Baya, Oman",UTC+04:00
BYC,SLYA,Yacuiba Airport,"Yacuíba, Bolivia",UTC−04:00
BYD,OYBI,Al Bayda Airport,"Al Bayda, Yemen",UTC+03:00
BYF,LFAQ,Albert – Picardie Airport[1],"Albert, Picardy, France",UTC+01:00
BYG,KBYG,Johnson County Airport,"Buffalo, Wyoming, United States",UTC−07:00
BYH,KBYH,Arkansas International Airport,"Blytheville, Arkansas, United States",UTC−06:00
BYI,KBYI,Burley Municipal Airport,"Burley, Idaho, United States",UTC−07:00
BYJ,LPBJ,Beja Airport,"Beja, Portugal",UTC±00:00
BYK,DIBK,Bouaké Airport,"Bouaké, Ivory Coast",UTC±00:00
BYL,,Bella Yella Airport,"Bella Yella, Liberia",UTC±00:00
BYM,MUBY,Carlos Manuel de Céspedes Airport,"Bayamo, Cuba",UTC−05:00
BYN,ZMBH,Bayankhongor Airport,"Bayankhongor, Mongolia",UTC+08:00
BYO,SBDB,Bonito Airport[1],"Bonito, Mato Grosso do Sul, Brazil",UTC−03:00
BYP,YBRY,Barimunya Airport,"Barimunya, Western Australia, Australia",UTC+08:00
BYQ,WALV,Bunyu Airport,"Bunyu, Indonesia",UTC+08:00
BYR,EKLS,Læsø Airport,"Læsø, Denmark",UTC+01:00
BYS,KBYS,Bicycle Lake Army Airfield (Fort Irwin),"Barstow, California, United States",UTC−08:00
BYT,EIBN,Bantry Aerodrome,"Bantry, Ireland",UTC±00:00
BYU,EDQD,Bindlacher Berg Airport,"Bayreuth, Bavaria, Germany",UTC+01:00
BYV,,Beira Lake Seaplane Base[1],"Colombo, Sri Lanka",UTC+05:30
BYW,,Blakely Island Airport (FAA: 38WA),"Blakely Island, Washington, United States",UTC−08:00
BYX,,Baniyala Airport,"Baniyala, Northern Territory, Australia",UTC+09:30
BZA,MNBZ,San Pedro Airport,"Bonanza, Nicaragua",UTC−06:00
BZB,,Bazaruto Island Airport,"Bazaruto Island, Mozambique",UTC+02:00
BZC,SBBZ,Umberto Modiano Airport,"Armação dos Búzios, Rio de Janeiro, Brazil",UTC−03:00
BZD,YBRN,Balranald Airport,"Balranald, New South Wales, Australia",UTC+10:00
BZE,MZBZ,Philip S. W. Goldson International Airport,"Belize City, Belize",UTC−06:00
BZF,,Benton Field[1],"Redding, California, United States",UTC−08:00
BZG,EPBY,Bydgoszcz Ignacy Jan Paderewski Airport,"Bydgoszcz, Poland",UTC+01:00
BZH,,Bumi Hills Airstrip[1],"Bumi Hills, Zimbabwe",UTC+02:00
BZI,LTBF,Balıkesir Airport (Merkez Airport),"Balıkesir, Turkey",UTC+03:00
BZK,UUBP,Bryansk International Airport,"Bryansk, Bryansk Oblast, Russia",UTC+03:00
BZL,VGBR,Barisal Airport,"Barisal, Bangladesh",UTC+06:00
BZM,,Bemolanga Airport[1],"Bemolanga, Madagascar",UTC+03:00
BZN,KBZN,Bozeman Yellowstone International Airport (Gallatin Field),"Bozeman, Montana, United States",UTC−07:00
BZO,LIPB,Bolzano Airport,"Bolzano, Trentino-Alto Adige/Südtirol, Italy",UTC+01:00
BZP,,Bizant Airport,"Bizant, Queensland, Australia",UTC+10:00
BZR,LFMU,Béziers Cap d'Agde Airport,"Béziers, Languedoc-Roussillon, France",UTC+01:00
BZT,,Eagle Air Park[1],"Brazoria, Texas, United States",UTC−06:00
BZU,FZKJ,Buta Zega Airport,"Buta, Democratic Republic of the Congo",UTC+02:00
BZV,FCBB,Maya-Maya Airport,"Brazzaville, Republic of the Congo",UTC+01:00
BZX,,Bazhong Enyang Airport,"Bazhong, Sichuan, China",UTC+08:00
BZY,LUBL,Bălți International Airport,"Bălți, Moldova",UTC+02:00
BZZ,EGVN,RAF Brize Norton,"Carterton, England",UTC±00:00
CAA,MHGE,El Aguacate Airport,"Catacamas, Honduras",UTC−06:00
CAB,FNCA,Cabinda Airport,"Cabinda, Angola",UTC+01:00
CAC,SBCA,Cascavel Airport (Adalberto Mendes da Silva Airport),"Cascavel, Paraná, Brazil",UTC−03:00
CAD,KCAD,Wexford County Airport,"Cadillac, Michigan, United States",UTC−05:00
CAE,KCAE,Columbia Metropolitan Airport,"Columbia, South Carolina, United States",UTC−05:00
CAF,SWCA,Carauari Airport,"Carauari, Amazonas, Brazil",UTC−05:00
CAG,LIEE,Cagliari Elmas Airport,"Cagliari, Sardinia, Italy",UTC+01:00
CAH,VVCM,Cà Mau Airport,"Cà Mau, Vietnam",UTC+07:00
CAI,HECA,Cairo International Airport,"Cairo, Egypt",UTC+02:00
CAJ,SVCN,Canaima Airport,"Canaima, Venezuela",UTC−04:00
CAK,KCAK,Akron-Canton Airport,"Akron / Canton, Ohio, United States",UTC−05:00
CAL,EGEC,Campbeltown Airport / RAF Machrihanish,"Campbeltown, Scotland, United Kingdom",UTC±00:00
CAM,SLCA,Camiri Airport,"Camiri, Bolivia",UTC−04:00
CAN,ZGGG,Guangzhou Baiyun International Airport,"Guangzhou, Guangdong, China",UTC+08:00
CAO,KCAO,Clayton Municipal Airpark,"Clayton, New Mexico, United States",UTC−07:00
CAP,MTCH,Hugo Chávez International Airport,"Cap-Haïtien, Haiti",UTC−05:00
CAQ,SKCU,Juan H. White Airport,"Caucasia, Colombia",UTC−05:00
CAR,KCAR,Caribou Municipal Airport,"Caribou, Maine, United States",UTC−05:00
CAS,GMMC,Anfa Airport,"Casablanca, Morocco",UTC±00:00
CAT,LPCS,Cascais Municipal Aerodrome[1],"Cascais, Portugal",UTC±00:00
CAU,SNRU,Caruaru Airport (Oscar Laranjeiras Airport),"Caruaru, Pernambuco, Brazil",UTC−03:00
CAV,FNCZ,Cazombo Airport,"Cazombo, Angola",UTC+01:00
CAW,SBCP,Bartolomeu Lysandro Airport,"Campos dos Goytacazes, Rio de Janeiro, Brazil",UTC−03:00
CAX,EGNC,Carlisle Lake District Airport,"Carlisle, England, United Kingdom",UTC±00:00
CAY,SOCA,Cayenne – Félix Eboué Airport,"Cayenne, French Guiana",UTC−03:00
CAZ,YCBA,Cobar Airport,"Cobar, New South Wales, Australia",UTC+10:00
CBB,SLCB,Jorge Wilstermann International Airport,"Cochabamba, Bolivia",UTC−04:00
CBC,,Cherrabun Airport,"Cherrabun, Western Australia, Australia",UTC+08:00
CBD,VOCX,Car Nicobar Air Force Base,"Car Nicobar, Andaman and Nicobar Islands, India",UTC+05:30
CBE,KCBE,Greater Cumberland Regional Airport,"Cumberland, Maryland, United States",UTC−05:00
CBF,KCBF,Council Bluffs Municipal Airport,"Council Bluffs, Iowa, United States",UTC−06:00
CBG,EGSC,Cambridge Airport,"Cambridge, England, United Kingdom",UTC±00:00
CBH,DAOR,Boudghene Ben Ali Lotfi Airport,"Béchar, Algeria",UTC+01:00
CBI,,Cape Barren Island Airport,"Cape Barren Island, Tasmania, Australia",UTC+10:00
CBJ,MDCR,Cabo Rojo Airport,"Pedernales, Dominican Republic",UTC−04:00
CBK,KCBK,Colby Municipal Airport (Shalz Field),"Colby, Kansas, United States",UTC−06:00
CBL,SVCB,Tomás de Heres Airport,"Ciudad Bolívar, Venezuela",UTC−04:00
CBM,KCBM,Columbus Air Force Base,"Columbus, Mississippi, United States",UTC−06:00
CBN,WICD,Penggung Airport (Cakrabuwana Airport),"Cirebon, Indonesia",UTC+07:00
CBO,RPMC,Awang Airport,"Cotabato City, Philippines",UTC+08:00
CBP,LPCO,Coimbra Airport,"Coimbra, Portugal",UTC±00:00
CBQ,DNCA,Margaret Ekpo International Airport,"Calabar, Nigeria",UTC+01:00
CBR,YSCB,Canberra Airport,"Canberra, Australian Capital Territory, Australia",UTC+10:00
CBS,SVON,Oro Negro Airport,"Cabimas, Venezuela",UTC−04:00
CBT,FNCT,Catumbela Airport,"Catumbela, Angola",UTC+01:00
CBU,EDCD,Cottbus-Drewitz Airport,"Cottbus, Brandenburg, Germany",UTC+01:00
CBV,MGCB,Cobán Airport,"Cobán, Guatemala",UTC−06:00
CBW,SSKM,Campo Mourão Airport,"Campo Mourão, Paraná, Brazil",UTC−03:00
CBX,YCDO,Condobolin Airport,"Condobolin, New South Wales, Australia",UTC+10:00
CBY,,Canobie Airport,"Canobie Station, Queensland, Australia",UTC+10:00
CCA,SLCH,Chimore Airport,"Chimoré, Cochabamba, Bolivia",UTC−04:00
CCB,KCCB,Cable Airport,"Upland, California, United States",UTC−08:00
CCC,MUCC,Jardines del Rey Airport,"Cayo Coco, Cuba",UTC−05:00
CCF,LFMK,Carcassonne Airport,"Carcassonne, Languedoc-Roussillon, France",UTC+01:00
CCG,,Crane County Airport (FAA: E13),"Crane, Texas, United States",UTC−06:00
CCH,SCCC,Chile Chico Airfield,"Chile Chico, Chile",UTC−04:00
CCI,SSCK,Concórdia Airport,"Concórdia, Santa Catarina, Brazil",UTC−03:00
CCJ,VOCL,Calicut International Airport,"Kozhikode (Calicut), Kerala, India",UTC+05:30
CCK,YPCC,Cocos (Keeling) Islands Airport,"Cocos (Keeling) Islands, Australia",UTC+06:30
CCL,YCCA,Chinchilla Airport,"Chinchilla, Queensland, Australia",UTC+10:00
CCM,SBCM,Diomício Freitas Airport,"Criciúma, Santa Catarina, Brazil",UTC−03:00
CCN,OACC,Chaghcharan Airport,"Chaghcharan, Afghanistan",UTC+04:30
CCO,SKCI,Carimagua Airport,"Carimagua, Colombia",UTC−05:00
CCP,SCIE,Carriel Sur International Airport,"Concepción, Chile",UTC−04:00
CCR,KCCR,Buchanan Field Airport,"Concord, California, United States",UTC−08:00
CCS,SVMI,Simón Bolívar International Airport,"Caracas, Venezuela",UTC−04:00
CCT,,Colonia Catriel Airport,"Catriel, Río Negro, Argentina",UTC−03:00
CCU,VECC,Netaji Subhas Chandra Bose International Airport,"Kolkata, West Bengal, India",UTC+05:30
CCV,NVSF,Craig Cove Airport,"Craig Cove, Ambrym Island, Malampa, Vanuatu",UTC+11:00
CCW,YCWL,Cowell Airport,"Cowell, South Australia, Australia",UTC+09:30
CCX,SWKC,Cáceres Airport,"Cáceres, Mato Grosso, Brazil",UTC−03:00
CCY,KCCY,Northeast Iowa Regional Airport,"Charles City, Iowa, United States",UTC−06:00
CCZ,MYBC,Chub Cay International Airport,"Chub Cay, Berry Islands, Bahamas",UTC−05:00
CDA,YCOO,Cooinda Airport,"Cooinda, Northern Territory, Australia",UTC+09:30
CDB,PACD,Cold Bay Airport,"Cold Bay, Alaska, United States",UTC−09:00
CDC,KCDC,Cedar City Regional Airport,"Cedar City, Utah, United States",UTC−07:00
CDD,,Cauquira Airport,"Cauquira, Honduras",UTC−06:00
CDE,ZBCD,Chengde Puning Airport,"Chengde, Hebei, China",UTC+08:00
CDG,LFPG,Charles de Gaulle Airport (Roissy Airport),"Paris, Île-de-France, France",UTC+01:00
CDH,KCDH,Harrell Field,"Camden, Arkansas, United States",UTC−06:00
CDI,SNKI,Cachoeiro de Itapemirim Airport (Raimundo de Andrade Airport),"Cachoeiro de Itapemirim, Espírito Santo, Brazil",UTC−03:00
CDJ,SBAA,Conceição do Araguaia Airport,"Conceição do Araguaia, Pará, Brazil",UTC−03:00
CDK,KCDK,George T. Lewis Airport,"Cedar Key, Florida, United States",UTC−05:00
CDL,,Candle 2 Airport (FAA: AK75),"Candle, Alaska, United States",UTC−09:00
CDN,KCDN,Woodward Field,"Camden, South Carolina, United States",UTC−05:00
CDO,FACD,Cradock Airport,"Cradock, South Africa",UTC+02:00
CDP,VOCP,Kadapa Airport,"Kadapa, Andhra Pradesh, India",UTC+05:30
CDQ,YCRY,Croydon Airport,"Croydon, Queensland, Australia",UTC+10:00
CDR,KCDR,Chadron Municipal Airport,"Chadron, Nebraska, United States",UTC−07:00
CDS,KCDS,Childress Municipal Airport,"Childress, Texas, United States",UTC−06:00
CDT,LECS,Castellón–Costa Azahar Airport,"Castellón de la Plana, Valencia, Spain",UTC+01:00
CDU,YSCN,Camden Airport,"Camden, New South Wales, Australia",UTC+10:00
CDV,PACV,Merle K. (Mudhole) Smith Airport,"Cordova, Alaska, United States",UTC−09:00
CDW,KCDW,Essex County Airport,"Caldwell, New Jersey, United States",UTC−05:00
CDY,RPMU,Cagayan de Sulu Airport,"Mapun, Philippines",UTC+08:00
CEA,KCEA,Cessna Aircraft Field,"Wichita, Kansas, United States",UTC−06:00
CEB,RPVM,Mactan–Cebu International Airport,"Lapu-Lapu, Philippines",UTC+08:00
CEC,KCEC,Del Norte County Airport (Jack McNamara Field),"Crescent City, California, United States",UTC−08:00
CED,YCDU,Ceduna Airport,"Ceduna, South Australia, Australia",UTC+09:30
CEE,ULWC,Cherepovets Airport,"Cherepovets, Vologda Oblast, Russia",UTC+03:00
CEF,KCEF,Westover Metropolitan Airport / Westover Air Reserve Base,"Springfield, Massachusetts, United States",UTC−05:00
CEG,EGNR,Hawarden Airport (Chester Airport),"Chester, England, United Kingdom",UTC±00:00
CEH,FWCD,Chelinda Airport,"Chelinda, Malawi",UTC+02:00
CEI,VTCT,Chiang Rai International Airport (Mae Fah Luang Int'l),"Chiang Rai, Thailand",UTC+07:00
CEK,USCC,Chelyabinsk Airport,"Chelyabinsk, Chelyabinsk Oblast, Russia",UTC+05:00
CEL,SSCN,Canela Airport,"Canela, Rio Grande do Sul, Brazil",UTC−03:00
CEM,PARL,Central Airport,"Central, Alaska, United States",UTC−09:00
CEN,MMCN,Ciudad Obregón International Airport,"Ciudad Obregón, Sonora, Mexico",UTC−07:00
CEO,FNWK,Waco Kungo Airport,"Waku-Kungo, Angola",UTC+01:00
CEP,SLCP,Concepción Airport,"Concepción, Bolivia",UTC−04:00
CEQ,LFMD,Cannes – Mandelieu Airport,"Cannes, Provence-Alpes-Côte d'Azur, France",UTC+01:00
CER,LFRC,Cherbourg – Maupertus Airport,"Cherbourg-Octeville, Lower Normandy, France",UTC+01:00
CES,YCNK,Cessnock Airport,"Cessnock, New South Wales, Australia",UTC+10:00
CET,LFOU,Cholet Le Pontreau Airport,"Cholet, Pays de la Loire, France",UTC+01:00
CEU,KCEU,Oconee County Regional Airport,"Clemson, South Carolina, United States",UTC−05:00
CEV,KCEV,Mettel Field,"Connersville, Indiana, United States",UTC−05:00
CEW,KCEW,Bob Sikes Airport,"Crestview, Florida, United States",UTC−06:00
CEX,,Chena Hot Springs Airport (FAA: AK13),"Chena Hot Springs, Alaska, United States",UTC−09:00
CEY,KCEY,Murray-Calloway County Airport,"Murray, Kentucky, United States",UTC−06:00
CEZ,KCEZ,Cortez Municipal Airport,"Cortez, Colorado, United States",UTC−07:00
CFB,SBCB,Cabo Frio International Airport,"Cabo Frio, Rio de Janeiro, Brazil",UTC−03:00
CFC,SBCD,Caçador Airport,"Caçador, Santa Catarina, Brazil",UTC−03:00
CFD,KCFD,Coulter Field,"Bryan, Texas, United States",UTC−06:00
CFE,LFLC,Clermont-Ferrand Auvergne Airport,"Clermont-Ferrand, Auvergne, France",UTC+01:00
CFF,FNCF,Cafunfo Airport,"Cafunfo, Angola",UTC+01:00
CFG,MUCF,Jaime González Airport,"Cienfuegos, Cuba",UTC−05:00
CFH,,Clifton Hills Airport,"Clifton Hills, South Australia, Australia",UTC+09:30
CFI,YCFD,Camfield Airport,"Camfield Station, Northern Territory, Australia",UTC+09:30
CFK,DAOI,Chlef International Airport,"Chlef, Algeria",UTC+01:00
CFM,,Conklin (Leismer) Airport,"Wood Buffalo, Alberta, Canada",UTC−07:00
CFN,EIDL,Donegal Airport,"County Donegal, Ireland",UTC±00:00
CFO,,Confresa Airport,"Confresa, Mato Grosso, Brazil",UTC−04:00
CFP,,Carpentaria Downs Airport,"Carpentaria Downs, Queensland, Australia",UTC+10:00
CFQ,,Creston Aerodrome[1] (TC: CAJ3),"Creston, British Columbia, Canada",UTC−07:00
CFR,LFRK,Caen – Carpiquet Airport,"Caen, Lower Normandy, France",UTC+01:00
CFS,YCFS,Coffs Harbour Airport,"Coffs Harbour, New South Wales, Australia",UTC+10:00
CFT,KCFT,Greenlee County Airport,"Clifton / Morenci, Arizona, United States",UTC−07:00
CFU,LGKR,Corfu International Airport (Ioannis Kapodistrias Int'l Airport),"Corfu, Greece",UTC+02:00
CFV,KCFV,Coffeyville Municipal Airport,"Coffeyville, Kansas, United States",UTC−06:00
CGA,,Craig Seaplane Base,"Craig, Alaska, United States",UTC−09:00
CGB,SBCY,Marechal Rondon International Airport,"Cuiabá, Mato Grosso, Brazil",UTC−04:00
CGC,AYCG,Cape Gloucester Airport,"Cape Gloucester, Papua New Guinea",UTC+10:00
CGD,ZGCD,Changde Taohuayuan Airport,"Changde, Hunan, China",UTC+08:00
CGE,KCGE,Cambridge–Dorchester Airport,"Cambridge, Maryland, United States",UTC−05:00
CGF,KCGF,Cuyahoga County Airport,"Cleveland, Ohio, United States",UTC−05:00
CGG,,Casiguran Airport,"Casiguran, Philippines",UTC+08:00
CGH,SBSP,São Paulo/Congonhas–Deputado Freitas Nobre Airport,"São Paulo, São Paulo, Brazil",UTC−03:00
CGI,KCGI,Cape Girardeau Regional Airport,"Cape Girardeau, Missouri, United States",UTC−06:00
CGJ,,Kasompe Airport,"Chingola, Zambia",UTC+02:00
CGK,WIII,Soekarno–Hatta International Airport,"Jakarta, Indonesia",UTC+07:00
CGM,RPMH,Camiguin Airport,"Mambajao, Philippines",UTC+08:00
CGN,EDDK,Cologne Bonn Airport,"Cologne / Bonn, North Rhine-Westphalia, Germany",UTC+01:00
CGO,ZHCC,Zhengzhou Xinzheng International Airport,"Zhengzhou, Henan, China",UTC+08:00
CGP,VGEG,Shah Amanat International Airport,"Chittagong, Bangladesh",UTC+06:00
CGQ,ZYCC,Changchun Longjia International Airport,"Changchun, Jilin, China",UTC+08:00
CGR,SBCG,Campo Grande International Airport,"Campo Grande, Mato Grosso do Sul, Brazil",UTC−04:00
CGS,KCGS,College Park Airport,"College Park, Maryland, United States",UTC−05:00
CGT,,Chinguetti Airport,"Chinguetti, Mauritania",UTC±00:00
CGV,YCAG,Caiguna Airport,"Caiguna, Western Australia, Australia",UTC+08:00
CGY,RPMY,Laguindingan Airport,"Cagayan de Oro, Philippines",UTC+08:00
CGZ,KCGZ,Casa Grande Municipal Airport,"Casa Grande, Arizona, United States",UTC−07:00
CHA,KCHA,Chattanooga Metropolitan Airport (Lovell Field),"Chattanooga, Tennessee, United States",UTC−05:00
CHB,OPCL,Chilas Airport,"Chilas, Pakistan",UTC+05:00
CHC,NZCH,Christchurch International Airport,"Christchurch, New Zealand",UTC+12:00
CHF,RKPE,Jinhae Airport,"Jinhae, South Korea",UTC+09:00
CHG,ZYCY,Chaoyang Airport,"Chaoyang, Liaoning, China",UTC+08:00
CHH,SPPY,Chachapoyas Airport,"Chachapoyas, Peru",UTC−05:00
CHI[1],,metropolitan area2,"Chicago, Illinois, United States",UTC−06:00
CHJ,FVCH,Chipinge Airport,"Chipinge, Zimbabwe",UTC+02:00
CHK,KCHK,Chickasha Municipal Airport,"Chickasha, Oklahoma, United States",UTC−06:00
CHL,KLLJ,Challis Airport (FAA: LLJ),"Challis, Idaho, United States",UTC−07:00
CHM,SPEO,Tnte. FAP Jaime Montreuil Morales Airport,"Chimbote, Peru",UTC−05:00
CHN,RKJU,Jeonju Airport,"Jeonju, South Korea",UTC+09:00
CHO,KCHO,Charlottesville–Albemarle Airport,"Charlottesville, Virginia, United States",UTC−05:00
CHP,,Circle Hot Springs Airport,"Circle Hot Springs, Alaska, United States",UTC−09:00
CHQ,LGSA,"Chania International Airport (""Ioannis Daskalogiannis"")","Chania, Greece",UTC+02:00
CHR,LFLX,"Châteauroux-Centre ""Marcel Dassault"" Airport","Châteauroux, Centre-Val de Loire, France",UTC+01:00
CHS,KCHS,Charleston International Airport / Charleston Air Force Base,"Charleston, South Carolina, United States",UTC−05:00
CHT,NZCI,Chatham Islands / Tuuta Airport,"Chatham Islands, New Zealand",UTC+12:45
CHU,PACH,Chuathbaluk Airport (FAA: 9A3),"Chuathbaluk, Alaska, United States",UTC−09:00
CHV,LPCH,Chaves Airport,"Chaves, Portugal",UTC±00:00
CHX,MPCH,"Changuinola ""Capitán Manuel Niño"" International Airport","Changuinola, Panama",UTC−05:00
CHY,AGGC,Choiseul Bay Airport,"Choiseul Bay, Taro Island, Solomon Islands",UTC+11:00
CHZ,,Chiloquin State Airport (FAA: 2S7),"Chiloquin, Oregon, United States",UTC−08:00
CIA,LIRA,Ciampino–G. B. Pastine International Airport,"Rome, Lazio, Italy",UTC+01:00
CIC,KCIC,Chico Municipal Airport,"Chico, California, United States",UTC−08:00
CID,KCID,The Eastern Iowa Airport,"Cedar Rapids, Iowa, United States",UTC−06:00
CIE,YCOI,Collie Airport,"Collie, Western Australia, Australia",UTC+08:00
CIF,ZBCF,Chifeng Yulong Airport,"Chifeng, Inner Mongolia, China",UTC+08:00
CIG,KCAG,Craig–Moffat Airport (FAA: CAG),"Craig, Colorado, United States",UTC−07:00
CIH,ZBCZ,Changzhi Wangcun Airport,"Changzhi, Shanxi, China",UTC+08:00
CII,LTBD,Aydın Airport[1] (Çıldır Airport),"Aydın, Turkey",UTC+03:00
CIJ,SLCO,Captain Aníbal Arab Airport,"Cobija, Bolivia",UTC−04:00
CIK,PACI,Chalkyitsik Airport,"Chalkyitsik, Alaska, United States",UTC−09:00
CIL,,Council Airport (FAA: K29),"Council, Alaska, United States",UTC−09:00
CIM,SKCM,Cimitarra Airport,"Cimitarra, Colombia",UTC−05:00
CIN,KCIN,Arthur N. Neu Airport,"Carroll, Iowa, United States",UTC−06:00
CIO,SGCO,Teniente Coronel Carmelo Peralta Airport,"Concepción, Paraguay",UTC−04:00
CIP,FLCP,Chipata Airport,"Chipata, Zambia",UTC+02:00
CIQ,,Chiquimula Airport,"Chiquimula, Guatemala",UTC−06:00
CIR,KCIR,Cairo Regional Airport,"Cairo, Illinois, United States",UTC−06:00
CIS,PCIS,Canton Island Airport,"Canton Island, Kiribati",UTC+13:00
CIT,UAII,Shymkent International Airport,"Shymkent, Kazakhstan",UTC+06:00
CIU,KCIU,Chippewa County International Airport,"Sault Ste Marie, Michigan, United States",UTC−05:00
CIW,TVSC,Canouan Airport,"Canouan, Saint Vincent and the Grenadines",UTC−04:00
CIX,SPHI,FAP Captain José Abelardo Quiñones González International Airport,"Chiclayo, Peru",UTC−05:00
CIY,LICB,Comiso Airport,"Comiso, Sicily, Italy",UTC+01:00
CIZ,SWKO,Coari Airport,"Coari, Amazonas, Brazil",UTC−04:00
CJA,SPJR,Mayor General FAP Armando Revoredo Iglesias Airport,"Cajamarca, Peru",UTC−05:00
CJB,VOCB,Coimbatore International Airport,"Coimbatore, Tamil Nadu, India",UTC+05:30
CJC,SCCF,El Loa Airport,"Calama, Chile",UTC−04:00
CJD,,Candilejas Airport,"Candilejas, Colombia",UTC−05:00
CJF,YCWA,Coondewanna Airport,"Coondewanna, Western Australia, Australia",UTC+08:00
CJH,,Chilko Lake (Tsylos Park Lodge) Aerodrome (TC: CAG3),"Chilko Lake, British Columbia, Canada",UTC−08:00
CJJ,RKTU,Cheongju International Airport,"Cheongju, South Korea",UTC+09:00
CJL,OPCH,Chitral Airport,"Chitral, Pakistan",UTC+05:00
CJM,VTSE,Chumphon Airport,"Chumphon, Thailand",UTC+07:00
CJN,WI1A,Cijulang Nusawiru Airport,"Cijulang, Indonesia",
CJS,MMCS,Abraham González International Airport,"Ciudad Juárez, Chihuahua, Mexico",UTC−07:00
CJT,MMCO,Copalar Airport,"Comitán, Chiapas, Mexico",UTC−06:00
CJU,RKPC,Jeju International Airport,"Jeju, South Korea",UTC+09:00
CKA,KCKA,Kegelman Air Force Auxiliary Field,"Cherokee, Oklahoma, United States",UTC−06:00
CKB,KCKB,North Central West Virginia Airport,"Clarksburg, West Virginia, United States",UTC−05:00
CKC,UKKE,Cherkasy International Airport,"Cherkasy, Ukraine",UTC+02:00
CKD,PACJ,Crooked Creek Airport (FAA: CJX),"Crooked Creek, Alaska, United States",UTC−09:00
CKE,,Lampson Field[1] (FAA: 1O2),"Lakeport, California, United States",UTC−08:00
CKG,ZUCK,Chongqing Jiangbei International Airport,"Chongqing, China",UTC+08:00
CKH,UESO,Chokurdakh Airport,"Chokurdakh, Yakutia, Russia",UTC+11:00
CKI,YCKI,Croker Island Airport,"Croker Island, Northern Territory, Australia",UTC+09:30
CKK,KCVK,Sharp County Regional Airport[1] (FAA: CVK),"Ash Flat, Arkansas, United States",UTC−06:00
CKL,UUMU,Chkalovsky Airport,"Shchyolkovo (Moscow Oblast), Russia",UTC+03:00
CKM,KCKM,Fletcher Field,"Clarksdale, Mississippi, United States",UTC−06:00
CKN,KCKN,Crookston Municipal Airport (Kirkwood Field),"Crookston, Minnesota, United States",UTC−06:00
CKO,SSCP,Cornélio Procópio Airport,"Cornélio Procópio, Paraná, Brazil",UTC−03:00
CKR,,Crane Island Airstrip[1],"Crane Island, Washington, United States",UTC−08:00
CKS,SBCJ,Carajás Airport,"Parauapebas, Pará, Brazil",UTC−03:00
CKT,OIMC,Sarakhs Airport,"Sarakhs, Iran",UTC+03:30
CKU,,Cordova Municipal Airport,"Cordova, Alaska, United States",UTC−09:00
CKV,KCKV,Clarksville–Montgomery County Regional Airport (Outlaw Field),"Clarksville, Tennessee, United States",UTC−06:00
CKW,YCHK,Graeme Rowley Aerodrome,"Christmas Creek mine, Western Australia, Australia",UTC+08:00
CKX,,Chicken Airport,"Chicken, Alaska, United States",UTC−09:00
CKY,GUCY,Conakry International Airport (Gbessia Int'l Airport),"Conakry, Guinea",UTC±00:00
CKZ,LTBH,Çanakkale Airport,"Çanakkale, Turkey",UTC+03:00
CLA,VGCM,Comilla Airport,"Comilla, Bangladesh",UTC+06:00
CLD,KCRQ,McClellan–Palomar Airport (FAA: CRQ),"Carlsbad, California, United States",UTC−08:00
CLE,KCLE,Cleveland Hopkins International Airport,"Cleveland, Ohio, United States",UTC−05:00
CLG,,New Coalinga Municipal Airport (FAA: C80),"Coalinga, California, United States",UTC−08:00
CLH,YCAH,Coolah Airport,"Coolah, New South Wales, Australia",UTC+10:00
CLI,KCLI,Clintonville Municipal Airport,"Clintonville, Wisconsin, United States",UTC−06:00
CLJ,LRCL,Cluj-Napoca International Airport,"Cluj-Napoca, Romania",UTC+02:00
CLK,KCLK,Clinton Regional Airport,"Clinton, Oklahoma, United States",UTC−06:00
CLL,KCLL,Easterwood Airport (Easterwood Field),"College Station, Texas, United States",UTC−06:00
CLM,KCLM,William R. Fairchild International Airport,"Port Angeles, Washington, United States",UTC−08:00
CLN,SBCI,Carolina Airport,"Carolina, Maranhão, Brazil",UTC−03:00
CLO,SKCL,Alfonso Bonilla Aragón International Airport,"Cali, Colombia",UTC−05:00
CLP,PFCL,Clarks Point Airport,"Clark's Point, Alaska, United States",UTC−09:00
CLQ,MMIA,Licenciado Miguel de la Madrid Airport,"Colima City, Colima, Mexico",UTC−06:00
CLR,KCLR,Cliff Hatfield Memorial Airport[1],"Calipatria, California, United States",UTC−08:00
CLS,KCLS,Chehalis-Centralia Airport,"Chehalis, Washington, United States",UTC−08:00
CLT,KCLT,Charlotte Douglas International Airport,"Charlotte, North Carolina, United States",UTC−05:00
CLU,KBAK,Columbus Municipal Airport (FAA: BAK),"Columbus, Indiana, United States",UTC−05:00
CLV,SWKN,Caldas Novas Airport,"Caldas Novas, Goiás, Brazil",UTC−03:00
CLW,KCLW,Clearwater Air Park,"Clearwater, Florida, United States",UTC−05:00
CLX,SATC,Clorinda Airport,"Clorinda, Formosa, Argentina",UTC−03:00
CLY,LFKC,Calvi – Sainte-Catherine Airport,"Calvi, Corsica, France",UTC+01:00
CLZ,SVCL,Calabozo Airport,"Calabozo, Venezuela",UTC−04:00
CMA,YCMU,Cunnamulla Airport,"Cunnamulla, Queensland, Australia",UTC+10:00
CMB,VCBI,Bandaranaike International Airport,"Colombo, Sri Lanka",UTC+05:30
CMC,SNWC,Camocim Airport,"Camocim, Ceará, Brazil",UTC−03:00
CMD,YCTM,Cootamundra Airport,"Cootamundra, New South Wales, Australia",UTC+10:00
CME,MMCE,Ciudad del Carmen International Airport,"Ciudad del Carmen, Campeche, Mexico",UTC−06:00
CMF,LFLB,Chambéry-Savoie Airport,"Chambéry, Rhône-Alpes, France",UTC+01:00
CMG,SBCR,Corumbá International Airport,"Corumbá, Mato Grosso do Sul, Brazil",UTC−04:00
CMH,KCMH,John Glenn Columbus International Airport,"Columbus, Ohio, United States",UTC−05:00
CMI,KCMI,University of Illinois Willard Airport,"Champaign, Illinois, United States",UTC−06:00
CMJ,RCCM,Qimei Airport,"Qimei, Taiwan",UTC+08:00
CMK,FWCM,Club Makokola Airport,"Club Makokola, Malawi",UTC+02:00
CML,YCMW,Camooweal Airport,"Camooweal, Queensland, Australia",UTC+10:00
CMM,MGCR,Carmelita Airport,"Carmelita, Guatemala",UTC−06:00
CMN,GMMN,Mohammed V International Airport,"Casablanca, Morocco",UTC±00:00
CMO,HCMO,Obbia Airport,"Obbia, Somalia",UTC+03:00
CMP,SNKE,Santana do Araguaia Airport,"Santana do Araguaia, Pará, Brazil",UTC−03:00
CMQ,YCMT,Clermont Airport,"Clermont, Queensland, Australia",UTC+10:00
CMR,LFGA,Colmar – Houssen Airport,"Colmar, Alsace, France",UTC+01:00
CMS,HCMS,Iskushuban Airport,"Iskushuban (Scusciuban), Somalia",UTC+03:00
CMT,,Cameta Airport,"Cametá, Pará, Brazil",UTC−03:00
CMU,AYCH,Chimbu Airport,"Kundiawa, Papua New Guinea",UTC+10:00
CMV,NZCX,Coromandel Aerodrome,"Coromandel, New Zealand",UTC+12:00
CMW,MUCM,Ignacio Agramonte International Airport,"Camagüey, Cuba",UTC−05:00
CMX,KCMX,Houghton County Memorial Airport,"Hancock, Michigan, United States",UTC−05:00
CMY,KCMY,Sparta/Fort McCoy Airport,"Sparta, Wisconsin, United States",UTC−06:00
CMZ,,Caia Airport[1],"Caia, Mozambique",UTC+02:00
CNA,MMCA,Cananea National Airport,"Cananea, Sonora, Mexico",UTC−07:00
CNB,YCNM,Coonamble Airport,"Coonamble, New South Wales, Australia",UTC+10:00
CNC,YCCT,Coconut Island Airport,"Coconut (Poruma) Island, Queensland, Australia",UTC+10:00
CND,LRCK,Mihail Kogălniceanu International Airport,"Constanța, Romania",UTC+02:00
CNE,,Fremont County Airport (FAA: 1V6),"Cañon City, Colorado, United States",UTC−07:00
CNF,SBCF,Tancredo Neves International Airport (Confins Int'l Airport),"Belo Horizonte, Minas Gerais, Brazil",UTC−03:00
CNG,LFBG,Cognac – Châteaubernard Air Base,"Cognac, Poitou-Charentes, France",UTC+01:00
CNH,KCNH,Claremont Municipal Airport,"Claremont, New Hampshire, United States",UTC−05:00
CNI,ZYCH,Changhai Airport,"Changhai, Liaoning, China",UTC+08:00
CNJ,YCCY,Cloncurry Airport,"Cloncurry, Queensland, Australia",UTC+10:00
CNK,KCNK,Blosser Municipal Airport,"Concordia, Kansas, United States",UTC−06:00
CNL,EKSN,Sindal Airport,"Sindal, Denmark",UTC+01:00
CNM,KCNM,Cavern City Air Terminal,"Carlsbad, New Mexico, United States",UTC−07:00
CNN,VOKN,Kannur International Airport,"Kannur, (Cannanore) Kerala, India",UTC+05:30
CNO,KCNO,Chino Airport,"Chino, California, United States",UTC−08:00
CNP,BGCO,Nerlerit Inaat Airport (Constable Pynt Airport),"Ittoqqortoormiit, Greenland",UTC−01:00
CNQ,SARC,Doctor Fernando Piragine Niveyro International Airport,"Corrientes, Corrientes, Argentina",UTC−03:00
CNR,SCRA,Chañaral Airport,"Chañaral, Chile",UTC−04:00
CNS,YBCS,Cairns Airport,"Cairns, Queensland, Australia",UTC+10:00
CNT,,Charata Airport,"Charata, Chaco, Argentina",UTC−03:00
CNU,KCNU,Chanute Martin Johnson Airport,"Chanute, Kansas, United States",UTC−06:00
CNV,SNED,Canavieiras Airport,"Canavieiras, Bahia, Brazil",UTC−03:00
CNW,KCNW,TSTC Waco Airport,"Waco, Texas, United States",UTC−06:00
CNX,VTCC,Chiang Mai International Airport,"Chiang Mai, Thailand",UTC+07:00
CNY,KCNY,Canyonlands Field,"Moab, Utah, United States",UTC−07:00
CNZ,,Cangamba Airport,"Cangamba, Angola",UTC+01:00
COA,,Columbia Airport (FAA: O22),"Columbia, California, United States",UTC−08:00
COB,,Coolibah Airport,"Coolibah Station, Northern Territory, Australia",UTC+09:30
COC,SAAC,Comodoro Pierrestegui Airport,"Concordia, Entre Ríos, Argentina",UTC−03:00
COD,KCOD,Yellowstone Regional Airport,"Cody, Wyoming, United States",UTC−07:00
COE,KCOE,Coeur d'Alene Airport,"Coeur d'Alene, Idaho, United States",UTC−08:00
COF,KCOF,Patrick Space Force Base,"Cocoa Beach, Florida, United States",UTC−05:00
COG,SKCD,Mandinga Airport,"Condoto, Colombia",UTC−05:00
COH,VECO,Cooch Behar Airport,"Cooch Behar, West Bengal, India",UTC+05:30
COI,KCOI,Merritt Island Airport,"Merritt Island, Florida, United States",UTC−05:00
COJ,YCBB,Coonabarabran Airport,"Coonabarabran, New South Wales, Australia",UTC+10:00
COK,VOCI,Cochin International Airport (Nedumbassery Airport),"Kochi (Cochin), Kerala, India",UTC+05:30
COL,,Coll Airport,"Coll, Scotland, United Kingdom",UTC±00:00
COM,KCOM,Coleman Municipal Airport,"Coleman, Texas, United States",UTC−06:00
CON,KCON,Concord Municipal Airport,"Concord, New Hampshire, United States",UTC−05:00
COO,DBBB,Cadjehoun Airport,"Cotonou, Benin",UTC+01:00
COP,,Cooperstown-Westville Airport (FAA: K23),"Cooperstown, New York, United States",UTC−05:00
COQ,ZMCD,Choibalsan Airport,"Choibalsan, Mongolia",UTC+08:00
COR,SACO,Ingeniero Aeronáutico Ambrosio L.V. Taravella International Airport (Pajas Blancas),"Córdoba, Córdoba, Argentina",UTC−03:00
COS,KCOS,Colorado Springs Airport,"Colorado Springs, Colorado, United States",UTC−07:00
COT,KCOT,Cotulla–La Salle County Airport,"Cotulla, Texas, United States",UTC−06:00
COU,KCOU,Columbia Regional Airport,"Columbia, Missouri, United States",UTC−06:00
COW,SCQB,Coquimbo Airport,"Coquimbo, Chile",UTC−04:00
COY,YCWY,Coolawanyah Station Airport,"Coolawanyah Station, Western Australia, Australia",UTC+08:00
COZ,MDCZ,Constanza Airport,"Constanza, Dominican Republic",UTC−04:00
CPA,GLCP,Cape Palmas Airport,"Harper, Liberia",UTC±00:00
CPB,SKCA,Capurganá Airport,"Capurganá, Colombia",UTC−05:00
CPC,SAZY,Aviador Carlos Campos Airport,"San Martín de los Andes, Neuquén, Argentina",UTC−03:00
CPD,YCBP,Coober Pedy Airport,"Coober Pedy, South Australia, Australia",UTC+09:30
CPE,MMCP,Ing. Alberto Acuña Ongay International Airport,"Campeche, Campeche, Mexico",UTC−06:00
CPF,WARC,Ngloram Airport,"Cepu, Indonesia",UTC+07:00
CPG,,Carmen de Patagones Airport,"Carmen de Patagones, Buenos Aires, Argentina",UTC−03:00
CPH,EKCH,"Copenhagen Airport, Kastrup","Copenhagen, Denmark",UTC+01:00
CPI,,Cape Orford Airport[1],"Cape Orford, Papua New Guinea",UTC+10:00
CPL,SKHA,General Navas Pardo Airport,"Chaparral, Colombia",UTC−05:00
CPM,KCPM,Compton/Woodley Airport,"Compton, California, United States",UTC−08:00
CPN,,Cape Rodney Airport,"Cape Rodney, Papua New Guinea",UTC+10:00
CPO,SCAT,Desierto de Atacama Airport,"Copiapó, Chile",UTC−04:00
CPP,SCKP,Coposa Airport,"Pica, Chile",
CPR,KCPR,Casper–Natrona County International Airport,"Casper, Wyoming, United States",UTC−07:00
CPS,KCPS,St. Louis Downtown Airport,"Cahokia (near St. Louis/MO), Illinois, United States",UTC−06:00
CPT,FACT,Cape Town International Airport,"Cape Town, South Africa",UTC+02:00
CPU,,Cururupu Airport,"Cururupu, Maranhão, Brazil",UTC−03:00
CPV,SBKG,Campina Grande Airport (Presidente João Suassuna Airport),"Campina Grande, Paraíba, Brazil",UTC−03:00
CPX,TJCP,Benjamín Rivera Noriega Airport,"Culebra, Puerto Rico, United States",UTC−04:00
CQA,,Canarana Airport,"Canarana, Mato Grosso, Brazil",UTC−04:00
CQD,OIFS,Shahrekord Airport,"Shahrekord, Iran",UTC+03:30
CQF,LFAC,Calais–Dunkerque Airport,"Calais / Dunkirk, Nord-Pas-de-Calais, France",UTC+01:00
CQM,LERL,Ciudad Real Central Airport,"Ciudad Real, Castilla-La Mancha, Spain",UTC+01:00
CQP,,Cape Flattery Airport,"Cape Flattery, Queensland, Australia",UTC+10:00
CQS,SWCQ,Costa Marques Airport,"Costa Marques, Rondônia, Brazil",UTC−04:00
CQT,,Caquetania Airport,"Caquetania, Colombia",UTC−05:00
CQW,,Wulong Xiannüshan Airport,"Wulong, Chongqing, China",UTC+08:00
CRA,LRCV,Craiova International Airport,"Craiova, Romania",UTC+02:00
CRB,YCBR,Collarenebri Airport,"Collarenebri, New South Wales, Australia",UTC+10:00
CRC,SKGO,Santa Ana Airport,"Cartago, Colombia",UTC−05:00
CRD,SAVC,General Enrique Mosconi International Airport,"Comodoro Rivadavia, Chubut, Argentina",UTC−03:00
CRE,KCRE,Grand Strand Airport,"North Myrtle Beach, South Carolina, United States",UTC−05:00
CRF,FEFC,Carnot Airport,"Carnot, Central African Republic",UTC+01:00
CRG,KCRG,Jacksonville Executive at Craig Airport,"Jacksonville, Florida, United States",UTC−05:00
CRH,,Cherrabah Airport,"Cherrabah, Queensland, Australia",UTC+10:00
CRI,MYCI,Colonel Hill Airport (Crooked Island Airport),"Colonel Hill, Crooked Island, Bahamas",UTC−05:00
CRJ,,Coorabie Airport,"Coorabie, South Australia, Australia",UTC+09:30
CRK,RPLC,Clark International Airport,"Clark Special Economic Zone, Philippines",UTC+08:00
CRL,EBCI,Brussels South Charleroi Airport,"Charleroi, Belgium",UTC+01:00
CRM,RPVF,Catarman National Airport,"Catarman, Philippines",UTC+08:00
CRO,KCRO,Corcoran Airport,"Corcoran, California, United States",UTC−08:00
CRP,KCRP,Corpus Christi International Airport,"Corpus Christi, Texas, United States",UTC−06:00
CRQ,SBCV,Caravelas Airport,"Caravelas, Bahia, Brazil",UTC−03:00
CRR,SANW,Ceres Airport,"Ceres, Santa Fe, Argentina",UTC−03:00
CRS,KCRS,C. David Campbell Field (Corsicana Municipal Airport),"Corsicana, Texas, United States",UTC−06:00
CRT,KCRT,Z. M. Jack Stell Field,"Crossett, Arkansas, United States",UTC−06:00
CRU,TGPZ,Lauriston Airport (Carriacou Island Airport),"Carriacou, Grenada",UTC−04:00
CRV,LIBC,Crotone Airport (Sant'Anna Airport),"Crotone, Calabria, Italy",UTC+01:00
CRW,KCRW,Yeager Airport,"Charleston, West Virginia, United States",UTC−05:00
CRX,KCRX,Roscoe Turner Airport,"Corinth, Mississippi, United States",UTC−06:00
CRY,,Carlton Hill Airport,"Carlton Hill Station, Western Australia, Australia",UTC+08:00
CRZ,UTAV,Turkmenabat Airport,"Türkmenabat, Turkmenistan",UTC+05:00
CSA,,Colonsay Airport,"Colonsay, Scotland, United Kingdom",UTC±00:00
CSB,LRCS,Caransebeș Airport,"Caransebeș, Romania",UTC+02:00
CSC,MRMJ[2],Cañas Mojica Airport,"Cañas, Costa Rica",UTC−06:00
CSD,,Cresswell Downs Airport,"Cresswell Downs, Northern Territory, Australia",UTC+09:30
CSE,,Buckhorn Ranch Airport (FAA: 0CO2),"Crested Butte, Colorado, United States",UTC−07:00
CSF,LFPC,Creil Air Base,"Creil, Picardy, France",UTC+01:00
CSG,KCSG,Columbus Airport,"Columbus, Georgia, United States",UTC−05:00
CSH,ULAS,Solovki Airport,"Solovetsky Islands, Arkhangelsk Oblast, Russia",UTC+03:00
CSI,YCAS,Casino Airport,"Casino, New South Wales, Australia",UTC+10:00
CSK,GOGS,Cap Skirring Airport,"Cap Skirring, Senegal",UTC±00:00
CSM,KCSM,Clinton-Sherman Airport,"Clinton, Oklahoma, United States",UTC−06:00
CSN,KCXP,Carson Airport (FAA: CXP),"Carson City, Nevada, United States",UTC−08:00
CSO,EDBC,Magdeburg–Cochstedt Airport,"Magdeburg, Saxony-Anhalt, Germany",UTC+01:00
CSQ,KCSQ,Creston Municipal Airport,"Creston, Iowa, United States",UTC−06:00
CSR,,Casuarito Airport,"Casuarito, Colombia",UTC−05:00
CSS,SSCL,Cassilândia Airport,"Cassilândia, Mato Grosso do Sul, Brazil",UTC−04:00
CST,NFCS,Castaway Island Seaplane Base,"Castaway Island, Mamanuca Islands, Fiji",UTC+12:00
CSU,,Santa Cruz do Sul Airport[1],"Santa Cruz do Sul, Rio Grande do Sul, Brazil",UTC−03:00
CSV,KCSV,Crossville Memorial-Whitson Field,"Crossville, Tennessee, United States",UTC−06:00
CSX,ZGHA,Changsha Huanghua International Airport,"Changsha, Hunan, China",UTC+08:00
CSY,UWKS,Cheboksary Airport,"Cheboksary, Chuvashia, Russia",UTC+03:00
CSZ,SAZC,Brigadier Hector Eduardo Ruiz Airport,"Coronel Suárez, Buenos Aires, Argentina",UTC−03:00
CTA,LICC,Catania–Fontanarossa Airport,"Catania, Sicily, Italy",UTC+01:00
CTB,KCTB,Cut Bank Municipal Airport,"Cut Bank, Montana, United States",UTC−07:00
CTC,SANC,Coronel Felipe Varela International Airport,"Catamarca, Catamarca, Argentina",UTC−03:00
CTD,MPCE,Chitré Alonso Valderrama Airport,"Chitré, Panama",UTC−05:00
CTE,,Cartí Airport,"Cartí, Panama",UTC−05:00
CTF,MGCT,Coatepeque Airport,"Coatepeque, Guatemala",UTC−06:00
CTG,SKCG,Rafael Núñez International Airport,"Cartagena, Colombia",UTC−05:00
CTH,KMQS,Chester County G. O. Carlson Airport (FAA: MQS),"Coatesville, Pennsylvania, United States",UTC−05:00
CTI,FNCV,Cuito Cuanavale Airport,"Cuito Cuanavale, Angola",UTC+01:00
CTK,,Canton Municipal Airport (FAA: 7G9),"Canton, South Dakota, United States",UTC−06:00
CTL,YBCV,Charleville Airport,"Charleville, Queensland, Australia",UTC+10:00
CTM,MMCM,Chetumal International Airport,"Chetumal, Quintana Roo, Mexico",UTC−05:00
CTN,YCKN,Cooktown Airport,"Cooktown, Queensland, Australia",UTC+10:00
CTO,,Calverton Executive Airpark (FAA: 3C8),"Calverton, New York, United States",UTC−05:00
CTP,SNCP,Carutapera Airport,"Carutapera, Maranhão, Brazil",UTC−03:00
CTQ,SSVP,Do Palmar Airport,"Santa Vitória, Rio Grande do Sul, Brazil",UTC−03:00
CTR,,Cattle Creek Airport,"Cattle Creek, Northern Territory, Australia",UTC+09:30
CTS,RJCC,New Chitose Airport,"Sapporo, Hokkaido, Japan",UTC+09:00
CTT,LFMQ,Le Castellet Airport,"Le Castellet, Provence-Alpes-Côte d'Azur, France",UTC+01:00
CTU,ZUUU,Chengdu Shuangliu International Airport,"Chengdu, Sichuan, China",UTC+08:00
CTW,,Cottonwood Airport (FAA: P52),"Cottonwood, Arizona, United States",UTC−07:00
CTX,,"Cortland County Airport (Chase Field, FAA: N03)","Cortland, New York, United States",UTC−05:00
CTY,KCTY,Cross City Airport,"Cross City, Florida, United States",UTC−05:00
CTZ,KCTZ,Clinton–Sampson County Airport,"Clinton, North Carolina, United States",UTC−05:00
CUA,MMDA,Ciudad Constitución Airport,"Ciudad Constitución, Baja California Sur, Mexico",UTC−07:00
CUB,KCUB,Jim Hamilton–L.B. Owens Airport,"Columbia, South Carolina, United States",UTC−05:00
CUC,SKCC,Camilo Daza International Airport,"Cúcuta, Colombia",UTC−05:00
CUD,YCDR,Caloundra Airport,"Caloundra, Queensland, Australia",UTC+10:00
CUE,SECU,Mariscal Lamar International Airport,"Cuenca, Ecuador",UTC−05:00
CUF,LIMZ,Cuneo International Airport,"Cuneo, Piedmont, Italy",UTC+01:00
CUG,YCUA,Cudal Airport,"Cudal, New South Wales, Australia",UTC+10:00
CUH,KCUH,Cushing Municipal Airport,"Cushing, Oklahoma, United States",UTC−06:00
CUI,,Curillo Airport,"Curillo, Colombia",UTC−05:00
CUJ,,Culion Airport,"Culion, Philippines",UTC+08:00
CUK,,Caye Caulker Airport,"Caye Caulker, Belize",UTC−06:00
CUL,MMCL,Bachigualato Federal International Airport,"Culiacán, Sinaloa, Mexico",UTC−07:00
CUM,SVCU,Antonio José de Sucre Airport,"Cumaná, Venezuela",UTC−04:00
CUN,MMUN,Cancún International Airport,"Cancún, Quintana Roo, Mexico",UTC−05:00
CUO,SKCR,Caruru Airport,"Caruru, Colombia",UTC−05:00
CUP,SVCP,General José Francisco Bermúdez Airport,"Carúpano, Venezuela",UTC−04:00
CUQ,YCOE,Coen Airport,"Coen, Queensland, Australia",UTC+10:00
CUR,TNCC,Curaçao International Airport (Hato Int'l Airport),"Willemstad, Curaçao",UTC−04:00
CUS,,Columbus Municipal Airport (FAA: 0NM0),"Columbus, New Mexico, United States",UTC−07:00
CUT,SAZW,Cutral Có Airport,"Cutral Có, Neuquén, Argentina",UTC−03:00
CUU,MMCU,General Roberto Fierro Villalobos International Airport,"Chihuahua, Chihuahua, Mexico",UTC−07:00
CUV,SVCG,Casigua El Cubo Airport,"Casigua El Cubo, Venezuela",UTC−04:00
CUX,,Cuddihy Field (FAA: 07TE),"Corpus Christi, Texas, United States",UTC−06:00
CUY,YCUE,Cue Airport,"Cue, Western Australia, Australia",UTC+08:00
CUZ,SPZO,Alejandro Velasco Astete International Airport,"Cusco, Peru",UTC−05:00
CVB,AYCB,Chungrebu Airport,"Chungrebu, Papua New Guinea",UTC+10:00
CVC,YCEE,Cleve Airport,"Cleve, South Australia, Australia",UTC+09:30
CVE,SKCV,Coveñas Airport,"Coveñas, Colombia",UTC−05:00
CVF,LFLJ,Courchevel Altiport,"Courchevel, Rhône-Alpes, France",UTC+01:00
CVG,KCVG,Cincinnati/Northern Kentucky International Airport,"Hebron (near Cincinnati/OH), Kentucky, United States",UTC−05:00
CVH,,Caviahue Airport,"Caviahue, Neuquén, Argentina",UTC−03:00
CVI,,Caleta Olivia Airport,"Caleta Olivia, Santa Cruz, Argentina",UTC−03:00
CVJ,MMCB,General Mariano Matamoros Airport,"Cuernavaca, Morelos, Mexico",UTC−06:00
CVL,,Cape Vogel Airport,"Cape Vogel, Papua New Guinea",UTC+10:00
CVM,MMCV,General Pedro J. Méndez International Airport,"Ciudad Victoria, Tamaulipas, Mexico",UTC−06:00
CVN,KCVN,Clovis Municipal Airport,"Clovis, New Mexico, United States",UTC−07:00
CVO,KCVO,Corvallis Municipal Airport,"Corvallis, Oregon, United States",UTC−08:00
CVQ,YCAR,Carnarvon Airport,"Carnarvon, Western Australia, Australia",UTC+08:00
CVS,KCVS,Cannon Air Force Base,"Clovis, New Mexico, United States",UTC−07:00
CVT,EGBE,Coventry Airport,"Coventry, England, United Kingdom",UTC±00:00
CVU,LPCR,Corvo Airport,"Corvo Island, Azores, Portugal",UTC−01:00
CWA,KCWA,Central Wisconsin Airport,"Wausau, Wisconsin, United States",UTC−06:00
CWB,SBCT,Afonso Pena International Airport,"Curitiba, Paraná, Brazil",UTC−03:00
CWC,UKLN,Chernivtsi International Airport,"Chernivtsi, Ukraine",UTC+02:00
CWF,KCWF,Chennault International Airport,"Lake Charles, Louisiana, United States",UTC−06:00
CWI,KCWI,Clinton Municipal Airport,"Clinton, Iowa, United States",UTC−06:00
CWJ,ZPCW,Cangyuan Washan Airport,"Nuoliang Township, China",UTC+08:00
CWL,EGFF,Cardiff Airport,"Cardiff, Wales, United Kingdom",UTC±00:00
CWR,YCWI,Cowarie Airport,"Cowarie, South Australia, Australia",UTC+09:30
CWS,,Center Island Airport (FAA: 78WA),"Center Island, Washington, United States",UTC−08:00
CWT,YCWR,Cowra Airport,"Cowra, New South Wales, Australia",UTC+10:00
CWW,YCOR,Corowa Airport,"Corowa, New South Wales, Australia",UTC+10:00
CWX,,Cochise County Airport[1] (FAA: P33),"Willcox, Arizona, United States",UTC−07:00
CXA,SVCD,Caicara del Orinoco Airport,"Caicara del Orinoco, Venezuela",UTC−04:00
CXB,VGCB,Cox's Bazar Airport,"Cox's Bazar, Bangladesh",UTC+06:00
CXC,,Chitina Airport,"Chitina, Alaska, United States",UTC−09:00
CXF,PACX,Coldfoot Airport,"Coldfoot, Alaska, United States",UTC−09:00
CXH,CYHC,Vancouver Harbour Flight Centre (Coal Harbour Seaplane Base),"Vancouver, British Columbia, Canada",UTC−08:00
CXI,PLCH,Cassidy International Airport,"Christmas Island, Kiribati",UTC+14:00
CXJ,SBCX,Caxias do Sul Airport (Hugo Cantergiani Regional Airport),"Caxias do Sul, Rio Grande do Sul, Brazil",UTC−03:00
CXL,KCXL,Calexico International Airport,"Calexico, California, United States",UTC−08:00
CXN,HCMC,Candala Airport,"Candala, Somalia",UTC+03:00
CXO,KCXO,Lone Star Executive Airport,"Houston, Texas, United States",UTC−06:00
CXP,WIHL,Tunggul Wulung Airport,"Cilacap, Indonesia",UTC+07:00
CXQ,YCRK,Christmas Creek Airport,"Christmas Creek Station, Western Australia, Australia",UTC+08:00
CXR,VVCR,Cam Ranh International Airport,"Cam Ranh, Vietnam",UTC+07:00
CXT,YCHT,Charters Towers Airport,"Charters Towers, Queensland, Australia",UTC+10:00
CXY,MYCC,Cat Cay Airport,"Cat Cays, Bimini, Bahamas",UTC−05:00
CYA,MTCA,Antoine-Simon Airport,"Les Cayes, Haiti",UTC−05:00
CYB,MWCB,Charles Kirkconnell International Airport,"Cayman Brac, British Overseas Territory of Cayman Islands",UTC−05:00
CYC,,Caye Chapel Airport,"Caye Chapel, Belize",UTC−06:00
CYD,MZMF,San Ignacio Town Airstrip[1],"San Ignacio, Belize",UTC−06:00
CYF,PACK,Chefornak Airport (FAA: CFK),"Chefornak, Alaska, United States",UTC−09:00
CYG,YCRG,Corryong Airport,"Corryong, Victoria, Australia",UTC+10:00
CYI,RCKU,Chiayi Airport,"Chiayi, Taiwan",UTC+08:00
CYL,MHCS[3],Coyoles Airport,"Coyoles, Honduras",UTC−06:00
CYM,,Chatham Seaplane Base,"Chatham, Alaska, United States",UTC−09:00
CYO,MUCL,Vilo Acuña Airport,"Cayo Largo del Sur, Cuba",UTC−05:00
CYP,RPVC,Calbayog Airport,"Calbayog, Philippines",UTC+08:00
CYR,SUCA,Colonia Airport (Laguna de los Patos Intn'l Airport),"Colonia del Sacramento, Uruguay",UTC−03:00
CYS,KCYS,Cheyenne Regional Airport (Jerry Olson Field),"Cheyenne, Wyoming, United States",UTC−07:00
CYT,PACY,Yakataga Airport,"Yakataga, Alaska, United States",UTC−09:00
CYU,RPLO,Cuyo Airport,"Cuyo, Philippines",UTC+08:00
CYW,MMCY,Captain Rogelio Castillo National Airport,"Celaya, Guanajuato, Mexico",UTC−06:00
CYX,UESS,Chersky Airport,"Chersky, Yakutia, Russia",UTC+11:00
CYZ,RPUY,Cauayan Airport,"Cauayan, Philippines",UTC+08:00
CZA,MMCT,Chichen Itza International Airport,"Chichen Itza, Yucatán, Mexico",UTC−06:00
CZB,,Carlos Ruhl Airport,"Cruz Alta, Rio Grande do Sul, Brazil",UTC−03:00
CZC,,Copper Center 2 Airport (FAA: Z93),"Copper Center, Alaska, United States",UTC−09:00
CZE,SVCR,José Leonardo Chirino Airport,"Coro, Venezuela",UTC−04:00
CZF,PACZ,Cape Romanzof LRRS Airport,"Cape Romanzof, Alaska, United States",UTC−09:00
CZH,,Corozal Airport,"Corozal, Belize",UTC−06:00
CZJ,,Corazón de Jesús Airport,"Corazón de Jesús, Panama",UTC−05:00
CZK,KCZK,Cascade Locks State Airport,"Cascade Locks, Oregon, United States",UTC−08:00
CZL,DABC,Mohamed Boudiaf International Airport,"Constantine, Algeria",UTC+01:00
CZM,MMCZ,Cozumel International Airport,"Cozumel, Quintana Roo, Mexico",UTC−05:00
CZN,,Chisana Airport,"Chisana, Alaska, United States",UTC−09:00
CZO,,Chistochina Airport,"Chistochina, Alaska, United States",UTC−09:00
CZP,,Cape Pole Seaplane Base (FAA: Z71),"Cape Pole, Alaska, United States",UTC−09:00
CZS,SBCZ,Cruzeiro do Sul International Airport,"Cruzeiro do Sul, Acre, Brazil",UTC−05:00
CZT,KCZT,Dimmit County Airport,"Carrizo Springs, Texas, United States",UTC−06:00
CZU,SKCZ,Las Brujas Airport,"Corozal, Colombia",UTC−05:00
CZW,EPCH,Częstochowa-Rudniki Airport,"Częstochowa, Poland",UTC+01:00
CZX,ZSCG,Changzhou Benniu Airport,"Changzhou, Jiangsu, China",UTC+08:00
CZY,YUNY,Cluny Airport,"Cluny, Queensland, Australia",UTC+10:00
DAA,KDAA,Davison Army Airfield,"Fort Belvoir, Virginia, United States",UTC−05:00
DAB,KDAB,Daytona Beach International Airport,"Daytona Beach, Florida, United States",UTC−05:00
DAC,VGHS,Shahjalal International Airport,"Dhaka, Bangladesh",UTC+06:00
DAD,VVDN,Da Nang International Airport,"Da Nang, Vietnam",UTC+07:00
DAF,,Daup Airport,"Daup, Papua New Guinea",UTC+10:00
DAG,KDAG,Barstow-Daggett Airport,"Daggett, California, United States",UTC−08:00
DAH,,Dathina Airport,"Dathina, Yemen",UTC+03:00
DAK,HEDK,Dakhla Oasis Airport,"Dakhla Oasis, Egypt",UTC+02:00
DAL,KDAL,Dallas Love Field,"Dallas, Texas, United States",UTC−06:00
DAM,OSDI,Damascus International Airport,"Damascus, Syria",UTC+02:00
DAN,KDAN,Danville Regional Airport,"Danville, Virginia, United States",UTC−05:00
DAO,,Dabo Airport[1],"Dabo, Papua New Guinea",UTC+10:00
DAP,VNDL,Darchula Airport,"Darchula, Nepal",UTC+05:45
DAR,HTDA,Julius Nyerere International Airport,"Dar es Salaam, Tanzania",UTC+03:00
DAS,,Great Bear Lake Airport[1] (TC: CFF4),"Great Bear Lake, Northwest Territories, Canada",UTC−08:00
DAT,ZBDT,Datong Yungang Airport,"Datong, Shanxi, China",UTC+08:00
DAU,AYDU,Daru Airport,"Daru, Papua New Guinea",UTC+10:00
DAV,MPDA,Enrique Malek International Airport,"David, Panama",UTC−05:00
DAX,ZUDX,Dazhou Heshi Airport,"Dazhou, Sichuan, China",UTC+08:00
DAY,KDAY,Dayton International Airport,"Dayton, Ohio, United States",UTC−05:00
DAZ,OADZ,Darwaz Airport,"Darwaz, Afghanistan",UTC+04:30
DBA,OPDB,Dalbandin Airport,"Dalbandin, Pakistan",UTC+05:00
DBB,HEAL[2],Al Alamain International Airport[1],"El Alamein, Egypt",UTC+02:00
DBC,ZYBA,Baicheng Chang'an Airport[1],"Baicheng, Jilin, China",UTC+08:00
DBD,VEDB,Dhanbad Airport,"Dhanbad, Jharkhand, India",UTC+05:30
DBK,,Dutch Bay Seaplane Base[1],"Kalpitiya, Sri Lanka",UTC+05:30
DBM,HADM,Debre Marqos Airport,"Debre Marqos, Ethiopia",UTC+03:00
DBN,KDBN,W. H. 'Bud' Barron Airport,"Dublin, Georgia, United States",UTC−05:00
DBO,YSDU,Dubbo City Regional Airport,"Dubbo, New South Wales, Australia",UTC+10:00
DBP,AYDB,Debepare Airport,"Debepare, Papua New Guinea",UTC+10:00
DBQ,KDBQ,Dubuque Regional Airport,"Dubuque, Iowa, United States",UTC−06:00
DBR,VE89,Darbhanga Airport,"Darbhanga, Bihar, India",UTC+05:30
DBS,,Dubois Municipal Airport (FAA: U41),"Dubois, Idaho, United States",UTC−07:00
DBT,HADT,Debre Tabor Airport,"Debre Tabor, Ethiopia",UTC+03:00
DBU,,Dambulu Oya Tank Seaplane Base[1],"Dambulla, Sri Lanka",UTC+05:30
DBV,LDDU,Dubrovnik Airport,"Dubrovnik, Croatia",UTC+01:00
DBY,YDAY,Dalby Airport,"Dalby, Queensland, Australia",UTC+10:00
DCA,KDCA,Ronald Reagan Washington National Airport,"Arlington County (near Washington, D.C.), Virginia, United States",UTC−05:00
DCF,TDCF,Canefield Airport,"Canefield, Dominica",UTC−04:00
DCG,,Dubai Creek Seaplane Base[1],"Dubai, United Arab Emirates",UTC+04:00
DCI,LIED,Decimomannu Air Base,"Decimomannu, Sardinia, Italy",UTC+01:00
DCK,,Dahl Creek Airport,"Dahl Creek, Alaska, United States",UTC−09:00
DCM,LFCK,Castres–Mazamet Airport,"Castres, Midi-Pyrénées, France",UTC+01:00
DCN,YCIN,RAAF Base Curtin[1],"Derby, Western Australia, Australia",UTC+08:00
DCT,MYRD,Duncan Town Airport,"Duncan Town, Ragged Island, Bahamas",UTC−05:00
DCU,KDCU,Pryor Field Regional Airport,"Decatur, Alabama, United States",UTC−06:00
DCY,ZUDC,Daocheng Yading Airport,"Daocheng, Sichuan, China",UTC+08:00
DDC,KDDC,Dodge City Regional Airport,"Dodge City, Kansas, United States",UTC−06:00
DDD,VRMU,Dhaalu Airport,"Dhaalu Atoll, Maldives",UTC+05:00
DDG,ZYDD,Dandong Langtou Airport,"Dandong, Liaoning, China",UTC+08:00
DDM,,Dodoima Airport,"Dodoima, Papua New Guinea",UTC+10:00
DDN,YDLT,Delta Downs Airport,"Delta Downs, Queensland, Australia",UTC+10:00
DDU,OPDD,Dadu Airport,"Dadu, Pakistan",UTC+05:00
DEA,OPDG,Dera Ghazi Khan International Airport,"Dera Ghazi Khan, Pakistan",UTC+05:00
DEB,LHDC,Debrecen International Airport,"Debrecen, Hungary",UTC+01:00
DEC,KDEC,Decatur Airport,"Decatur, Illinois, United States",UTC−06:00
DED,VIDN,Jolly Grant Airport,"Dehradun, Uttarakhand, India",UTC+05:30
DEE,UHSM,Yuzhno-Kurilsk Mendeleyevo Airport[1],"Yuzhno-Kurilsk, Sakhalin Oblast, Russia",UTC+11:00
DEF,OIAD,Dezful Airport,"Dezful, Iran",UTC+03:30
DEH,KDEH,Decorah Municipal Airport,"Decorah, Iowa, United States",UTC−06:00
DEI,FSSD,Denis Island Airport,"Denis Island, Seychelles",UTC+04:00
DEL,VIDP,Indira Gandhi International Airport,"Delhi, India",UTC+05:30
DEM,HADD,Dembidolo Airport,"Dembidolo, Ethiopia",UTC+03:00
DEN,KDEN,Denver International Airport,"Denver, Colorado, United States",UTC−07:00
DEP,VEDZ,Daporijo Airport,"Daporijo, Arunachal Pradesh, India",UTC+05:30
DEQ,,Deqing Moganshan Airport,"Deqing, Zhejiang, China",UTC+08:00
DER,AYDE,Derim Airport,"Derim, Papua New Guinea",UTC+10:00
DES,FSDR,Desroches Airport,"Desroches Island, Seychelles",UTC+04:00
DET,KDET,Coleman A. Young International Airport,"Detroit, Michigan, United States",UTC−05:00
DEX,,Nop Goliat Dekai Airport[1],"Yahukimo, Indonesia",UTC+09:00
DEZ,OSDZ,Deir ez-Zor Airport,"Deir ez-Zor, Syria",UTC+02:00
DFI,KDFI,Defiance Memorial Airport,"Defiance, Ohio, United States",UTC−05:00
DFP,,Drumduff Airport,"Drumduff, Queensland, Australia",UTC+10:00
DFW,KDFW,Dallas/Fort Worth International Airport,"Dallas / Fort Worth, Texas, United States",UTC−06:00
DGA,MZPB,Dangriga Airport,"Dangriga, Belize",UTC−06:00
DGC,,Degeh Bur Airport,"Degeh Bur, Ethiopia",UTC+03:00
DGD,YDGA,Dalgaranga Airport[1],"Dalgaranga Gold Mine, Western Australia, Australia",UTC+08:00
DGE,YMDG,Mudgee Airport,"Mudgee, New South Wales, Australia",UTC+10:00
DGF,,Douglas Lake Airport[1],"Douglas Lake, British Columbia, Canada",UTC−08:00
DGH,VEDO,Deoghar Airport[3],"Deoghar, Jharkhand, India",UTC+05:30
DGK,,Dugong Beach Lodge Airstrip[1],"Dugong Beach Lodge, Mozambique",UTC+02:00
DGL,KDGL,Douglas Municipal Airport,"Douglas, Arizona, United States",UTC−07:00
DGM,,Dandugama Seaplane Base[1],"Colombo, Sri Lanka",UTC+05:30
DGN,KNDY,Naval Surface Warfare Center Dahlgren Division (FAA: NDY),"Dahlgren, Virginia, United States",UTC−05:00
DGO,MMDO,General Guadalupe Victoria International Airport,"Durango, Durango, Mexico",UTC−06:00
DGP,EVDA,Daugavpils International Airport,"Daugavpils, Latvia",UTC+02:00
DGR,NZDA,Dargaville Aerodrome,"Dargaville, New Zealand",UTC+12:00
DGT,RPVD,Sibulan Airport (Dumaguete Airport),"Dumaguete, Philippines",UTC+08:00
DGU,DFOD,Dédougou Airport,"Dédougou, Burkina Faso",UTC±00:00
DGW,KDGW,Converse County Airport,"Douglas, Wyoming, United States",UTC−07:00
DHA,OEDR,King Abdulaziz Air Base,"Dhahran, Saudi Arabia",UTC+03:00
DHB,,Deer Harbor Sea Plane Base[1],"Deer Harbor, Washington, United States",UTC−08:00
DHD,YDRH,Durham Downs Airport,"Durham Downs, Queensland, Australia",UTC+10:00
DHF,OMAM,Al Dhafra Air Base,"Abu Dhabi, United Arab Emirates",UTC+04:00
DHI,VNDH,Dhangadhi Airport,"Dhangadhi, Nepal",UTC+05:45
DHL,ODAL,Dhala Airport,"Dhala, Yemen",UTC+03:00
DHM,VIGG,Gaggal Airport,"Kangra, Himachal Pradesh, India",UTC+05:30
DHN,KDHN,Dothan Regional Airport,"Dothan, Alabama, United States",UTC−06:00
DHR,EHKD,De Kooy Airfield,"Den Helder, Netherlands",UTC+01:00
DHT,KDHT,Dalhart Municipal Airport,"Dalhart, Texas, United States",UTC−06:00
DIA,OTBD,Doha International Airport,"Doha, Qatar",UTC+03:00
DIB,VEMN,Dibrugarh Airport (Mohanbari Airport),"Dibrugarh, Assam, India",UTC+05:30
DIE,FMNA,Arrachart Airport,"Antsiranana, Madagascar",UTC+03:00
DIG,ZPDQ,Diqing Shangri-La Airport,"Shangri-La, Yunnan, China",UTC+08:00
DIJ,LFSD,Dijon Air Base,"Dijon, Burgundy, France",UTC+01:00
DIK,KDIK,Dickinson Theodore Roosevelt Regional Airport,"Dickinson, North Dakota, United States",UTC−07:00
DIL,WPDL,Presidente Nicolau Lobato International Airport,"Dili, East Timor",UTC+09:00
DIM,DIDK,Dimbokro Airport,"Dimbokro, Ivory Coast",UTC±00:00
DIN,VVDB,Dien Bien Phu Airport,"Dien Bien Phu, Vietnam",UTC+07:00
DIO,PPDM,Diomede Heliport,"Diomede, Alaska, United States",UTC−09:00
DIP,DFED,Diapaga Airport,"Diapaga, Burkina Faso",UTC±00:00
DIQ,SNDV,Divinópolis Airport (Brigadeiro Cabral Airport),"Divinópolis, Minas Gerais, Brazil",UTC−03:00
DIR,HADR,Aba Tenna Dejazmach Yilma International Airport,"Dire Dawa, Ethiopia",UTC+03:00
DIS,FCPL,Dolisie Airport,"Dolisie, Republic of the Congo",UTC+01:00
DIU,,Diu Airport,"Diu, Daman and Diu, India",UTC+05:30
DIV,DIDV,Divo Airport,"Divo, Ivory Coast",UTC±00:00
DIW,,Mawella Lagoon Seaplane Base[1],"Dickwella, Sri Lanka",UTC+05:30
DIY,LTCC,Diyarbakır Airport,"Diyarbakır, Turkey",UTC+03:00
DJA,DBBD,Djougou Airport,"Djougou, Benin",UTC+01:00
DJB,WIPA,Sultan Thaha Airport,"Jambi, Indonesia",UTC+07:00
DJE,DTTJ,Djerba–Zarzis International Airport,"Djerba, Tunisia",UTC+01:00
DJG,DAAJ,Tiska Djanet Airport,"Djanet, Algeria",UTC+01:00
DJH,,Jebel Ali Seaplane Base,"Dubai, United Arab Emirates",UTC+04:00
DJJ,WAJJ,Sentani Airport,"Jayapura, Indonesia",UTC+09:00
DJM,FCBD,Djambala Airport,"Djambala, Republic of the Congo",UTC+01:00
DJN,,Delta Junction Airport (FAA: D66),"Delta Junction, Alaska, United States",UTC−09:00
DJO,DIDL,Daloa Airport,"Daloa, Ivory Coast",UTC±00:00
DJU,BIDV,Djúpivogur Airport,"Djúpivogur, Iceland",UTC±00:00
DKA,,Katsina Airport[1],"Katsina, Nigeria",UTC+01:00
DKI,YDKI,Dunk Island Airport,"Dunk Island, Queensland, Australia",UTC+10:00
DKK,KDKK,Chautauqua County/Dunkirk Airport,"Dunkirk, New York, United States",UTC−05:00
DKR,GOOY,Léopold Sédar Senghor International Airport,"Dakar, Senegal",UTC±00:00
DKS,UODD,Dikson Airport,"Dikson, Krasnoyarsk Krai, Russia",UTC+07:00
DKV,YDVR,Docker River Airport,"Docker River, Northern Territory, Australia",UTC+09:30
DLA,FKKD,Douala International Airport,"Douala, Cameroon",UTC+01:00
DLB,,Dalbertis Airport,"Dalbertis, Papua New Guinea",UTC+10:00
DLC,ZYTL,Dalian Zhoushuizi International Airport,"Dalian, Liaoning, China",UTC+08:00
DLE,LFGJ,Dole–Jura Airport,"Dole, Franche-Comté, France",UTC+01:00
DLF,KDLF,Laughlin Air Force Base,"Del Rio, Texas, United States",UTC−06:00
DLG,PADL,Dillingham Airport,"Dillingham, Alaska, United States",UTC−09:00
DLH,KDLH,Duluth International Airport,"Duluth, Minnesota, United States",UTC−06:00
DLI,VVDL,Lien Khuong Airport,"Da Lat, Vietnam",UTC+07:00
DLK,YDLK,Dulkaninna Airport,"Dulkaninna, South Australia, Australia",UTC+09:30
DLL,KDLC,Dillon County Airport (FAA: DLC),"Dillon, South Carolina, United States",UTC−05:00
DLM,LTBS,Dalaman Airport,"Dalaman, Turkey",UTC+03:00
DLN,KDLN,Dillon Airport,"Dillon, Montana, United States",UTC−07:00
DLS,KDLS,Columbia Gorge Regional Airport (The Dalles Municipal Airport),"The Dalles, Oregon, United States",UTC−08:00
DLU,ZPDL,Dali Airport,"Dali, Yunnan, China",UTC+08:00
DLV,YDLV,Delissaville Airport,"Delissaville, Northern Territory, Australia",UTC+09:30
DLY,NVVD,Dillon's Bay Airport,"Dillon's Bay, Erromango, Tafea, Vanuatu",UTC+11:00
DLZ,ZMDZ,Dalanzadgad Airport,"Dalanzadgad, Mongolia",UTC+08:00
DMA,KDMA,Davis–Monthan Air Force Base,"Tucson, Arizona, United States",UTC−07:00
DMB,UADD,Taraz Airport (Jambyl Airport),"Taraz, Kazakhstan",UTC+06:00
DMD,YDMG,Doomadgee Airport,"Doomadgee, Queensland, Australia",UTC+10:00
DME,UUDD,Domodedovo International Airport,"Moscow, Russia",UTC+03:00
DMK,VTBD,Don Mueang International Airport,"Bangkok, Thailand",UTC+07:00
DMM,OEDF,King Fahd International Airport,"Dammam, Saudi Arabia",UTC+03:00
DMN,KDMN,Deming Municipal Airport,"Deming, New Mexico, United States",UTC−07:00
DMO,KDMO,Sedalia Regional Airport,"Sedalia, Missouri, United States",UTC−06:00
DMR,,Dhamar Airport,"Dhamar, Yemen",UTC+03:00
DMT,SWDM,Diamantino Airport,"Diamantino, Mato Grosso, Brazil",UTC−04:00
DMU,VEMR,Dimapur Airport,"Dimapur, Nagaland, India",UTC+05:30
DNA,RODN,Kadena Air Base,"Kadena, Okinawa, Japan",UTC+09:00
DNB,YDBR,Dunbar Airport,"Dunbar, Queensland, Australia",UTC+10:00
DND,EGPN,Dundee Airport,"Dundee, Scotland, United Kingdom",UTC±00:00
DNF,,Martuba Air Base,"Derna, Libya",UTC+02:00
DNG,,Doongan Airport[1],"Doongan, Western Australia, Australia",UTC+08:00
DNH,ZLDH,Dunhuang Airport,"Dunhuang, Gansu, China",UTC+08:00
DNI,HSWD,Wad Medani Airport,"Wad Madani, Sudan",UTC+03:00
DNK,UKDD,Dnipro International Airport,"Dnipro, Ukraine",UTC+02:00
DNL,KDNL,Daniel Field,"Augusta, Georgia, United States",UTC−05:00
DNM,,Denham Airport,"Denham, Western Australia, Australia",UTC+08:00
DNN,KDNN,Dalton Municipal Airport,"Dalton, Georgia, United States",UTC−05:00
DNO,SWDN,Dianópolis Airport,"Dianópolis, Tocantins, Brazil",UTC−03:00
DNP,VNDG,Tribhuvannagar Airport (Dang Airport),"Tribhuwannagar, Nepal",UTC+05:45
DNQ,YDLQ,Deniliquin Airport,"Deniliquin, New South Wales, Australia",UTC+10:00
DNR,LFRD,Dinard–Pleurtuit–Saint-Malo Airport,"Dinard / Saint-Malo, Brittany, France",UTC+01:00
DNS,KDNS,Denison Municipal Airport,"Denison, Iowa, United States",UTC−06:00
DNU,AYDN,Dinangat Airport,"Dinangat, Papua New Guinea",UTC+10:00
DNV,KDNV,Vermilion Regional Airport,"Danville, Illinois, United States",UTC−06:00
DNX,HSGG,Galegu Airport,"Dinder, Sudan",UTC+03:00
DNZ,LTAY,Denizli Çardak Airport,"Denizli, Turkey",UTC+03:00
DOA,,Doany Airport,"Doany, Madagascar",UTC+03:00
DOB,WAPD,Dobo Airport,"Dobo, Indonesia",UTC+09:00
DOC,,Dornoch Airfield,"Dornoch, Scotland, United Kingdom",UTC±00:00
DOD,HTDO,Dodoma Airport,"Dodoma, Tanzania",UTC+03:00
DOE,,Djumu Airstrip,"Djumu, Suriname",UTC−03:00
DOG,HSDN,Dongola Airport,"Dongola, Sudan",UTC+03:00
DOH,OTHH,Hamad International Airport,"Doha, Qatar",UTC+03:00
DOI,AYDO,Doini Island Airport,"Doini Island, Papua New Guinea",UTC+10:00
DOK,UKCC,Donetsk International Airport,"Donetsk, Ukraine",UTC+03:00
DOL,LFRG,Deauville – Saint-Gatien Airport,"Deauville, Lower Normandy, France",UTC+01:00
DOM,TDPD,Douglas–Charles Airport,"St Andrew Parish, Dominica",UTC−04:00
DON,,Dos Lagunas Airport,"Dos Lagunas, Guatemala",UTC−06:00
DOO,AYDR,Dorobisoro Airstrip,"Dorobisoro, Papua New Guinea",UTC+10:00
DOP,VNDP,Dolpa Airport,"Dolpa, Nepal",UTC+05:45
DOR,DFEE,Dori Airport,"Dori, Burkina Faso",UTC±00:00
DOS,,Dios Airport,"Dios, Papua New Guinea",UTC+11:00
DOU,SSDO,Dourados Airport (Francisco de Matos Pereira Airport),"Dourados, Mato Grosso do Sul, Brazil",UTC−04:00
DOV,KDOV,Dover Air Force Base,"Dover, Delaware, United States",UTC−05:00
DOX,YDRA,Dongara Airport,"Dongara, Western Australia, Australia",UTC+08:00
DOY,ZSDY,Dongying Shengli Airport[1],"Dongying, Shandong, China",UTC+08:00
DPA,KDPA,DuPage Airport,"West Chicago, Illinois, United States",UTC−06:00
DPB,SCBI,Pampa Guanaco Airport,"Camerón, Timaukel, Tierra del Fuego Province, Magallanes Region, Chile",UTC−04:00
DPE,LFAB,Dieppe - Saint-Aubin Airport,"Dieppe, Upper Normandy, France",UTC+01:00
DPG,KDPG,Michael Army Airfield,"Dugway, Utah, United States",UTC−07:00
DPL,RPMG,Dipolog Airport,"Dipolog, Philippines",UTC+08:00
DPO,YDPO,Devonport Airport,"Devonport, Tasmania, Australia",UTC+10:00
DPS,WADD,Ngurah Rai International Airport,"Denpasar (Bali), Indonesia",UTC+08:00
DPT,,Deputatsky Airport,"Deputatsky, Yakutia, Russia",UTC+10:00
DPU,,Dumpu Airport,"Dumpu, Papua New Guinea",UTC+10:00
DQA,ZYDQ,Daqing Sartu Airport,"Daqing, Heilongjiang, China",UTC+08:00
DQM,,Duqm International Airport[1],"Duqm, Oman",UTC+04:00
DRA,KDRA,Desert Rock Airport,"Mercury, Nevada, United States",UTC−08:00
DRB,YDBY,Derby Airport,"Derby, Western Australia, Australia",UTC+08:00
DRC,,Dirico Airport,"Dirico, Angola",UTC+01:00
DRD,YDOR,Dorunda Airport,"Dorunda, Queensland, Australia",UTC+10:00
DRE,KDRM,Drummond Island Airport (FAA: DRM),"Drummond Island, Michigan, United States",UTC−05:00
DRF,,Drift River Airport[1],"Drift River, Alaska, United States",UTC−09:00
DRG,PADE,Deering Airport (FAA: DEE),"Deering, Alaska, United States",UTC−09:00
DRH,,Dabra Airport,"Dabra, Indonesia",UTC+09:00
DRI,KDRI,Beauregard Regional Airport,"DeRidder, Louisiana, United States",UTC−06:00
DRJ,SMDA,Drietabbetje Airstrip,"Drietabbetje, Suriname",UTC−03:00
DRK,MRDK,Drake Bay Airport,"Drake Bay, Costa Rica",UTC−06:00
DRN,YDBI,Dirranbandi Airport,"Dirranbandi, Queensland, Australia",UTC+10:00
DRO,KDRO,Durango–La Plata County Airport,"Durango, Colorado, United States",UTC−07:00
DRP,RPLK,Bicol International Airport,"Daraga, Albay, Philippines",UTC+8:00
DRR,YDRI,Durrie Airport,"Durrie, Queensland, Australia",UTC+10:00
DRS,EDDC,Dresden Airport,"Dresden, Saxony, Germany",UTC+01:00
DRT,KDRT,Del Rio International Airport,"Del Rio, Texas, United States",UTC−06:00
DRU,,Drummond Airport (FAA: M26),"Drummond, Montana, United States",UTC−07:00
DRV,VRMD,Dharavandhoo Airport[1],"Dharavandhoo Island, Baa Atoll, Maldives",UTC+05:00
DRW,YPDN,Darwin International Airport,"Darwin, Northern Territory, Australia",UTC+09:30
DRY,YDRD[4],Drysdale River Airport[1],"Drysdale River, Western Australia, Australia",UTC+08:00
DSA,EGCN,Robin Hood Airport Doncaster Sheffield,"Doncaster, England, United Kingdom",UTC±00:00
DSC,FKKS,Dschang Airport,"Dschang, Cameroon",UTC+01:00
DSD,TFFA,La Désirade Airport (Grande-Anse Airport),"La Désirade, Guadeloupe",UTC−04:00
DSE,HADC,Combolcha Airport,"Dessie / Kombolcha, Ethiopia",UTC+03:00
DSG,,Dilasag Airport,"Dilasag, Philippines",UTC+08:00
DSI,KDTS,Destin Executive Airport (FAA: DTS),"Destin, Florida, United States",UTC−06:00
DSK,OPDI,Dera Ismail Khan Airport,"Dera Ismail Khan, Pakistan",UTC+05:00
DSM,KDSM,Des Moines International Airport,"Des Moines, Iowa, United States",UTC−06:00
DSN,ZBDS,Ordos Ejin Horo Airport,"Ordos, Inner Mongolia, China",UTC+08:00
DSO,ZKSD,Sondok Airport[1],"Sondok, North Korea",UTC+08:30
DSS,GOBD,Blaise Diagne International Airport,"Dakar, Senegal",UTC±00:00
DSV,KDSV,Dansville Municipal Airport,"Dansville, New York, United States",UTC−05:00
DSX,RCLM,Dongsha Island Airport[1],"Pratas (Tungsha/Dongsha) Island, Taiwan",UTC+08:00
DTA,KDTA,Delta Municipal Airport,"Delta, Utah, United States",UTC−07:00
DTB,WIMN,Silangit Airport[1],"Siborong-Borong, Indonesia",UTC+07:00
DTD,WALJ,Datadawai Airport,"Datadawai, Indonesia",UTC+08:00
DTE,RPUD,Bagasbas Airport,"Daet, Philippines",UTC+08:00
DTH,,Furnace Creek Airport (FAA: L06),"Death Valley, California, United States",UTC−08:00
DTI,SNDT,Diamantina Airport[1],"Diamantina, Minas Gerais, Brazil",UTC−03:00
DTL,KDTL,Detroit Lakes Airport (Wething Field),"Detroit Lakes, Minnesota, United States",UTC−06:00
DTM,EDLW,Dortmund Airport,"Dortmund, North Rhine-Westphalia, Germany",UTC+01:00
DTN,KDTN,Shreveport Downtown Airport,"Shreveport, Louisiana, United States",UTC−06:00
DTR,,Decatur Shores Airport[1],"Decatur Island, Washington, United States",UTC−08:00
DTT[1],,metropolitan area1,"Detroit, Michigan, United States",UTC−05:00
DTU,,Wudalianchi Airport[1],"Wudalianchi, Heilongjiang, China",UTC+08:00
DTW,KDTW,Detroit Metropolitan Wayne County Airport,"Detroit, Michigan, United States",UTC−05:00
DUA,KDUA,Durant Regional Airport–Eaker Field,"Durant, Oklahoma, United States",UTC−06:00
DUB,EIDW,Dublin Airport,"Dublin, Ireland",UTC±00:00
DUC,KDUC,Halliburton Field,"Duncan, Oklahoma, United States",UTC−06:00
DUD,NZDN,Dunedin International Airport,"Dunedin, New Zealand",UTC+12:00
DUE,FNDU,Dundo Airport,"Dundo, Angola",UTC+01:00
DUF,,Pine Island Airport (FAA: 7NC2),"Corolla, North Carolina, United States",UTC−05:00
DUG,KDUG,Bisbee Douglas International Airport,"Bisbee / Douglas, Arizona, United States",UTC−07:00
DUJ,KDUJ,DuBois Regional Airport,"DuBois, Pennsylvania, United States",UTC−05:00
DUK,FADK,Dukuduku Airport,"Mtubatuba, South Africa",UTC+02:00
DUM,WIBD,Pinang Kampai Airport,"Dumai, Indonesia",UTC+07:00
DUQ,,Duncan Airport,"Duncan, British Columbia, Canada",UTC−08:00
DUR,FALE,King Shaka International Airport,"Durban, South Africa",UTC+02:00
DUS,EDDL,Düsseldorf Airport,"Düsseldorf, North Rhine-Westphalia, Germany",UTC+01:00
DUT,PADU,Unalaska Airport,"Unalaska, Alaska, United States",UTC−09:00
DVD,,Andavadoaka Airport,"Andavadoaka, Madagascar",UTC+03:00
DVK,,Diavik Airport[1],"Diavik Diamond Mine, Northwest Territories, Canada",UTC−07:00
DVL,KDVL,Devils Lake Regional Airport (Devils Lake Municipal Airport),"Devils Lake, North Dakota, United States",UTC−06:00
DVN,KDVN,Davenport Municipal Airport,"Davenport, Iowa, United States",UTC−06:00
DVO,RPMD,Francisco Bangoy International Airport,"Davao City, Philippines",UTC+08:00
DVP,YDPD,Davenport Downs Airport,"Davenport Downs, Queensland, Australia",UTC+10:00
DVR,,Daly River Airport,"Daly River, Northern Territory, Australia",UTC+09:30
DVT,KDVT,Phoenix Deer Valley Airport,"Phoenix, Arizona, United States",UTC−07:00
DWA,FWDW,Dwanga Airport (Dwangwa Airport),"Dwangwa, Malawi",UTC+02:00
DWB,FMNO,Soalala Airport,"Soalala, Madagascar",UTC+03:00
DWC,OMDW,Al Maktoum International Airport,"Dubai, United Arab Emirates",UTC+04:00
DWD,OEDW,Dawadmi Domestic Airport (King Salman bin Abdul Aziz Domestic Airport),"Dawadmi, Saudi Arabia",UTC+03:00
DWH,KDWH,David Wayne Hooks Memorial Airport,"Houston, Texas, United States",UTC−06:00
DWO,,Diyawanna Oya Seaplane Base[1],"Sri Jayawardenepura Kotte, Sri Lanka",UTC+05:30
DWR,OADY,Dwyer Airport[1],"Camp Dwyer, Afghanistan",UTC+04:30
DXB,OMDB,Dubai International Airport,"Dubai, United Arab Emirates",UTC+04:00
DXD,YDIX,Dixie Airport,"Dixie, Queensland, Australia",UTC+10:00
DXE,KMBO,Bruce Campbell Field[1] (FAA: MBO),"Madison, Mississippi, United States",UTC−06:00
DXN,VIND,Noida International Airport,"Jewar, India",UTC+05:30
DXR,KDXR,Danbury Municipal Airport,"Danbury, Connecticut, United States",UTC−05:00
DYA,YDYS,Dysart Airport,"Dysart, Queensland, Australia",UTC+10:00
DYG,ZGDY,Zhangjiajie Hehua Airport,"Zhangjiajie, Hunan, China",UTC+08:00
DYL,KDYL,Doylestown Airport,"Doylestown, Pennsylvania, United States",UTC−05:00
DYM,,Diamantina Lakes Airport,"Diamantina Lakes, Queensland, Australia",UTC+10:00
DYR,UHMA,Ugolny Airport,"Anadyr, Chukotka, Russia",UTC+12:00
DYS,KDYS,Dyess Air Force Base,"Abilene, Texas, United States",UTC−06:00
DYU,UTDD,Dushanbe International Airport,"Dushanbe, Tajikistan",UTC+05:00
DYW,,Daly Waters Airport,"Daly Waters, Northern Territory, Australia",UTC+09:30
DZA,FMCZ,Dzaoudzi–Pamandzi International Airport,"Dzaoudzi, Mayotte",UTC+03:00
DZH,ZUDA,Dazhou Jinya Airport,"Dazhou, Sichuan, China",UTC+08:00
DZI,,Codazzi Airport,"Codazzi, Colombia",UTC−05:00
DZN,UAKD,Zhezkazgan Airport,"Zhezkazgan, Kazakhstan",UTC+06:00
DZO,SUDU,Santa Bernardina International Airport,"Durazno, Uruguay",UTC−03:00
DZU,ZUDZ,Dazu Air Base,"Dazu, Chongqing, China",UTC+08:00
EAA,PAEG,Eagle Airport,"Eagle, Alaska, United States",UTC−09:00
EAB,ODAS,Abbs Airport,"Abbs, Yemen",UTC+03:00
EAE,NVSE,Siwo Airport,"Emae Island, Shefa, Vanuatu",UTC+11:00
EAL,,Elenak Airport,"Mejato Island, Kwajalein Atoll, Marshall Islands",UTC+12:00
EAM,OENG,Najran Domestic Airport,"Najran, Saudi Arabia",UTC+03:00
EAN,KEAN,Phifer Airfield,"Wheatland, Wyoming, United States",UTC−07:00
EAP[1],,metropolitan area2,"Basel, Switzerland / Mulhouse, Alsace, France",UTC+01:00
EAR,KEAR,Kearney Regional Airport,"Kearney, Nebraska, United States",UTC−06:00
EAS,LESO,San Sebastián Airport,"San Sebastián, Basque Country, Spain",UTC+01:00
EAT,KEAT,Pangborn Memorial Airport,"Wenatchee, Washington, United States",UTC−08:00
EAU,KEAU,Chippewa Valley Regional Airport,"Eau Claire, Wisconsin, United States",UTC−06:00
EBA,LIRJ,Marina di Campo Airport,"Elba Island, Tuscany, Italy",UTC+01:00
EBB,HUEN,Entebbe International Airport,"Entebbe, Uganda",UTC+03:00
EBD,HSOB,El Obeid Airport,"El Obeid, Sudan",UTC+03:00
EBG,SKEB,El Bagre Airport (El Tomin Airport),"El Bagre, Colombia",UTC−05:00
EBH,DAOY,El Bayadh Airport[1],"El Bayadh, Algeria",UTC+01:00
EBJ,EKEB,Esbjerg Airport,"Esbjerg, Denmark",UTC+01:00
EBL,ORER,Erbil International Airport,"Erbil, Iraqi Kurdistan",UTC+03:00
EBM,DTTR,El Borma Airport,"El Borma, Tunisia",UTC+01:00
EBN,,Ebadon Airstrip,"Ebadon Island, Kwajalein Atoll, Marshall Islands",UTC+12:00
EBO,,Ebon Airport,"Ebon Atoll, Marshall Islands",UTC+12:00
EBS,KEBS,Webster City Municipal Airport,"Webster City, Iowa, United States",UTC−06:00
EBU,LFMH,Saint-Étienne–Bouthéon Airport,"Saint-Étienne, Rhône-Alpes, France",UTC+01:00
EBW,FKKW,Ebolowa Airport,"Ebolowa, Cameroon",UTC+01:00
ECA,,Iosco County Airport (FAA: 6D9),"East Tawas, Michigan, United States",UTC−05:00
ECG,KECG,Elizabeth City Regional Airport,"Elizabeth City, North Carolina, United States",UTC−05:00
ECH,YECH,Echuca Airport,"Echuca, Victoria, Australia",UTC+10:00
ECI,MNLP,Costa Esmeralda Airport[1],"Rivas, Nicaragua",UTC−06:00
ECN,LCEN,Ercan International Airport[1],"Nicosia (Lefkoşa), Northern Cyprus",UTC+03:00
ECO,,El Encanto Airport,"El Encanto, Colombia",UTC−05:00
ECP,KECP,Northwest Florida Beaches International Airport,"Panama City, Florida, United States",UTC−06:00
ECR,SKEH[2],El Charco Airport,"El Charco, Colombia",UTC−05:00
ECS,KECS,Mondell Field,"Newcastle, Wyoming, United States",UTC−07:00
EDA,,Edna Bay Seaplane Base[1],"Edna Bay, Alaska, United States",UTC−09:00
EDB,HSDB,El Debba Airport,"El Debba, Sudan",UTC+03:00
EDD,,Erldunda Airport,"Erldunda, Northern Territory, Australia",UTC+09:30
EDE,KEDE,Northeastern Regional Airport,"Edenton, North Carolina, United States",UTC−05:00
EDF,PAED,Elmendorf Air Force Base,"Anchorage, Alaska, United States",UTC−09:00
EDI,EGPH,Edinburgh Airport,"Edinburgh, Scotland, United Kingdom",UTC±00:00
EDK,KEQA,Captain Jack Thomas/El Dorado Airport (FAA: EQA),"El Dorado, Kansas, United States",UTC−06:00
EDL,HKEL,Eldoret International Airport,"Eldoret, Kenya",UTC+03:00
EDM,LFRI,La Roche-sur-Yon Aerodrome,"La Roche-sur-Yon, Pays de la Loire, France",UTC+01:00
EDO,LTFD,Balıkesir Koca Seyit Airport,"Edremit, Turkey",UTC+03:00
EDQ,,Erandique Airport,"Erandique, Honduras",UTC−06:00
EDR,YPMP,Edward River Airport,"Pormpuraaw, Queensland, Australia",UTC+10:00
EDW,KEDW,Edwards Air Force Base,"Edwards, California, United States",UTC−08:00
EEA,SNCP,Planalto Serrano Regional Airport,"Correia Pinto, Santa Catarina, Brazil",UTC−03:00
EED,KEED,Needles Airport,"Needles, California, United States",UTC−08:00
EEK,PAEE,Eek Airport,"Eek, Alaska, United States",UTC−09:00
EEN,KEEN,Dillant–Hopkins Airport,"Keene, New Hampshire, United States",UTC−05:00
EFD,KEFD,Ellington Field,"Houston, Texas, United States",UTC−06:00
EFG,AYEF,Efogi Airport,"Efogi, Papua New Guinea",UTC+10:00
EFK,KEFK,Newport State Airport,"Newport, Vermont, United States",UTC−05:00
EFL,LGKF,Cephalonia International Airport,"Cephalonia, Greece",UTC+02:00
EFW,KEFW,Jefferson Municipal Airport,"Jefferson, Iowa, United States",UTC−06:00
EGA,AYEN,Engati Airport,"Engati, Papua New Guinea",UTC+10:00
EGC,LFBE,Bergerac Dordogne Périgord Airport,"Bergerac, Aquitaine, France",UTC+01:00
EGE,KEGE,Eagle County Regional Airport,"Eagle / Vail, Colorado, United States",UTC−07:00
EGI,KEGI,Duke Field (Eglin Auxiliary Field 3),"Crestview, Florida, United States",UTC−06:00
EGL,HANG,Neghelle Airport,"Neghelle, Ethiopia",UTC+03:00
EGM,AGGS,Seghe Airport,"Seghe, Western Province, Solomon Islands",UTC+11:00
EGN,HSGN,Geneina Airport,"Geneina, Sudan",UTC+03:00
EGO,UUOB,Belgorod International Airport,"Belgorod, Belgorod Oblast, Russia",UTC+03:00
EGP,,Maverick County Memorial International Airport,"Eagle Pass, Texas, United States",UTC−06:00
EGS,BIEG,Egilsstaðir Airport,"Egilsstaðir, Iceland",UTC±00:00
EGV,KEGV,Eagle River Union Airport,"Eagle River, Wisconsin, United States",UTC−06:00
EGX,PAII,Egegik Airport (FAA: EII),"Egegik, Alaska, United States",UTC−09:00
EHL,SAVB,El Bolsón Airport,"El Bolsón, Río Negro, Argentina",UTC−03:00
EHM,PAEH,Cape Newenham LRRS Airport,"Cape Newenham, Alaska, United States",UTC−09:00
EHU,ZHEC,Ezhou Huahu Airport,"Echeng District, Ezhou, Hubei, China",UTC+08:00
EIA,,Popondetta Airport,"Eia, Papua New Guinea",UTC+10:00
EIB,EDGE,Eisenach-Kindel Airport[1],"Eisenach, Thuringia, Germany",UTC+01:00
EIE,UNII,Yeniseysk Airport,"Yeniseysk, Krasnoyarsk Krai, Russia",UTC+07:00
EIH,,Einasleigh Airport,"Einasleigh, Queensland, Australia",UTC+10:00
EIK,URKE,Yeysk Airport[1],"Yeysk, Krasnodar Krai, Russia",UTC+03:00
EIL,PAEI,Eielson Air Force Base,"Fairbanks, Alaska, United States",UTC−09:00
EIN,EHEH,Eindhoven Airport,"Eindhoven, Netherlands",UTC+01:00
EIS,TUPJ,Terrance B. Lettsome International Airport,"Tortola, British Overseas Territory of Virgin Islands",UTC−04:00
EIY,LLEY,Ein Yahav Airfield,"Ein Yahav, Israel",UTC+02:00
EJA,SKEJ,Yariguíes Airport,"Barrancabermeja, Colombia",UTC−05:00
EJH,OEWJ,Al Wajh Domestic Airport,"Al Wajh, Saudi Arabia",UTC+03:00
EJN,,Ejin Banner Taolai Airport,"Ejin Banner, Inner Mongolia, China",UTC+08:00
EJT,,Enejit Airport,"Enejit, Mili Atoll, Marshall Islands",UTC+12:00
EKA,KEKA,Murray Field,"Eureka, California, United States",UTC−08:00
EKB,UASB,Ekibastuz Airport,"Ekibastuz, Kazakhstan",UTC+06:00
EKD,,Elkedra Airport,"Elkedra, Northern Territory, Australia",UTC+09:30
EKE,,Ekereku Airport,"Ekereku, Guyana",UTC−04:00
EKI,KEKM,Elkhart Municipal Airport (FAA: EKM),"Elkhart, Indiana, United States",UTC−05:00
EKN,KEKN,Elkins-Randolph County Airport,"Elkins, West Virginia, United States",UTC−05:00
EKO,KEKO,Elko Regional Airport,"Elko, Nevada, United States",UTC−08:00
EKS,UHSK,Shakhtyorsk Airport[1],"Shakhtyorsk, Sakhalin Oblast, Russia",UTC+11:00
EKT,ESSU,Eskilstuna Airport,"Eskilstuna, Sweden",UTC+01:00
EKX,KEKX,Elizabethtown Regional Airport (Addington Field),"Elizabethtown, Kentucky, United States",UTC−05:00
ELA,KELA,Eagle Lake Airport,"Eagle Lake, Texas, United States",UTC−06:00
ELB,SKBC,Las Flores Airport,"El Banco, Colombia",UTC−05:00
ELC,YELD,Elcho Island Airport,"Elcho Island, Northern Territory, Australia",UTC+09:30
ELD,KELD,South Arkansas Regional Airport at Goodwin Field,"El Dorado, Arkansas, United States",UTC−06:00
ELE,,El Real Airport,"El Real, Panama",UTC−05:00
ELF,HSFS,El Fasher Airport,"El Fasher, Sudan",UTC+03:00
ELG,DAUE,El Golea Airport,"El Goléa, Algeria",UTC+01:00
ELH,MYEH,North Eleuthera Airport,"North Eleuthera, Eleuthera Island, Bahamas",UTC−05:00
ELI,PFEL,Elim Airport,"Elim, Alaska, United States",UTC−09:00
ELJ,SVWX[3],El Recreo Airport,"El Recreo, Colombia",UTC−05:00
ELK,KELK,Elk City Regional Business Airport,"Elk City, Oklahoma, United States",UTC−06:00
ELL,FAER,Ellisras Airport,"Ellisras, South Africa",UTC+02:00
ELM,KELM,Elmira/Corning Regional Airport,"Elmira / Corning, New York, United States",UTC−05:00
ELN,KELN,Bowers Field,"Ellensburg, Washington, United States",UTC−08:00
ELO,SATD,Eldorado Airport,"Eldorado, Misiones, Argentina",UTC−03:00
ELP,KELP,El Paso International Airport,"El Paso, Texas, United States",UTC−07:00
ELQ,OEGS,Prince Nayef bin Abdulaziz Regional Airport,"Buraidah, Saudi Arabia",UTC+03:00
ELR,,Elelim Airport,"Elelim, Indonesia",UTC+09:00
ELS,FAEL,East London Airport,"East London, South Africa",UTC+02:00
ELT,HETR,El Tor Airport,"El Tor, Egypt",UTC+02:00
ELU,DAUO,Guemar Airport,"El Oued, Algeria",UTC+01:00
ELV,PAEL,Elfin Cove Seaplane Base,"Elfin Cove, Alaska, United States",UTC−09:00
ELW,,Ellamar Seaplane Base (FAA: 1Z9),"Ellamar, Alaska, United States",UTC−09:00
ELX,,El Tigre Airport,"El Tigre, Venezuela",UTC−04:00
ELY,KELY,Ely Airport,"Ely, Nevada, United States",UTC−08:00
ELZ,KELZ,Wellsville Municipal Airport (Tarantine Field),"Wellsville, New York, United States",UTC−05:00
EMA,EGNX,East Midlands Airport,"Nottingham / Leicester / Derby, England, United Kingdom",UTC±00:00
EMD,YEML,Emerald Airport,"Emerald, Queensland, Australia",UTC+10:00
EME,EDWE,Emden Airport,"Emden, Lower Saxony, Germany",UTC+01:00
EMG,FAEM,Empangeni Airport,"Empangeni, South Africa",UTC+02:00
EMI,AYEE,Emirau Airport,"Emirau Island, Papua New Guinea",UTC+10:00
EMK,PAEM,Emmonak Airport (FAA: ENM),"Emmonak, Alaska, United States",UTC−09:00
EML,LSME,Emmen Air Base,"Emmen, Switzerland",UTC+01:00
EMM,KEMM,Kemmerer Municipal Airport,"Kemmerer, Wyoming, United States",UTC−07:00
EMN,GQNI,Néma Airport,"Néma, Mauritania",UTC±00:00
EMO,AYEO,Emo Airport,"Emo, Papua New Guinea",UTC+10:00
EMP,KEMP,Emporia Municipal Airport,"Emporia, Kansas, United States",UTC−06:00
EMS,AYEB,Embessa Airport,"Embessa, Papua New Guinea",UTC+10:00
EMT,KEMT,San Gabriel Valley Airport,"El Monte, California, United States",UTC−08:00
EMX,SAVD,El Maitén Airport,"El Maitén, Chubut, Argentina",UTC−03:00
EMY,HEMN,El Minya Airport,"El Minya, Egypt",UTC+02:00
ENA,PAEN,Kenai Municipal Airport,"Kenai, Alaska, United States",UTC−09:00
ENB,YEEB,Eneabba Airport,"Eneabba, Western Australia, Australia",UTC+08:00
ENC,LFSN,Nancy-Essey Airport,"Nancy, Lorraine, France",UTC+01:00
END,KEND,Vance Air Force Base,"Enid, Oklahoma, United States",UTC−06:00
ENE,WATE,H. Hasan Aroeboesman Airport,"Ende, Indonesia",UTC+08:00
ENF,EFET,Enontekiö Airport,"Enontekiö, Finland",UTC+02:00
ENH,ZHES,Enshi Xujiaping Airport,"Enshi, Hubei, China",UTC+08:00
ENI,RPEN,El Nido Airport,"El Nido, Philippines",UTC+08:00
ENJ,,El Naranjo Airport,"El Naranjo, Guatemala",UTC−06:00
ENK,EGAB,Enniskillen/St Angelo Airport,"Enniskillen, Northern Ireland, United Kingdom",UTC±00:00
ENL,KENL,Centralia Municipal Airport,"Centralia, Illinois, United States",UTC−06:00
ENN,PANN,Nenana Municipal Airport,"Nenana, Alaska, United States",UTC−09:00
ENO,SGEN,Teniente Amin Ayub Gonzalez Airport,"Encarnacion, Paraguay",UTC−04:00
ENS,EHTW,Enschede Airport Twente,"Enschede, Netherlands",UTC+01:00
ENT,PKMA,Enewetak Auxiliary Airfield,"Enewetak, Marshall Islands",UTC+12:00
ENU,DNEN,Akanu Ibiam International Airport,"Enugu, Nigeria",UTC+01:00
ENV,KENV,Wendover Airport,"Wendover, Utah, United States",UTC−07:00
ENW,KENW,Kenosha Regional Airport,"Kenosha, Wisconsin, United States",UTC−06:00
ENY,ZLYA,Yan'an Nanniwan Airport,"Yan'an, Shaanxi, China",UTC+08:00
EOH,SKMD,Olaya Herrera Airport,"Medellín, Colombia",UTC−05:00
EOI,EGED,Eday Airport,"Eday, Scotland, United Kingdom",UTC±00:00
EOK,KEOK,Keokuk Municipal Airport,"Keokuk, Iowa, United States",UTC−06:00
EOR,SVED,El Dorado Airport,"El Dorado, Venezuela",UTC−04:00
EOS,KEOS,Neosho Hugh Robinson Airport,"Neosho, Missouri, United States",UTC−06:00
EOZ,SVEZ,Elorza Airport,"Elorza, Venezuela",UTC−04:00
EPA,SADP,El Palomar Airport[1],"El Palomar, Buenos Aires, Argentina",UTC−03:00
EPG,,Browns Airport (FAA: NE69),"Weeping Water, Nebraska, United States",UTC−06:00
EPH,KEPH,Ephrata Municipal Airport,"Ephrata, Washington, United States",UTC−08:00
EPL,LFSG,Épinal – Mirecourt Airport,"Épinal / Mirecourt, Lorraine, France",UTC+01:00
EPN,,Epéna Airport,"Epéna, Republic of the Congo",UTC+01:00
EPR,YESP,Esperance Airport,"Esperance, Western Australia, Australia",UTC+08:00
EPS,MDAB,Arroyo Barril Airport,"Samaná, Dominican Republic",UTC−04:00
EPT,AYEL,Eliptamin Airport,"Eliptamin, Papua New Guinea",UTC+10:00
EPU,EEPU,Pärnu Airport,"Pärnu, Estonia",UTC+02:00
EQS,SAVE,Esquel Airport,"Esquel, Chubut, Argentina",UTC−03:00
ERA,HCMU,Erigavo Airport,"Erigavo, Somalia",UTC+03:00
ERB,YERN,Pukatja Airport (Ernabella Airport),"Pukatja, South Australia, Australia",UTC+09:30
ERC,LTCD,Erzincan Airport,"Erzincan, Turkey",UTC+03:00
ERD,UKDB,Berdiansk Airport,"Berdiansk, Ukraine",UTC+02:00
ERE,AYEV,Erave Airport,"Erave, Papua New Guinea",UTC+10:00
ERF,EDDE,Erfurt–Weimar Airport,"Erfurt, Thuringia, Germany",UTC+01:00
ERG,UIKE,Erbogachen Airport,"Yerbogachen, Irkutsk Oblast, Russia",UTC+08:00
ERH,GMFK,Moulay Ali Cherif Airport,"Errachidia, Morocco",UTC±00:00
ERI,KERI,Erie International Airport (Tom Ridge Field),"Erie, Pennsylvania, United States",UTC−05:00
ERL,ZBER,Erenhot Saiwusu International Airport,"Erenhot, Inner Mongolia, China",UTC+08:00
ERM,SSER,Erechim Airport,"Erechim, Rio Grande do Sul, Brazil",UTC−03:00
ERN,SWEI,Eirunepé Airport (Amaury Feitosa Tomaz Airport),"Eirunepé, Amazonas, Brazil",UTC−05:00
ERQ,YESE,Elrose Airport,"Eloise Copper Mine, Queensland, Australia",UTC+10:00
ERR,KERR,Errol Airport,"Errol, New Hampshire, United States",UTC−05:00
ERS,FYWE,Eros Airport,"Windhoek, Namibia",UTC+01:00
ERT,,Erdenet Airport,"Erdenet, Mongolia",UTC+08:00
ERU,AYER,Erume Airport,"Erume, Papua New Guinea",UTC+10:00
ERV,KERV,Kerrville Municipal Airport (Louis Schreiner Field),"Kerrville, Texas, United States",UTC−06:00
ERZ,LTCE,Erzurum Airport,"Erzurum, Turkey",UTC+03:00
ESA,,Esa'ala Airport,"Esa'ala, Papua New Guinea",UTC+10:00
ESB,LTAC,Esenboğa International Airport,"Ankara, Turkey",UTC+03:00
ESC,KESC,Delta County Airport,"Escanaba, Michigan, United States",UTC−05:00
ESD,KORS,Orcas Island Airport (FAA: ORS),"Eastsound, Washington, United States",UTC−08:00
ESE,MMES,Ensenada Airport,"Ensenada, Baja California, Mexico",UTC−08:00
ESF,KESF,Esler Airfield (Esler Regional Airport),"Alexandria, Louisiana, United States",UTC−06:00
ESG,SGME,Dr. Luis María Argaña International Airport,"Mariscal Estigarribia, Paraguay",UTC−04:00
ESH,EGKA,Shoreham Airport (Brighton City Airport),"Shoreham-by-Sea, England, United Kingdom",UTC±00:00
ESI,,Espinosa Airport,"Espinosa, Minas Gerais, Brazil",UTC−03:00
ESK,LTBI,Eskişehir Airport,"Eskişehir, Turkey",UTC+03:00
ESL,URWI,Elista Airport,"Elista, Kalmykia, Russia",UTC+03:00
ESM,SETN,Carlos Concha Torres International Airport,"Esmeraldas, Ecuador",UTC−05:00
ESN,KESN,Easton Airport (Newnam Field),"Easton, Maryland, United States",UTC−05:00
ESO,,Ohkay Owingeh Airport (FAA: E14),"Española, New Mexico, United States",UTC−07:00
ESP,,Stroudsburg–Pocono Airport[1] (FAA: N53),"East Stroudsburg, Pennsylvania, United States",UTC−05:00
ESR,SCES,Ricardo García Posada Airport,"El Salvador, Chile",UTC−04:00
ESS,EDLE,Essen/Mülheim Airport,"Essen, North Rhine-Westphalia, Germany",UTC+01:00
EST,KEST,Estherville Municipal Airport,"Estherville, Iowa, United States",UTC−06:00
ESU,GMMI,Essaouira-Mogador Airport,"Essaouira, Morocco",UTC±00:00
ESW,KESW,Easton State Airport,"Easton, Washington, United States",UTC−08:00
ETB,KETB,West Bend Municipal Airport,"West Bend, Wisconsin, United States",UTC−06:00
ETD,YEDA,Etadunna Airport,"Etadunna, South Australia, Australia",UTC+09:30
ETE,HAMM,Genda Wuha Airport,"Metemma, Ethiopia",UTC+03:00
ETH,LLET,J. Hozman Airport,"Eilat, Israel",UTC+02:00
ETM,LLER,Ramon Airport,"Eilat, Israel",UTC+02:00
ETN,KETN,Eastland Municipal Airport,"Eastland, Texas, United States",UTC−06:00
ETR,SERO,Santa Rosa International Airport,"Santa Rosa, Ecuador",UTC−05:00
ETS,KEDN,Enterprise Municipal Airport (FAA: EDN),"Enterprise, Alabama, United States",UTC−06:00
ETZ,LFJL,Metz–Nancy–Lorraine Airport,"Metz / Nancy, Lorraine, France",UTC+01:00
EUA,NFTE,Eua Airport (Kaufana Airport),"Eua, Tonga",UTC+13:00
EUC,YECL,Eucla Airport,"Eucla, Western Australia, Australia",UTC+08:00
EUE,,Eureka Airport (FAA: 05U),"Eureka, Nevada, United States",UTC−08:00
EUF,KEUF,Weedon Field,"Eufaula, Alabama, United States",UTC−06:00
EUG,KEUG,Eugene Airport (Mahlon Sweet Airport),"Eugene, Oregon, United States",UTC−08:00
EUM,EDHN,Neumünster Airport,"Neumünster, Schleswig-Holstein, Germany",UTC+01:00
EUN,GMML,Hassan I Airport,"Laayoune, Morocco",UTC±00:00
EUO,,Paratebueno Airport[1],"Paratebueno, Colombia",UTC−05:00
EUQ,RPVS,Evelio Javier Airport (Antique Airport),"San Jose de Buenavista, Philippines",UTC+08:00
EUX,TNCE,F. D. Roosevelt Airport,"Oranjestad, Sint Eustatius, Caribbean Netherlands",UTC−04:00
EVA,,Ben Bruce Memorial Airpark (FAA: 4TE8),"Evadale, Texas, United States",UTC−06:00
EVD,,Eva Downs Airport,"Eva Downs, Northern Territory, Australia",UTC+09:30
EVE,ENEV,"Harstad/Narvik Airport, Evenes","Harstad / Narvik, Norway",UTC+01:00
EVG,ESND,Sveg Airport,"Sveg, Sweden",UTC+01:00
EVH,YEVD,Evans Head Memorial Aerodrome,"Evans Head, New South Wales, Australia",UTC+10:00
EVM,KEVM,Eveleth-Virginia Municipal Airport,"Eveleth, Minnesota, United States",UTC−06:00
EVN,UDYZ,Zvartnots International Airport,"Yerevan, Armenia",UTC+04:00
EVV,KEVV,Evansville Regional Airport,"Evansville, Indiana, United States",UTC−06:00
EVW,KEVW,Evanston-Uinta County Burns Field,"Evanston, Wyoming, United States",UTC−07:00
EVX,LFOE,Évreux-Fauville Air Base,"Évreux, Upper Normandy, France",UTC+01:00
EWB,KEWB,New Bedford Regional Airport,"New Bedford / Fall River, Massachusetts, United States",UTC−05:00
EWE,,Ewer Airport,"Ewer, Indonesia",UTC+09:00
EWI,WABT,Enarotali Airport,"Enarotali, Indonesia",UTC+09:00
EWK,KEWK,Newton City/County Airport,"Newton, Kansas, United States",UTC−06:00
EWN,KEWN,Coastal Carolina Regional Airport,"New Bern, North Carolina, United States",UTC−05:00
EWO,FCOE,Ewo Airport,"Ewo, Republic of the Congo",UTC+01:00
EWR,KEWR,Newark Liberty International Airport,"Newark, New Jersey, United States",UTC−05:00
EXI,,Excursion Inlet Seaplane Base,"Excursion Inlet, Alaska, United States",UTC−09:00
EXM,YEXM,Exmouth Airport,"Exmouth, Western Australia, Australia",UTC+08:00
EXT,EGTE,Exeter International Airport,"Exeter, England, United Kingdom",UTC±00:00
EYK,USHQ,Beloyarsk Airport,"Beloyarsky, Khanty-Mansi Autonomous Okrug, Russia",UTC+05:00
EYL,GAYE,Yélimané Airport,"Yélimané, Mali",UTC±00:00
EYP,SKYP,El Alcaraván Airport,"Yopal, Colombia",UTC−05:00
EYR,,Yerington Municipal Airport[1] (FAA: O43),"Yerington, Nevada, United States",UTC−08:00
EYS,HKES,Eliye Springs Airport,"Eliye Springs, Kenya",UTC+03:00
EYW,KEYW,Key West International Airport,"Key West, Florida, United States",UTC−05:00
EZE,SAEZ,Ministro Pistarini International Airport,"Buenos Aires, Argentina",UTC−03:00
EZS,LTCA,Elazığ Airport,"Elazığ, Turkey",UTC+03:00
EZV,,Beryozovo Airport[1],"Beryozovo, Khanty-Mansi Autonomous Okrug, Russia",UTC+05:00
FAA,GUFH,Faranah Airport,"Faranah, Guinea",UTC±00:00
FAB,EGLF,Farnborough Airport,"Farnborough, England, United Kingdom",UTC±00:00
FAC,NTKF,Faaite Airport,"Faaite, Tuamotus, French Polynesia",UTC−10:00
FAE,EKVG,Vágar Airport,"Vágar, Faroe Islands",UTC±00:00
FAF,KFAF,Felker Army Airfield,"Fort Eustis, Virginia, United States",UTC−05:00
FAG,BIFM,Fagurhólsmýri Airport,"Fagurhólsmýri, Iceland",UTC±00:00
FAH,OAFR,Farah Airport,"Farah, Afghanistan",UTC+04:30
FAI,PAFA,Fairbanks International Airport,"Fairbanks, Alaska, United States",UTC−09:00
FAJ,TJFA,Diego Jiménez Torres Airport (FAA: X95),"Fajardo, Puerto Rico, United States",UTC−04:00
FAK,,False Island Seaplane Base (FAA: 2Z6),"False Island, Alaska, United States",UTC−09:00
FAM,KFAM,Farmington Regional Airport,"Farmington, Missouri, United States",UTC−06:00
FAO,LPFR,Faro Airport,"Faro, Portugal",UTC±00:00
FAQ,AYFR,Frieda River Airport,"Frieda River, Papua New Guinea",UTC+10:00
FAR,KFAR,Hector International Airport,"Fargo, North Dakota, United States",UTC−06:00
FAS,BIFF,Fáskrúðsfjörður Airport,"Fáskrúðsfjörður, Iceland",UTC±00:00
FAT,KFAT,Fresno Yosemite International Airport,"Fresno, California, United States",UTC−08:00
FAU,OOFD,Fahud Airport[1],"Fahud, Oman",UTC+04:00
FAV,NTGF,Fakarava Airport,"Fakarava, Tuamotus, French Polynesia",UTC−10:00
FAY,KFAY,Fayetteville Regional Airport (Grannis Field),"Fayetteville, North Carolina, United States",UTC−05:00
FAZ,OISF,Fasa Airport[1],"Fasa, Iran",UTC+03:30
FBA,SWOB,Fonte Boa Airport[1],"Fonte Boa, Amazonas, Brazil",UTC−05:00
FBD,OAFZ,Fayzabad Airport,"Fayzabad, Afghanistan",UTC+04:30
FBE,SSFB,Francisco Beltrão Airport (Paulo Abdala Airport),"Francisco Beltrão, Paraná, Brazil",UTC−03:00
FBG,KFBG,Simmons Army Airfield,"Fort Liberty, North Carolina, United States",UTC−05:00
FBK,PAFB,Ladd Army Airfield,"Fairbanks, Alaska, United States",UTC−09:00
FBL,KFBL,Faribault Municipal Airport,"Faribault, Minnesota, United States",UTC−06:00
FBM,FZQA,Lubumbashi International Airport,"Lubumbashi, Democratic Republic of the Congo",UTC+02:00
FBR,KFBR,Fort Bridger Airport,"Fort Bridger, Wyoming, United States",UTC−07:00
FBS,,Friday Harbor Seaplane Base (FAA: W33),"Friday Harbor, Washington, United States",UTC−08:00
FBY,KFBY,Fairbury Municipal Airport,"Fairbury, Nebraska, United States",UTC−06:00
FCA,KGPI,Glacier Park International Airport (FAA: GPI),"Kalispell, Montana, United States",UTC−07:00
FCB,FAFB,Ficksburg Airport,"Ficksburg, South Africa",UTC+02:00
FCH,KFCH,Fresno Chandler Executive Airport,"Fresno, California, United States",UTC−08:00
FCM,KFCM,Flying Cloud Airport,"Eden Prairie, Minnesota, United States",UTC−06:00
FCN,ETMN,Sea-Airport Cuxhaven/Nordholz,"Cuxhaven, Lower Saxony, Germany",UTC+01:00
FCO,LIRF,Leonardo da Vinci–Fiumicino Airport,"Rome, Lazio, Italy",UTC+01:00
FCS,KFCS,Butts Army Airfield (Fort Carson),"Colorado Springs, Colorado, United States",UTC−07:00
FCY,KFCY,Forrest City Municipal Airport,"Forrest City, Arkansas, United States",UTC−06:00
FDE,ENBL,"Førde Airport, Bringeland","Førde, Norway",UTC+01:00
FDF,TFFF,Martinique Aimé Césaire International Airport,"Fort-de-France, Martinique",UTC−04:00
FDH,EDNY,Friedrichshafen Airport (Bodensee Airport),"Friedrichshafen, Baden-Württemberg, Germany",UTC+01:00
FDK,KFDK,Frederick Municipal Airport,"Frederick, Maryland, United States",UTC−05:00
FDR,KFDR,Frederick Regional Airport,"Frederick, Oklahoma, United States",UTC−06:00
FDU,FZBO,Bandundu Airport,"Bandundu, Democratic Republic of the Congo",UTC+01:00
FDY,KFDY,Findlay Airport,"Findlay, Ohio, United States",UTC−05:00
FEA,,Fetlar Airport,"Fetlar, Scotland, United Kingdom",UTC±00:00
FEB,VNSR,Sanfebagar Airport,"Sanfebagar, Nepal",UTC+05:45
FEC,SNJD,Feira de Santana Airport (Gov. João Durval Carneiro Airport),"Feira de Santana, Bahia, Brazil",UTC−03:00
FEG,UTKF,Fergana International Airport,"Fergana, Uzbekistan",UTC+05:00
FEJ,SNOU,Feijó Airport,"Feijó, Acre, Brazil",UTC−05:00
FEK,DIFK,Ferkessédougou Airport,"Ferkessédougou, Ivory Coast",UTC±00:00
FEL,ETSF,Fürstenfeldbruck Air Base,"Fürstenfeldbruck, Bavaria, Germany",UTC+01:00
FEN,SBFN,Fernando de Noronha Airport (Gov. Carlos Wilson Airport),"Fernando de Noronha, Pernambuco, Brazil",UTC−02:00
FEP,KFEP,Albertus Airport,"Freeport, Illinois, United States",UTC−06:00
FET,KFET,Fremont Municipal Airport,"Fremont, Nebraska, United States",UTC−06:00
FEZ,GMFF,Fes–Saïss Airport,"Fez, Morocco",UTC±00:00
FFA,KFFA,First Flight Airport,"Kill Devil Hills, North Carolina, United States",UTC−05:00
FFD,EGVA,RAF Fairford,"Fairford, England, United Kingdom",UTC±00:00
FFL,KFFL,Fairfield Municipal Airport,"Fairfield, Iowa, United States",UTC−06:00
FFM,KFFM,Fergus Falls Municipal Airport (Einar Mickelson Field),"Fergus Falls, Minnesota, United States",UTC−06:00
FFO,KFFO,Wright-Patterson Air Force Base (First Flight-Office),"Dayton, Ohio, United States",UTC−05:00
FFT,KFFT,Capital City Airport,"Frankfort, Kentucky, United States",UTC−05:00
FFU,SCFT,Futaleufú Airfield,"Futaleufú, Chile",UTC−04:00
FGD,GQPF,Fderik Airport,"Fderîck, Mauritania",UTC±00:00
FGI,NSFI,Fagali'i Airport,"Apia, Upolu Island, Samoa",UTC+13:00
FGU,NTGB,Fangatau Airport,"Fangatau, Tuamotus, French Polynesia",UTC−10:00
FHU,KFHU,Sierra Vista Municipal Airport (Libby Army Airfield),"Sierra Vista, Arizona, United States",UTC−07:00
FHZ,NTKH,Fakahina Airport,"Fakahina, Tuamotus, French Polynesia",UTC−10:00
FID,,Elizabeth Field (FAA: 0B8),"Fishers Island, New York, United States",UTC−05:00
FIE,EGEF,Fair Isle Airport,"Fair Isle, Scotland, United Kingdom",UTC±00:00
FIG,GUFA,Fria Airport,"Fria, Guinea",UTC±00:00
FIH,FZAA,N'djili Airport (Kinshasa Int'l Airport),"Kinshasa, Democratic Republic of the Congo",UTC+01:00
FIK,YFNE,Finke Airport,"Finke (Aputula), Northern Territory, Australia",UTC+09:30
FIL,KFOM,Fillmore Municipal Airport (FAA: FOM),"Fillmore, Utah, United States",UTC−07:00
FIN,AYFI,Finschhafen Airport,"Finschhafen, Papua New Guinea",UTC+10:00
FIZ,YFTZ,Fitzroy Crossing Airport,"Fitzroy Crossing, Western Australia, Australia",UTC+08:00
FJR,OMFJ,Fujairah International Airport,"Fujairah, United Arab Emirates",UTC+04:00
FKB,EDSB,Karlsruhe/Baden-Baden Airport,"Karlsruhe / Baden-Baden, Baden-Württemberg, Germany",UTC+01:00
FKI,FZIC,Bangoka International Airport,"Kisangani, Democratic Republic of the Congo",UTC+02:00
FKJ,RJNF,Fukui Airport,"Fukui, Honshu, Japan",UTC+09:00
FKL,KFKL,Venango Regional Airport (Chess Lamberton Field),"Franklin, Pennsylvania, United States",UTC−05:00
FKN,KFKN,Franklin Municipal–John Beverly Rose Airport,"Franklin, Virginia, United States",UTC−05:00
FKQ,WASF,Fakfak Torea Airport,"Fakfak, Indonesia",UTC+09:00
FKS,RJSF,Fukushima Airport,"Sukagawa, Honshu, Japan",UTC+09:00
FLA,SKFL,Gustavo Artunduaga Paredes Airport,"Florencia (Caquetá), Colombia",UTC−05:00
FLB,SNQG,Cangapara Airport,"Floriano, Piauí, Brazil",UTC−03:00
FLD,KFLD,Fond du Lac County Airport,"Fond du Lac, Wisconsin, United States",UTC−06:00
FLF,EDXF,Flensburg-Schäferhaus Airport,"Flensburg, Schleswig-Holstein, Germany",UTC+01:00
FLG,KFLG,Flagstaff Pulliam Airport,"Flagstaff, Arizona, United States",UTC−07:00
FLH,,Flotta Isle Airport,"Flotta, Scotland, United Kingdom",UTC±00:00
FLI,,Holt Airport,"Flateyri, Iceland",UTC±00:00
FLL,KFLL,Fort Lauderdale–Hollywood International Airport,"Fort Lauderdale / Hollywood, Florida, United States",UTC−05:00
FLM,SGFI,Filadelfia Airport,"Filadelfia, Paraguay",UTC−04:00
FLN,SBFL,Hercílio Luz International Airport,"Florianópolis, Santa Catarina, Brazil",UTC−03:00
FLO,KFLO,Florence Regional Airport,"Florence, South Carolina, United States",UTC−05:00
FLP,KFLP,Marion County Regional Airport,"Flippin, Arkansas, United States",UTC−06:00
FLR,LIRQ,"Florence Airport, Peretola (Amerigo Vespucci Airport)","Florence, Tuscany, Italy",UTC+01:00
FLS,YFLI,Flinders Island Airport,"Flinders Island, Tasmania, Australia",UTC+10:00
FLT,,Flat Airport,"Flat, Alaska, United States",UTC−09:00
FLV,KFLV,Sherman Army Airfield,"Fort Leavenworth, Kansas, United States",UTC−06:00
FLW,LPFL,Flores Airport,"Flores Island, Azores, Portugal",UTC−01:00
FLX,KFLX,Fallon Municipal Airport,"Fallon, Nevada, United States",UTC−08:00
FLY,YFIL,Finley Airport,"Finley, New South Wales, Australia",UTC+10:00
FLZ,WIMS,Ferdinand Lumban Tobing Airport[1],"Sibolga, Indonesia",UTC+07:00
FMA,SARF,Formosa International Airport (El Pucú Airport),"Formosa, Argentina",UTC−03:00
FME,KFME,Tipton Airport,"Fort Meade / Odenton, Maryland, United States",UTC−05:00
FMH,KFMH,Otis Air National Guard Base,"Falmouth, Massachusetts, United States",UTC−05:00
FMI,FZRF,Kalemie Airport,"Kalemie, Democratic Republic of the Congo",UTC+02:00
FMM,EDJA,Memmingen Airport,"Memmingen, Bavaria, Germany",UTC+01:00
FMN,KFMN,Four Corners Regional Airport,"Farmington, New Mexico, United States",UTC−07:00
FMO,EDDG,Münster Osnabrück Airport,"Münster / Osnabrück (LS), North Rhine-Westphalia, Germany",UTC+01:00
FMS,KFSW,Fort Madison Municipal Airport (FAA: FSW),"Fort Madison, Iowa, United States",UTC−06:00
FMU,,Florence Municipal Airport[1] (FAA: 6S2),"Florence, Oregon, United States",UTC−08:00
FMY,KFMY,Page Field,"Fort Myers, Florida, United States",UTC−05:00
FNA,GFLL,Lungi International Airport,"Freetown, Sierra Leone",UTC±00:00
FNB,ETNU,Neubrandenburg Airport,"Neubrandenburg, Mecklenburg-Vorpommern, Germany",UTC+01:00
FNC,LPMA,Madeira Airport,"Funchal, Madeira, Portugal",UTC±00:00
FND,,Funadhoo Airport,"Funadhoo, Shaviyani Atoll, Maldives",UTC+05:00
FNE,AYFA,Fane Airport,"Fane, Papua New Guinea",UTC+10:00
FNG,DFEF,Fada N'gourma Airport,"Fada N'gourma, Burkina Faso",UTC±00:00
FNH,HAFN,Fincha Airport,"Fincha, Ethiopia",UTC+03:00
FNI,LFTW,Nîmes–Alès–Camargue–Cévennes Airport (Garons Airport),"Nîmes, Languedoc-Roussillon, France",UTC+01:00
FNJ,ZKPY,Pyongyang Sunan International Airport,"Pyongyang, North Korea",UTC+08:30
FNL,KFNL,Fort Collins–Loveland Municipal Airport,"Fort Collins/Loveland, Colorado, United States",UTC−07:00
FNR,PANR,Funter Bay Seaplane Base,"Funter Bay, Alaska, United States",UTC−09:00
FNT,KFNT,Bishop International Airport,"Flint, Michigan, United States",UTC−05:00
FNU,LIER,Oristano-Fenosu Airport[1],"Oristano, Sardinia, Italy",UTC+01:00
FOA,,Foula Airfield,"Foula, Scotland, United Kingdom",UTC±00:00
FOB,,Fort Bragg Airport (FAA: 82CL),"Fort Bragg, California, United States",UTC−08:00
FOC,ZSFZ,Fuzhou Changle International Airport,"Fuzhou, Fujian, China",UTC+08:00
FOD,KFOD,Fort Dodge Regional Airport,"Fort Dodge, Iowa, United States",UTC−06:00
FOE,KFOE,Topeka Regional Airport,"Topeka, Kansas, United States",UTC−06:00
FOG,LIBF,"Foggia ""Gino Lisa"" Airport","Foggia, Apulia, Italy",UTC+01:00
FOK,KFOK,Francis S. Gabreski Airport,"Westhampton Beach, New York, United States",UTC−05:00
FOM,FKKM,Foumban Nkounja Airport,"Foumban, Cameroon",UTC+01:00
FON,MRAN,La Fortuna Arenal Airport,"La Fortuna, Costa Rica",UTC−06:00
FOO,,Kornasoren Airport (Numfoor Airport),"Numfoor, Indonesia",UTC+09:00
FOR,SBFZ,Pinto Martins – Fortaleza International Airport,"Fortaleza, Ceará, Brazil",UTC−03:00
FOS,YFRT,Forrest Airport,"Forrest, Western Australia, Australia",UTC+08:00
FOT,YFST,Forster (Wallis Island) Airport[1][2],"Forster, New South Wales, Australia",UTC+10:00
FOU,FOGF,Fougamou Airport,"Fougamou, Gabon",UTC+01:00
FOY,,Foya Airport,"Foya, Liberia",UTC±00:00
FPO,MYGF,Grand Bahama International Airport,"Freeport, Grand Bahama, Bahamas",UTC−05:00
FPR,KFPR,St. Lucie County International Airport,"Fort Pierce, Florida, United States",UTC−05:00
FPY,,Perry-Foley Airport (FAA: 40J),"Perry, Florida, United States",UTC−05:00
FRA,EDDF,Frankfurt Airport,"Frankfurt, Hessen, Germany",UTC+01:00
FRB,YFBS,Forbes Airport,"Forbes, New South Wales, Australia",UTC+10:00
FRC,SIMK,Franca Airport (Ten. Lund Presotto–Franca State Airport),"Franca, São Paulo, Brazil",UTC−03:00
FRD,KFHR,Friday Harbor Airport (FAA: FHR),"Friday Harbor, Washington, United States",UTC−08:00
FRE,AGGF,Fera Airport (Fera/Maringe Airport),"Fera Island, Isabel Province, Solomon Islands",UTC+11:00
FRG,KFRG,Republic Airport,"Farmingdale, New York, United States",UTC−05:00
FRH,KFRH,French Lick Municipal Airport,"French Lick, Indiana, United States",UTC−05:00
FRI,KFRI,Marshall Army Airfield,"Fort Riley, Kansas, United States",UTC−06:00
FRK,FSSF,Frégate Island Airport,"Frégate Island, Seychelles",UTC+04:00
FRL,LIPK,Forlì International Airport (Luigi Ridolfi Airport),"Forlì, Emilia-Romagna, Italy",UTC+01:00
FRM,KFRM,Fairmont Municipal Airport,"Fairmont, Minnesota, United States",UTC−06:00
FRN,PAFR,Bryant Army Airport,"Anchorage, Alaska, United States",UTC−09:00
FRO,ENFL,Florø Airport,"Florø, Norway",UTC+01:00
FRQ,AYFE,Feramin Airport,"Feramin, Papua New Guinea",UTC+10:00
FRR,KFRR,Front Royal–Warren County Airport,"Front Royal, Virginia, United States",UTC−05:00
FRS,MGTK,Mundo Maya International Airport,"Flores, Guatemala",UTC−06:00
FRT,SCFI,Frutillar Airport,"Frutillar, Chile",UTC−04:00
FRU,UAFM,Manas International Airport,"Bishkek, Kyrgyzstan",UTC+06:00
FRW,FBFT,Francistown Airport,"Francistown, Botswana",UTC+02:00
FRY,KIZG,Eastern Slopes Regional Airport (FAA: IZG),"Fryeburg, Maine, United States",UTC−05:00
FRZ,ETHF,Fritzlar Air Base,"Fritzlar, Hesse, Germany",UTC+01:00
FSC,LFKF,Figari–Sud Corse Airport,"Figari, Corsica, France",UTC+01:00
FSD,KFSD,Sioux Falls Regional Airport (Joe Foss Field),"Sioux Falls, South Dakota, United States",UTC−06:00
FSI,KFSI,Henry Post Army Airfield (Fort Sill),"Lawton, Oklahoma, United States",UTC−06:00
FSK,KFSK,Fort Scott Municipal Airport,"Fort Scott, Kansas, United States",UTC−06:00
FSL,,Fossil Downs Airport,"Fossil Downs Station, Western Australia, Australia",UTC+08:00
FSM,KFSM,Fort Smith Regional Airport,"Fort Smith, Arkansas, United States",UTC−06:00
FSP,LFVP,Saint-Pierre Airport,"Saint-Pierre, Saint Pierre and Miquelon",UTC−03:00
FSS,EGQK,RAF Kinloss,"Forres, Scotland, United Kingdom",UTC±00:00
FST,KFST,Fort Stockton–Pecos County Airport,"Fort Stockton, Texas, United States",UTC−06:00
FSU,KFSU,Fort Sumner Municipal Airport,"Fort Sumner, New Mexico, United States",UTC−07:00
FSZ,RJNS,Shizuoka Airport (Mt. Fuji Shizuoka Airport),"Shizuoka, Honshu, Japan",UTC+09:00
FTA,NVVF,Futuna Airport,"Futuna Island, Tafea, Vanuatu",UTC+11:00
FTE,SAWA,Comandante Armando Tola International Airport,"El Calafate, Santa Cruz, Argentina",UTC−03:00
FTI,NSFQ,Fitiuta Airport (FAA: FAQ),"Fitiuta, American Samoa, United States",UTC−11:00
FTK,KFTK,Godman Army Airfield,"Fort Knox, Kentucky, United States",UTC−05:00
FTU,FMSD,Tôlanaro Airport (Marillac Airport),"Tôlanaro, Madagascar",UTC+03:00
FTW,KFTW,Fort Worth Meacham International Airport,"Fort Worth, Texas, United States",UTC−06:00
FTX,FCOO,Owando Airport,"Owando, Republic of the Congo",UTC+01:00
FTY,KFTY,Fulton County Airport (Charlie Brown Field),"Atlanta, Georgia, United States",UTC−05:00
FUB,,Fulleborn Airport,"Fulleborn, Papua New Guinea",UTC+10:00
FUE,GCFV,Fuerteventura Airport,"Fuerteventura, Canary Islands, Spain",UTC±00:00
FUG,ZSFY,Fuyang Xiguan Airport,"Fuyang, Anhui, China",UTC+08:00
FUJ,RJFE,Fukue Airport (Gotō-Fukue Airport),"Gotō, Gotō Islands, Japan",UTC+09:00
FUK,RJFF,Fukuoka Airport (Itazuke Air Base),"Fukuoka, Kyushu, Japan",UTC+09:00
FUL,KFUL,Fullerton Municipal Airport,"Fullerton, California, United States",UTC−08:00
FUM,,Fuma Airport[1],"Fuma, Papua New Guinea",UTC+10:00
FUN,NGFU,Funafuti International Airport,"Funafuti, Tuvalu",UTC+12:00
FUO,ZGFS,Foshan Shadi Airport,"Foshan, Guangdong, China",UTC+08:00
FUT,NLWF,Pointe Vele Airport,"Futuna Island, Wallis and Futuna",UTC+12:00
FVL,YFLO,Flora Valley Airport[1],"Flora Valley, Western Australia, Australia",UTC+08:00
FVM,VRMF,Fuvahmulah Airport,"Fuvahmulah, Gnaviyani Atoll, Maldives",UTC+05:00
FVR,YFRV,Forrest River Airport[1],"Forrest River Mission, Western Australia, Australia",UTC+08:00
FWA,KFWA,Fort Wayne International Airport,"Fort Wayne, Indiana, United States",UTC−05:00
FWH,KNFW,NAS Fort Worth JRB / Carswell Field (FAA: NFW),"Fort Worth, Texas, United States",UTC−06:00
FWL,PAFW,Farewell Airport,"Farewell, Alaska, United States",UTC−09:00
FXE,KFXE,Fort Lauderdale Executive Airport,"Fort Lauderdale, Florida, United States",UTC−05:00
FXO,FQCB,Cuamba Airport,"Cuamba, Mozambique",UTC+02:00
FXY,KFXY,Forest City Municipal Airport,"Forest City, Iowa, United States",UTC−06:00
FYJ,ZYFY,Fuyuan Dongji Airport,"Fuyuan, Heilongjiang, China",UTC+08:00
FYM,KFYM,Fayetteville Municipal Airport,"Fayetteville, Tennessee, United States",UTC−06:00
FYN,ZWFY,Fuyun Koktokay Airport[1],"Fuyun, Xinjiang, China",UTC+06:00
FYT,FTTY,Faya-Largeau Airport,"Faya-Largeau, Chad",UTC+01:00
FYU,PFYU,Fort Yukon Airport,"Fort Yukon, Alaska, United States",UTC−09:00
FYV,KFYV,Drake Field (Fayetteville Executive Airport),"Fayetteville, Arkansas, United States",UTC−06:00
FZO,EGTG,Bristol Filton Airport,"Bristol, England, United Kingdom",UTC±00:00
FZL,UBBF,Fuzuli International Airport,"Fuzuli, Karabakh, Azerbaijan",UTC+04:00
GAA,,Guamal Airport,"Guamal, Colombia",UTC−05:00
GAB,KGAB,Gabbs Airport,"Gabbs, Nevada, United States",UTC−08:00
GAC,MHGS[1],Gracias Airport,"Gracias, Honduras",UTC−06:00
GAD,KGAD,Northeast Alabama Regional Airport,"Gadsden, Alabama, United States",UTC−06:00
GAE,DTTG,Gabès – Matmata International Airport,"Gabès, Tunisia",UTC+01:00
GAF,DTTF,Gafsa – Ksar International Airport,"Gafsa, Tunisia",UTC+01:00
GAG,KGAG,Gage Airport,"Gage, Oklahoma, United States",UTC−06:00
GAH,YGAY,Gayndah Airport,"Gayndah, Queensland, Australia",UTC+10:00
GAI,KGAI,Montgomery County Airpark,"Gaithersburg, Maryland, United States",UTC−05:00
GAJ,RJSC,Yamagata Airport (Junmachi Airport),"Yamagata, Honshu, Japan",UTC+09:00
GAL,PAGA,Edward G. Pitka Sr. Airport,"Galena, Alaska, United States",UTC−09:00
GAM,PAGM,Gambell Airport,"Gambell, Alaska, United States",UTC−09:00
GAN,VRMG,Gan International Airport,"Gan Island, Addu Atoll, Maldives",UTC+05:00
GAO,MUGT,Mariana Grajales Airport,"Guantánamo, Cuba",UTC−05:00
GAP,AYGP,Gusap Airport,"Gusap, Papua New Guinea",UTC+10:00
GAQ,GAGO,Gao International Airport (Korogoussou Airport),"Gao, Mali",UTC±00:00
GAR,AYGI,Garaina Airport,"Garaina, Papua New Guinea",UTC+10:00
GAS,HKGA,Garissa Airport,"Garissa, Kenya",UTC+03:00
GAT,LFNA,Gap–Tallard Airport,"Gap, Provence-Alpes-Côte d'Azur, France",UTC+01:00
GAU,VEGT,Lokpriya Gopinath Bordoloi International Airport,"Guwahati, Assam, India",UTC+05:30
GAV,,Gag Island Airport,"Gag Island, Indonesia",UTC+09:00
GAW,VYGG,Gangaw Airport,"Gangaw, Myanmar",UTC+06:30
GAX,,Gamba Airport,"Gamba, Gabon",UTC+01:00
GAY,VEGY,Gaya Airport (Bodhgaya Airport),"Gaya, Bihar, India",UTC+05:30
GAZ,,Guasopa Airport,"Guasopa, Papua New Guinea",UTC+10:00
GBA,EGBP,Cotswold Airport[2],"Kemble, England, United Kingdom",UTC±00:00
GBB,UBBQ,Qabala International Airport,"Qabala, Azerbaijan",UTC+04:00
GBC,AYGS,Gasuke Airport,"Gasuke, Papua New Guinea",UTC+10:00
GBD,KGBD,Great Bend Municipal Airport,"Great Bend, Kansas, United States",UTC−06:00
GBE,FBSK,Sir Seretse Khama International Airport,"Gaborone, Botswana",UTC+02:00
GBF,AYNE,Negarbo Airport,"Negarbo, Papua New Guinea",UTC+10:00
GBG,KGBG,Galesburg Municipal Airport,"Galesburg, Illinois, United States",UTC−06:00
GBH,PAGB,Galbraith Lake Airport,"Galbraith Lake, Alaska, United States",UTC−09:00
GBI,,Kalaburagi Airport,"Gulbarga, Karnataka, India",UTC+05:30
GBJ,TFFM,Marie-Galante Airport (Les Bases),"Grand-Bourg, Marie-Galante Island, Guadeloupe",UTC−04:00
GBK,GFGK,Gbangbatok Airport,"Gbangbatok, Sierra Leone",UTC±00:00
GBL,YGBI,South Goulburn Island Airport,"Goulburn Islands, Northern Territory, Australia",UTC+09:30
GBM,,Garbaharey Airport,"Garbaharey, Somalia",UTC+03:00
GBP,YGAM,Gamboola Airport,"Gamboola, Queensland, Australia",UTC+10:00
GBR,KGBR,Walter J. Koladza Airport,"Great Barrington, Massachusetts, United States",UTC−05:00
GBT,OING,Gorgan Airport[2],"Gorgan, Iran",UTC+03:30
GBU,HSKG,Khashm el Girba Airport,"Khashm el Girba, Sudan",UTC+03:00
GBV,YGIB,Gibb River Airport,"Gibb River, Western Australia, Australia",UTC+08:00
GBW,YGIA,Ginbata Airport[2],"Ginbata, Western Australia, Australia",UTC+08:00
GBZ,NZGB,Great Barrier Aerodrome,"Great Barrier Island, New Zealand",UTC+12:00
GCA,,Guacamayas Airport,"Guacamayas, Colombia",UTC−05:00
GCC,KGCC,Gillette–Campbell County Airport,"Gillette, Wyoming, United States",UTC−07:00
GCD,,Grand Coulee Dam Airport[2] (FAA: 3W7),"Electric City, Washington, United States",UTC−08:00
GCH,OIAH,Gachsaran Airport[2],"Gachsaran, Iran",UTC+03:30
GCI,EGJB,Guernsey Airport,"The Forest, Guernsey, Channel Islands",UTC±00:00
GCJ,FAGC,Grand Central Airport,"Johannesburg, South Africa",UTC+02:00
GCK,KGCK,Garden City Regional Airport,"Garden City, Kansas, United States",UTC−06:00
GCM,MWCR,Owen Roberts International Airport,"Grand Cayman, British Overseas Territory of Cayman Islands",UTC−05:00
GCN,KGCN,Grand Canyon National Park Airport,"Tusayan, Arizona, United States",UTC−07:00
GCT,,Grand Canyon Bar 10 Airport,"Whitmore, Arizona, United States",UTC−07:00
GCW,,Grand Canyon West Airport[2] (FAA: 1G4),"Peach Springs, Arizona, United States",UTC−07:00
GCY,KGCY,Greeneville–Greene County Municipal Airport,"Greeneville, Tennessee, United States",UTC−05:00
GDA,,Gounda Airport,"Gounda, Central African Republic",UTC+01:00
GDC,KGYH,Donaldson Center Airport (FAA: GYH),"Greenville, South Carolina, United States",UTC−05:00
GDD,YGDN,Gordon Downs Airport,"Gordon Downs, Western Australia, Australia",UTC+08:00
GDE,HAGO,Gode Airport,"Gode, Ethiopia",UTC+03:00
GDG,UHBI,Magdagachi Airport,"Magdagachi, Amur Oblast, Russia",UTC+09:00
GDH,,Golden Horn Lodge Seaplane Base (FAA: 3Z8),"Golden Horn Lodge, Alaska, United States",UTC−09:00
GDI,,Gordil Airport,"Gordil, Central African Republic",UTC+01:00
GDJ,FZWC,Gandajika Airport,"Gandajika, Democratic Republic of the Congo",UTC+02:00
GDL,MMGL,Guadalajara International Airport (Miguel Hidalgo y Costilla Int'l),"Guadalajara, Jalisco, Mexico",UTC−06:00
GDM,KGDM,Gardner Municipal Airport,"Gardner, Massachusetts, United States",UTC−05:00
GDN,EPGD,Gdańsk Lech Wałęsa Airport,"Gdańsk, Poland",UTC+01:00
GDO,SVGD,Guasdualito Airport (Vare Maria Airport),"Guasdualito, Venezuela",UTC−04:00
GDP,SNGD,Guadalupe Airport,"Guadalupe, Piauí, Brazil",UTC−03:00
GDQ,HAGN,Gondar Airport (Atse Tewodros Airport),"Gondar, Ethiopia",UTC+03:00
GDT,MBGT,JAGS McCartney International Airport (Grand Turk Int'l),"Grand Turk Island, British Overseas Territory of Turks and Caicos Islands",UTC−04:00
GDV,KGDV,Dawson Community Airport,"Glendive, Montana, United States",UTC−07:00
GDW,KGDW,Gladwin Zettel Memorial Airport,"Gladwin, Michigan, United States",UTC−05:00
GDX,UHMM,Sokol Airport,"Magadan, Magadan Oblast, Russia",UTC+11:00
GDZ,URKG,Gelendzhik Airport,"Gelendzhik, Krasnodar Krai, Russia",UTC+03:00
GEA,NWWM,Nouméa Magenta Airport,"Nouméa, New Caledonia",UTC+11:00
GEB,WAMJ,Gebe Airport,"Gebe, Indonesia",UTC+09:00
GEC,,Geçitkale Air Base,"Geçitkale, Northern Cyprus",UTC+03:00
GED,KGED,Delaware Coastal Airport,"Georgetown, Delaware, United States",UTC−05:00
GEE,YGTO,George Town Aerodrome,"George Town, Tasmania, Australia",UTC+10:00
GEF,AGEV,Geva Airport,"Liangai, Vella Lavella, Solomon Islands",UTC+11:00
GEG,KGEG,Spokane International Airport,"Spokane, Washington, United States",UTC−08:00
GEL,SBNM,Sepé Tiaraju Airport,"Santo Ângelo, Rio Grande do Sul, Brazil",UTC−03:00
GEM,FGMY,President Obiang Nguema International Airport[2],"Mengomeyén, Equatorial Guinea",UTC+01:00
GEO,SYCJ,Cheddi Jagan International Airport,"Georgetown, Guyana",UTC−04:00
GER,MUNG,Rafael Cabrera Mustelier Airport,"Nueva Gerona, Cuba",UTC−05:00
GES,RPMR,General Santos International Airport (Tambler Airport),"General Santos, Philippines",UTC+08:00
GET,YGEL,Geraldton Airport,"Geraldton, Western Australia, Australia",UTC+08:00
GEV,ESNG,Gällivare Airport,"Gällivare, Sweden",UTC+01:00
GEW,AYGC,Gewoia Airport,"Gewoia, Papua New Guinea",UTC+10:00
GEX,YGLG,Geelong Airport,"Geelong, Victoria, Australia",UTC+10:00
GEY,KGEY,South Big Horn County Airport,"Greybull, Wyoming, United States",UTC−07:00
GFD,KGFD,Pope Field,"Greenfield, Indiana, United States",UTC−05:00
GFE,,Grenfell Airport[2],"Grenfell, New South Wales, Australia",UTC+10:00
GFF,YGTH,Griffith Airport,"Griffith, New South Wales, Australia",UTC+10:00
GFK,KGFK,Grand Forks International Airport,"Grand Forks, North Dakota, United States",UTC−06:00
GFL,KGFL,Floyd Bennett Memorial Airport,"Glens Falls, New York, United States",UTC−05:00
GFN,YGFN,Clarence Valley Regional Airport,"Grafton, New South Wales, Australia",UTC+10:00
GFO,SYBT,Bartica Airport,"Bartica, Guyana",UTC−04:00
GFR,LFRF,Granville–Mont-Saint-Michel Aerodrome [fr],"Granville, Lower Normandy, France",UTC+01:00
GFY,FYGF,Grootfontein Air Base,"Grootfontein, Namibia",UTC+01:00
GGB,SWHP,Água Boa Airport,"Água Boa, Mato Grosso, Brazil",UTC−03:00
GGC,,Lumbala N'guimbo Airport,"Lumbala N'guimbo, Angola",UTC+01:00
GGD,YGDS,Gregory Downs Airport,"Gregory Downs, Queensland, Australia",UTC+10:00
GGE,KGGE,Georgetown County Airport,"Georgetown, South Carolina, United States",UTC−05:00
GGF,SNYA,Almeirim Airport,"Almeirim, Pará, Brazil",UTC−03:00
GGG,KGGG,East Texas Regional Airport,"Longview, Texas, United States",UTC−06:00
GGH,SSCT,Gastão Mesquita Airport,"Cianorte, Paraná, Brazil",UTC−03:00
GGJ,SSGY,Guaíra Airport,"Guaíra, Paraná, Brazil",UTC−03:00
GGL,,Gilgal Airport[2],"Gilgal, Colombia",UTC−05:00
GGM,HKKG,Kakamega Airport[2],"Kakamega, Kenya",UTC+03:00
GGN,DIGA,Gagnoa Airport,"Gagnoa, Ivory Coast",UTC±00:00
GGO,DIGL,Guiglo Airport,"Guiglo, Ivory Coast",UTC±00:00
GGR,,Garowe International Airport,"Garowe, Somalia",UTC+03:00
GGS,SAWR,Gobernador Gregores Airport,"Gobernador Gregores, Santa Cruz, Argentina",UTC−03:00
GGT,MYEF,Exuma International Airport,"Moss Town, Great Exuma Island, Bahamas",UTC−05:00
GGW,KGGW,Glasgow Airport (Wokal Field),"Glasgow, Montana, United States",UTC−07:00
GHA,DAUG,Noumérat – Moufdi Zakaria Airport,"Ghardaïa, Algeria",UTC+01:00
GHB,MYEM,Governor's Harbour Airport,"Governor's Harbour, Eleuthera Island, Bahamas",UTC−05:00
GHC,MYBG,Great Harbour Cay Airport,"Great Harbour Cay, Berry Islands, Bahamas",UTC−05:00
GHE,,Garachiné Airport,"Garachiné, Panama",UTC−05:00
GHF,ETEU,Giebelstadt Airport,"Giebelstadt, Bavaria, Germany",UTC+01:00
GHK,,Gahcho Kue Aerodrome[2] (TC: CGK2),"Kennedy Lake, Northwest Territories, Canada",UTC−07:00
GHM,KGHM,Centerville Municipal Airport,"Centerville, Tennessee, United States",UTC−06:00
GHN,ZUGH,Guanghan Airport,"Guanghan, Sichuan, China",UTC+08:00
GHS,WALE,West Kutai Melalan Airport,"Melak, East Kalimantan, Indonesia",UTC+09:00
GHT,HLGT,Ghat Airport,"Ghat, Libya",UTC+02:00
GHU,SAAG,Gualeguaychú Airport,"Gualeguaychú, Entre Ríos, Argentina",UTC−03:00
GHV,LRBV,Brașov-Ghimbav International Airport,"Brașov, Romania",UTC+02:00
GIB,LXGB,Gibraltar International Airport (North Front Airport),British Overseas Territory of Gibraltar,UTC+01:00
GIC,YBOI,Boigu Island Airport,"Boigu Island, Queensland, Australia",UTC+10:00
GID,HBBE,Gitega Airport,"Gitega, Burundi",UTC+02:00
GIF,KGIF,Winter Haven's Gilbert Airport,"Winter Haven, Florida, United States",UTC−05:00
GIG,SBGL,Rio de Janeiro–Galeão International Airport,"Rio de Janeiro, Brazil",UTC−03:00
GII,GUSI,Siguiri Airport,"Siguiri, Guinea",UTC±00:00
GIL,OPGT,Gilgit Airport,"Gilgit, Pakistan",UTC+05:00
GIM,,Miele Mimbale Airport,"Miele Mimbale, Gabon",UTC+01:00
GIR,SKGI,Santiago Vila Airport,"Girardot, Colombia",UTC−05:00
GIS,NZGS,Gisborne Airport,"Gisborne, New Zealand",UTC+12:00
GIT,,Geita Airport,"Geita, Tanzania",UTC+03:00
GIU,VCCS,Sigiriya Airport[2],"Dambulla, Sri Lanka",UTC+05:30
GIY,FAGI,Giyani Airport,"Giyani, South Africa",UTC+02:00
GIZ,OEGN,Jizan Regional Airport (King Abdullah bin Abdulaziz Airport),"Jizan, Saudi Arabia",UTC+03:00
GJA,MHNJ,Guanaja Airport,"Guanaja, Honduras",UTC−06:00
GJL,DAAV,Jijel Ferhat Abbas Airport,"Jijel, Algeria",UTC+01:00
GJM,SBGM,Guajará-Mirim Airport,"Guajará-Mirim, Rondônia, Brazil",UTC−04:00
GJR,BIGJ,Gjögur Airport,"Gjögur, Iceland",UTC±00:00
GJT,KGJT,Grand Junction Regional Airport (Walker Field),"Grand Junction, Colorado, United States",UTC−07:00
GKA,AYGA,Goroka Airport,"Goroka, Papua New Guinea",UTC+10:00
GKD,LTFK,Gökçeada Airport,"Gökçeada, Turkey",UTC+03:00
GKE,ETNG,NATO Air Base Geilenkirchen,"Geilenkirchen,  North Rhine-Westphalia, Germany",UTC+01:00
GKH,VNGK,Palungtar Airport,"Gorkha, Nepal",UTC+05:45
GKK,VRMO,Kooddoo Airport[2],"Kooddoo, Gaafu Alif Atoll, Maldives",UTC+05:00
GKL,YGKL,Great Keppel Island Airport,"Great Keppel Island, Queensland, Australia",UTC+10:00
GKN,PAGK,Gulkana Airport,"Gulkana, Alaska, United States",UTC−09:00
GKO,,Kongo Boumba Airport,"Kongo Boumba, Gabon",UTC+01:00
GKT,KGKT,Gatlinburg–Pigeon Forge Airport,"Sevierville, Tennessee, United States",UTC−05:00
GLA,EGPF,Glasgow Airport,"Glasgow, Scotland, United Kingdom",UTC±00:00
GLB,,San Carlos Apache Airport[2] (FAA: P13),"Globe, Arizona, United States",UTC−07:00
GLC,,Geladi Airport,"Geladi, Ethiopia",UTC+03:00
GLD,KGLD,Goodland Municipal Airport (Renner Field),"Goodland, Kansas, United States",UTC−07:00
GLE,KGLE,Gainesville Municipal Airport,"Gainesville, Texas, United States",UTC−06:00
GLF,MRGF,Golfito Airport,"Golfito, Costa Rica",UTC−06:00
GLG,YGLE,Glengyle Airport,"Glengyle, Queensland, Australia",UTC+10:00
GLH,KGLH,Mid-Delta Regional Airport,"Greenville, Mississippi, United States",UTC−06:00
GLI,YGLI,Glen Innes Airport,"Glen Innes, New South Wales, Australia",UTC+10:00
GLK,HCMR,Abdullahi Yusuf International Airport,"Galkayo, Somalia",UTC+03:00
GLL,ENKL,"Gol Airport, Klanten","Gol, Norway",UTC+01:00
GLM,YGLO,Glenormiston Airport,"Glenormiston, Queensland, Australia",UTC+10:00
GLN,,Guelmim Airport,"Guelmim, Morocco",UTC±00:00
GLO,EGBJ,Gloucestershire Airport,"Gloucester / Cheltenham, England, United Kingdom",UTC±00:00
GLP,AYUP,Gulgubip Airport,"Gulgubip, Papua New Guinea",UTC+10:00
GLR,KGLR,Gaylord Regional Airport,"Gaylord, Michigan, United States",UTC−05:00
GLS,KGLS,Scholes International Airport at Galveston,"Galveston, Texas, United States",UTC−06:00
GLT,YGLA,Gladstone Airport,"Gladstone, Queensland, Australia",UTC+10:00
GLU,VQGP,Gelephu Airport[2],"Gelephu, Bhutan",UTC+06:00
GLV,PAGL,Golovin Airport,"Golovin, Alaska, United States",UTC−09:00
GLW,KGLW,Glasgow Municipal Airport,"Glasgow, Kentucky, United States",UTC−06:00
GLX,WAMA,Gamar Malamo Airport,"Galela, Indonesia",UTC+09:00
GLY,,Goldsworthy Airport,"Goldsworthy, Western Australia, Australia",UTC+08:00
GLZ,EHGR,Gilze-Rijen Air Base,"Breda, Netherlands",UTC+01:00
GMA,FZFK,Gemena Airport,"Gemena, Democratic Republic of the Congo",UTC+01:00
GMB,HAGM,Gambela Airport,"Gambela, Ethiopia",UTC+03:00
GMC,,Guerima Airport,"Guerima, Colombia",UTC−05:00
GMD,GMMB,Ben Slimane Airport[2],"Ben Slimane, Morocco",UTC±00:00
GME,UMGG,Gomel Airport,"Gomel, Belarus",UTC+03:00
GMI,AYGT,Gasmata Airport,"Gasmata, Papua New Guinea",UTC+10:00
GMM,FCOG,Gamboma Airport,"Gamboma, Republic of the Congo",UTC+01:00
GMN,NZGM,Greymouth Airport,"Greymouth, New Zealand",UTC+12:00
GMO,DNGO,Gombe Lawanti International Airport[2],"Gombe, Nigeria",UTC+01:00
GMP,RKSS,Gimpo International Airport,"Seoul, South Korea",UTC+09:00
GMQ,ZLGL,Golog Maqin Airport[2],"Golog, Qinghai, China",UTC+08:00
GMR,NTGJ,Totegegie Airport (Gambier Island Airport),"Mangareva, Gambier Islands, French Polynesia",UTC−09:00
GMS,SNGM,Guimarães Airport,"Guimarães, Maranhão, Brazil",UTC−03:00
GMT,PAGZ,Granite Mountain Air Station (FAA: GSZ),"Granite Mountain, Alaska, United States",UTC−09:00
GMU,KGMU,Greenville Downtown Airport,"Greenville, South Carolina, United States",UTC−05:00
GMV,,Monument Valley Airport (FAA: UT25),"Monument Valley, Utah, United States",UTC−07:00
GMZ,GCGM,La Gomera Airport,"La Gomera / Canary Islands, Spain",UTC±00:00
GNA,UMMG,Grodno Airport,"Grodno, Belarus",UTC+03:00
GNB,LFLS,Grenoble–Isère Airport,"Grenoble, Rhône-Alpes, France",UTC+01:00
GND,TGPY,Maurice Bishop International Airport,"St. George's, Grenada",UTC−04:00
GNF,,Gansner Field[2] (FAA: 2O1),"Quincy, California, United States",UTC−08:00
GNG,KGNG,Gooding Municipal Airport,"Gooding, Idaho, United States",UTC−07:00
GNI,RCGI,Lyudao Airport (Green Island Airport),"Lyudao (Green Island), Taiwan",UTC+08:00
GNJ,UBBG,Ganja International Airport,"Ganja, Azerbaijan",UTC+04:00
GNM,SNGI,Guanambi Airport,"Guanambi, Bahia, Brazil",UTC−03:00
GNN,HAGH,Ginir Airport,"Ginir, Ethiopia",UTC+03:00
GNR,SAHR,Dr. Arturo Umberto Illia Airport,"General Roca, Río Negro, Argentina",UTC−03:00
GNS,WIMB,Binaka Airport,"Gunungsitoli, Indonesia",UTC+07:00
GNT,KGNT,Grants-Milan Municipal Airport,"Grants, New Mexico, United States",UTC−07:00
GNU,,Goodnews Airport,"Goodnews Bay, Alaska, United States",UTC−09:00
GNV,KGNV,Gainesville Regional Airport,"Gainesville, Florida, United States",UTC−05:00
GNY,LTCS,Şanlıurfa GAP Airport,"Şanlıurfa, Turkey",UTC+03:00
GNZ,FBGZ,Ghanzi Airport,"Ghanzi, Botswana",UTC+02:00
GOA,LIMJ,Genoa Cristoforo Colombo Airport,"Genoa, Liguria, Italy",UTC+01:00
GOB,HAGB,Robe Airport,"Goba, Ethiopia",UTC+03:00
GOC,AYGX,Gora Airport,"Gora, Papua New Guinea",UTC+10:00
GOE,,Gonaili Airstrip,"Gonaili, Papua New Guinea",UTC+10:00
GOG,FYGB,Gobabis Airport,"Gobabis, Namibia",UTC+01:00
GOH,BGGH,Nuuk Airport,"Nuuk, Greenland",UTC−03:00
GOI,VOGO,Dabolim Airport,"Dabolim, Goa, India",UTC+05:30
GOJ,UWGG,Nizhny Novgorod International Airport (Strigino Airport),"Nizhny Novgorod, Nizhny Novgorod Oblast, Russia",UTC+03:00
GOK,KGOK,Guthrie–Edmond Regional Airport,"Guthrie, Oklahoma, United States",UTC−06:00
GOL,,Gold Beach Municipal Airport (FAA: 4S1),"Gold Beach, Oregon, United States",UTC−08:00
GOM,FZNA,Goma International Airport,"Goma, Democratic Republic of the Congo",UTC+02:00
GON,KGON,Groton–New London Airport,"Groton / New London, Connecticut, United States",UTC−05:00
GOO,YGDI,Goondiwindi Airport,"Goondiwindi, Queensland, Australia",UTC+10:00
GOP,VEGK,Gorakhpur Airport,"Gorakhpur, Uttar Pradesh, India",UTC+05:30
GOQ,ZLGM,Golmud Airport,"Golmud, Qinghai, China",UTC+08:00
GOR,HAGR,Gore Airport,"Gore, Ethiopia",UTC+03:00
GOS,,Gosford Airport,"Gosford, New South Wales, Australia",UTC+10:00
GOT,ESGG,Göteborg Landvetter Airport,"Gothenburg, Sweden",UTC+01:00
GOU,FKKR,Garoua International Airport,"Garoua, Cameroon",UTC+01:00
GOV,YPGV,Gove Airport,"Nhulunbuy, Northern Territory, Australia",UTC+09:30
GOX,VOGA,Manohar International Airport,"Mopa, Goa, India",UTC+05:30
GOZ,LBGO,Gorna Oryahovitsa Airport,"Gorna Oryahovitsa, Bulgaria",UTC+02:00
GPA,LGRX,Araxos Airport,"Patras, Greece",UTC+02:00
GPB,SBGU,Tancredo Thomas de Faria Airport,"Guarapuava, Paraná, Brazil",UTC−03:00
GPD,YGON,Mount Gordon Airport[2],"Mount Gordon Mine, Queensland, Australia",UTC+10:00
GPI,SKGP,Guapi Airport (Juan Casiano Airport),"Guapi, Colombia",UTC−05:00
GPL,MRGP,Guápiles Airport,"Guápiles, Costa Rica",UTC−06:00
GPN,YGPT,Garden Point Airport,"Pularumpi, Northern Territory, Australia",UTC+09:30
GPO,SAZG,General Pico Airport,"General Pico, La Pampa, Argentina",UTC−03:00
GPS,SEGS,Seymour Airport,"Baltra Island, Galápagos Islands, Ecuador",UTC−06:00
GPT,KGPT,Gulfport–Biloxi International Airport,"Gulfport / Biloxi, Mississippi, United States",UTC−06:00
GPZ,KGPZ,Grand Rapids–Itasca County Airport (Gordon Newstrom Field),"Grand Rapids, Minnesota, United States",UTC−06:00
GQQ,KGQQ,Galion Municipal Airport,"Galion, Ohio, United States",UTC−05:00
GRA,,Gamarra Airport,"Gamarra, Colombia",UTC−05:00
GRB,KGRB,Austin Straubel International Airport,"Green Bay, Wisconsin, United States",UTC−06:00
GRC,,Grand Cess Airport,"Grand Cess, Liberia",UTC±00:00
GRD,KGRD,Greenwood County Airport,"Greenwood, South Carolina, United States",UTC−05:00
GRE,KGRE,Greenville Airport,"Greenville, Illinois, United States",UTC−06:00
GRF,KGRF,Gray Army Airfield,"Tacoma, Washington, United States",UTC−08:00
GRG,OAGZ,Gardez Airport,"Gardez, Afghanistan",UTC+04:30
GRH,,Garuahi Airport,"Garuahi, Papua New Guinea",UTC+10:00
GRI,KGRI,Central Nebraska Regional Airport,"Grand Island, Nebraska, United States",UTC−06:00
GRJ,FAGG,George Airport,"George, South Africa",UTC+02:00
GRK,KGRK,Killeen–Fort Hood Regional Airport / Robert Gray Army Airfield,"Fort Cavazos / Killeen, Texas, United States",UTC−06:00
GRL,AYGG,Garasa Airport,"Garasa, Papua New Guinea",UTC+10:00
GRM,KCKC,Grand Marais/Cook County Airport (FAA: CKC),"Grand Marais, Minnesota, United States",UTC−06:00
GRN,KGRN,Gordon Municipal Airport,"Gordon, Nebraska, United States",UTC−07:00
GRO,LEGE,Girona–Costa Brava Airport,"Girona, Catalonia, Spain",UTC+01:00
GRP,SWGI,Gurupi Airport,"Gurupi, Tocantins, Brazil",UTC−03:00
GRQ,EHGG,Groningen Airport Eelde,"Groningen, Netherlands",UTC+01:00
GRR,KGRR,Gerald R. Ford International Airport,"Grand Rapids, Michigan, United States",UTC−05:00
GRS,LIRS,Grosseto Airport,"Grosseto, Tuscany, Italy",UTC+01:00
GRT,,Gujrat Airport,"Gujrat, Pakistan",UTC+05:00
GRU,SBGR,São Paulo/Guarulhos–Governador André Franco Montoro International Airport,"São Paulo, Brazil",UTC−03:00
GRV,URMG,Grozny Airport,"Grozny, Chechnya, Russia",UTC+03:00
GRW,LPGR,Graciosa Airport,"Graciosa, Azores, Portugal",UTC−01:00
GRX,LEGR,Federico García Lorca Airport (Granada Jaén Airport),"Granada, Andalusia, Spain",UTC+01:00
GRY,BIGR,Grímsey Airport,"Grímsey, Iceland",UTC±00:00
GRZ,LOWG,Graz Airport,"Graz, Austria",UTC+01:00
GSA,WBKN,Long Pasia Airport,"Long Pasia, Sabah, Malaysia",UTC+08:00
GSB,KGSB,Seymour Johnson Air Force Base,"Goldsboro, North Carolina, United States",UTC−05:00
GSC,YGSC,Gascoyne Junction Airport,"Gascoyne Junction, Western Australia, Australia",UTC+08:00
GSE,ESGP,Göteborg City Airport,"Gothenburg, Sweden",UTC+01:00
GSH,KGSH,Goshen Municipal Airport,"Goshen, Indiana, United States",UTC−05:00
GSI,SOGS,Grand-Santi Airport[2],"Grand-Santi, French Guiana",UTC−03:00
GSJ,MGSJ,San José Airport[2],"Puerto San José, Guatemala",UTC−06:00
GSL,,Taltheilei Narrows Airport[2] (TC: CFA7),"Taltheilei Narrows, Northwest Territories, Canada",UTC−07:00
GSM,OIKQ,Dayrestan Airport (Qeshm International Airport),"Qeshm, Iran",UTC+03:30
GSN,YMGN,Mount Gunson Airport,"Mount Gunson, South Australia, Australia",UTC+09:30
GSO,KGSO,Piedmont Triad International Airport,"Greensboro, North Carolina, United States",UTC−05:00
GSP,KGSP,Greenville–Spartanburg International Airport,"Greenville / Spartanburg, South Carolina, United States",UTC−05:00
GSQ,HEOW,Sharq Al-Owainat Airport,"Sharq Al-Owainat, Egypt",UTC+02:00
GSR,HCMG,Qardho Airport,"Qardho, Somalia",UTC+03:00
GSS,,Sabi Sabi Airport,"Sabie, South Africa",UTC+02:00
GST,PAGS,Gustavus Airport,"Gustavus, Alaska, United States",UTC−09:00
GSU,HSGF,Azaza Airport,"Gedaref, Sudan",UTC+03:00
GSV,,Saratov Gagarin Airport,"Saratov, Saratov Oblast, Russia",UTC+04:00
GTA,AGOK,Gatokae Aerodrome,"Gatokae, Solomon Islands",UTC+11:00
GTE,YGTE,Groote Eylandt Airport,"Groote Eylandt, Northern Territory, Australia",UTC+09:30
GTF,KGTF,Great Falls International Airport,"Great Falls, Montana, United States",UTC−07:00
GTG,KGTG,Grantsburg Municipal Airport,"Grantsburg, Wisconsin, United States",UTC−06:00
GTI,EDCG,Rügen Airport (Güttin Airfield),"Güttin, Mecklenburg-Vorpommern, Germany",UTC+01:00
GTN,NZGT,Glentanner Aerodrome,"Mount Cook, New Zealand",UTC+12:00
GTO,WAMG,Jalaluddin Airport,"Gorontalo, Indonesia",UTC+08:00
GTP,,Grants Pass Airport[2] (FAA: 3S8),"Grants Pass, Oregon, United States",UTC−08:00
GTR,KGTR,Golden Triangle Regional Airport,"Columbus / West Point / Starkville, Mississippi, United States",UTC−06:00
GTS,YTGT,The Granites Airport,"The Granites, Northern Territory, Australia",UTC+09:30
GTT,YGTN,Georgetown Airport,"Georgetown, Queensland, Australia",UTC+10:00
GTW,LKHO,Holešov Airport,"Zlín, Czech Republic",UTC+01:00
GTY,,Gettysburg Regional Airport (FAA: W05),"Gettysburg, Pennsylvania, United States",UTC−05:00
GTZ,,Kirawira B Airstrip[2],"Grumeti, Tanzania",UTC+03:00
GUA,MGGT,La Aurora International Airport,"Guatemala City, Guatemala",UTC−06:00
GUB,MMGR,Guerrero Negro Airport,"Guerrero Negro, Baja California Sur,2 Mexico",UTC−07:00
GUC,KGUC,Gunnison–Crested Butte Regional Airport,"Gunnison, Colorado, United States",UTC−07:00
GUD,GAGM,Goundam Airport,"Goundam, Mali",UTC±00:00
GUE,,Guriaso Airport,"Guriaso, Papua New Guinea",UTC+10:00
GUF,KJKA,Jack Edwards Airport (FAA: JKA),"Gulf Shores, Alabama, United States",UTC−06:00
GUG,AYGF,Guari Airport,"Guari, Papua New Guinea",UTC+10:00
GUH,YGDH,Gunnedah Airport,"Gunnedah, New South Wales, Australia",UTC+10:00
GUI,SVGI,Güiria Airport,"Güiria, Venezuela",UTC−04:00
GUJ,SBGW,Guaratinguetá Airport,"Guaratinguetá, São Paulo, Brazil",UTC−03:00
GUL,YGLB,Goulburn Airport,"Goulburn, New South Wales, Australia",UTC+10:00
GUM,PGUM,Antonio B. Won Pat International Airport (Guam Int'l),"Hagåtña, Guam",UTC+10:00
GUP,KGUP,Gallup Municipal Airport,"Gallup, New Mexico, United States",UTC−07:00
GUQ,SVGU,Guanare Airport,"Guanare, Venezuela",UTC−04:00
GUR,AYGN,Gurney Airport,"Alotau, Papua New Guinea",UTC+10:00
GUS,KGUS,Grissom Air Reserve Base,"Peru, Indiana, United States",UTC−05:00
GUT,ETUO,RAF Gütersloh,"Gütersloh, North Rhine-Westphalia, Germany",UTC+01:00
GUU,BIGF,Grundarfjörður Airport,"Grundarfjörður, Iceland",UTC±00:00
GUV,AYML,Mougulu Airport,"Mougulu, Papua New Guinea",UTC+10:00
GUW,UATG,Atyrau Airport,"Atyrau, Kazakhstan",UTC+05:00
GUX,VAGN,Guna Airport,"Guna, Madhya Pradesh, India",UTC+05:30
GUY,KGUY,Guymon Municipal Airport,"Guymon, Oklahoma, United States",UTC−06:00
GUZ,SNGA,Guarapari Airport,"Guarapari, Espírito Santo, Brazil",UTC−03:00
GVA,LSGG,Geneva Airport,"Geneva, Switzerland",UTC+01:00
GVE,KGVE,Gordonsville Municipal Airport,"Gordonsville, Virginia, United States",UTC−05:00
GVI,AYGV,Green River Airport,"Green River, Papua New Guinea",UTC+10:00
GVL,KGVL,Lee Gilmer Memorial Airport,"Gainesville, Georgia, United States",UTC−05:00
GVN,UHKM,Sovetskaya Gavan Airport[2],"Sovetskaya Gavan, Khabarovsk Krai, Russia",UTC+10:00
GVP,YGNV,Greenvale Airport,"Greenvale, Queensland, Australia",UTC+10:00
GVR,SBGV,Coronel Altino Machado de Oliveira Airport,"Governador Valadares, Minas Gerais, Brazil",UTC−03:00
GVT,KGVT,Majors Airport,"Greenville, Texas, United States",UTC−06:00
GVX,ESSK,Gävle-Sandviken Airport,"Gävle, Sweden",UTC+01:00
GWA,VYGW,Gwa Airport,"Gwa, Myanmar",UTC+06:30
GWD,OPGD,Gwadar International Airport,"Gwadar, Pakistan",UTC+05:00
GWE,FVTL,Thornhill Air Base,"Gweru, Zimbabwe",UTC+02:00
GWL,VIGR,Rajmata Vijaya Raje Scindia Airport (Gwalior Airport),"Gwalior, Madhya Pradesh, India",UTC+05:30
GWN,,Gnarowein Airport,"Gnarowein, Papua New Guinea",UTC+10:00
GWO,KGWO,Greenwood–Leflore Airport,"Greenwood, Mississippi, United States",UTC−06:00
GWS,KGWS,Glenwood Springs Municipal Airport,"Glenwood Springs, Colorado, United States",UTC−07:00
GWT,EDXW,Sylt Airport (Westerland Airport),"Sylt, Schleswig-Holstein, Germany",UTC+01:00
GWV,,Glendale Fokker Field (FAA: WV66),"Glen Dale, West Virginia, United States",UTC−05:00
GWY,EICM,Galway Airport,"Galway, Ireland",UTC±00:00
GXA,WAOM,Beringin Airport,"North Barito, Central Kalimantan, Indonesia",UTC+09:00
GXF,OYSY,Sayun Airport,"Sayun, Yemen",UTC+03:00
GXG,FNNG,Negage Airport,"Negage, Angola",UTC+01:00
GXH,ZLXH,Gannan Xiahe Airport,"Xiahe, Gansu, China",UTC+08:00
GXQ,SCCY,Teniente Vidal Airfield,"Coyhaique, Chile",UTC−04:00
GXX,FKKJ,Yagoua Airport,"Yagoua, Cameroon",UTC+01:00
GXY,KGXY,Greeley–Weld County Airport,"Greeley, Colorado, United States",UTC−07:00
GYA,SLGY,Guayaramerín Airport,"Guayaramerín, Bolivia",UTC−04:00
GYD,UBBB,Heydar Aliyev International Airport,"Baku, Azerbaijan",UTC+04:00
GYE,SEGU,José Joaquín de Olmedo International Airport,"Guayaquil, Ecuador",UTC−05:00
GYG,UEMM,Magan Airport,"Magan, Yakutia, Russia",UTC+09:00
GYI,HRYG,Gisenyi Airport,"Gisenyi, Rwanda",UTC+02:00
GYL,YARG,Argyle Airport,"Argyle, Western Australia, Australia",UTC+08:00
GYM,MMGM,General José María Yáñez International Airport,"Guaymas, Sonora, Mexico",UTC−07:00
GYN,SBGO,Santa Genoveva Airport,"Goiânia, Goiás, Brazil",UTC−03:00
GYP,YGYM,Gympie Airport,"Gympie, Queensland, Australia",UTC+10:00
GYR,KGYR,Phoenix Goodyear Airport,"Goodyear, Arizona, United States",UTC−07:00
GYS,ZUGU,Guangyuan Panlong Airport,"Guangyuan, Sichuan, China",UTC+08:00
GYU,ZLGY,Guyuan Liupanshan Airport[2],"Guyuan, Ningxia, China",UTC+08:00
GYZ,YGRM,Gruyere Airport,"Gruyere, Western Australia, Australia",UTC+08:00
GZA,LVGZ,Yasser Arafat International Airport,"Gaza, Palestine",UTC+02:00
GZG,ZUGZ,Garze Gesar Airport,"Garzê County, Sichuan, China",
GZI,OAGN,Ghazni Airport,"Ghazni, Afghanistan",UTC+04:30
GZO,AGGN,Nusatupe Airport,"Gizo, Western Province, Solomon Islands",UTC+11:00
GZP,LTFG,Gazipaşa–Alanya Airport[2],"Gazipaşa, Turkey",UTC+03:00
GZT,LTAJ,Gaziantep Oğuzeli International Airport,"Gaziantep, Turkey",UTC+03:00
GZW,OIIK,Qazvin Airport[2],"Qazvin, Iran",UTC+03:30
HAA,ENHK,Hasvik Airport,"Hasvik, Norway",UTC+01:00
HAB,KHAB,Marion County – Rankin Fite Airport,"Hamilton, Alabama, United States",UTC−06:00
HAC,RJTH,Hachijojima Airport,"Hachijō-jima (Hachijojima), Izu Islands, Japan",UTC+09:00
HAD,ESMT,Halmstad Airport (Halmstad City Airport),"Halmstad, Sweden",UTC+01:00
HAF,KHAF,Half Moon Bay Airport,"Half Moon Bay, California, United States",UTC−08:00
HAH,FMCH,Prince Said Ibrahim International Airport,"Moroni, Comoros",UTC+03:00
HAI,KHAI,Three Rivers Municipal Airport (Dr. Haines Flying Field),"Three Rivers, Michigan, United States",UTC−05:00
HAJ,EDDV,Hannover Airport,"Hanover, Lower Saxony, Germany",UTC+01:00
HAK,ZJHK,Haikou Meilan International Airport,"Haikou, Hainan, China",UTC+08:00
HAL,FYHI,Halali Airport,"Halali, Namibia",UTC+01:00
HAM,EDDH,Hamburg Airport,"Hamburg, Germany",UTC+01:00
HAN,VVNB,Noi Bai International Airport,"Hanoi, Vietnam",UTC+07:00
HAO,KHAO,Butler County Regional Airport,"Hamilton, Ohio, United States",UTC−05:00
HAQ,VRMH,Hanimaadhoo International Airport,"Hanimaadhoo, Haa Dhaalu Atoll, Maldives",UTC+05:00
HAR,KCXY,Capital City Airport (FAA: CXY),"Harrisburg, Pennsylvania, United States",UTC−05:00
HAS,OEHL,Ha'il Regional Airport,"Ha'il (Hail), Saudi Arabia",UTC+03:00
HAT,YHTL,Heathlands Airport,"Heathlands, Queensland, Australia",UTC+10:00
HAU,ENHD,"Haugesund Airport, Karmøy","Haugesund, Norway",UTC+01:00
HAV,MUHA,José Martí International Airport,"Havana, Cuba",UTC−05:00
HAW,EGFE,Haverfordwest Aerodrome,"Haverfordwest, Wales, United Kingdom",UTC±00:00
HAY,,Hacaritama Airport,"Aguachica, Colombia",UTC−05:00
HAZ,,Hatzfeldthaven Airport,"Hatzfeldthaven, Papua New Guinea",UTC+10:00
HBA,YMHB,Hobart International Airport,"Hobart, Tasmania, Australia",UTC+10:00
HBB,,Hobbs Industrial Airpark,"Hobbs, New Mexico, United States",UTC−07:00
HBD,,Habi Airport,"Habi, Papua New Guinea",UTC+10:00
HBE,HEBA,Borg El Arab International Airport,"Alexandria / Borg El Arab, Egypt",UTC+02:00
HBG,KHBG,Hattiesburg Bobby L. Chain Municipal Airport,"Hattiesburg, Mississippi, United States",UTC−06:00
HBH,,Entrance Island Seaplane Base (Hobart Bay) (FAA: 2Z1),"Entrance Island, Alaska, United States",UTC−09:00
HBK,,Holbrook Municipal Airport[1] (FAA: P14),"Holbrook, Arizona, United States",UTC−07:00
HBQ,,Qilian Airport,"Qilian, Qinghai, China",
HBR,KHBR,Hobart Regional Airport,"Hobart, Oklahoma, United States",UTC−06:00
HBT,,Hambantota Sea Plane Base,"Hambantota, Sri Lanka",UTC+05:30
HBU,ZMBS,"Bulgan Airport, Khovd[1]","Bulgan (Khovd Province), Mongolia",UTC+07:00
HBX,VAHB,Hubli Airport,"Hubli / Dharwad, Karnataka, India",UTC+05:30
HCA,KBPG,Big Spring McMahon–Wrinkle Airport[1] (FAA: BPG),"Big Spring, Texas, United States",UTC−06:00
HCC,,Columbia County Airport (FAA: 1B1),"Hudson, New York, United States",UTC−05:00
HCJ,ZGHC,Hechi Jinchengjiang Airport,"Hechi, Guangxi, China",UTC+08:00
HCM,HCME,Eyl Airport,"Eyl, Somalia",UTC+03:00
HCN,RCKW,Hengchun Airport,"Hengchun, Taiwan",UTC+08:00
HCQ,YHLC,Halls Creek Airport,"Halls Creek, Western Australia, Australia",UTC+08:00
HCR,PAHC,Holy Cross Airport (FAA: HCA),"Holy Cross, Alaska, United States",UTC−09:00
HCW,KCQW,"Cheraw Municipal Airport (Lynch Bellinger Field, FAA: CQW)","Cheraw, South Carolina, United States",UTC−05:00
HCZ,ZGCZ,Chenzhou Beihu Airport,"Chenzhou, Hunan, China",UTC+08:00
HDB,EDIU,Heidelberg Airport,"Heidelberg, Baden-Württemberg, Germany",UTC+01:00
HDD,OPKD,Hyderabad Airport,"Hyderabad, Pakistan",UTC+05:00
HDE,KHDE,Brewster Field,"Holdrege, Nebraska, United States",UTC−06:00
HDF,EDAH,Heringsdorf Airport,"Heringsdorf, Mecklenburg-Vorpommern, Germany",UTC+01:00
HDG,ZBHD,Handan Airport,"Handan, Hebei, China",UTC+08:00
HDH,PHDH,Dillingham Airfield,"Mokulēia, Hawaii, United States",UTC−10:00
HDK,VRBK,Kulhudhuffushi Airport,"Haa Dhaalu Atoll, Maldives",UTC+05:00
HDM,OIHH,Hamadan Airport,"Hamadan, Iran",UTC+03:30
HDN,KHDN,Yampa Valley Airport,"Hayden, Colorado, United States",UTC−07:00
HDR,OIKP,Havadarya Airport[1],"Bandar Abbas, Iran",UTC+03:30
HDS,FAHS,Air Force Base Hoedspruit,"Hoedspruit, South Africa",UTC+02:00
HDY,VTSS,Hat Yai International Airport,"Hat Yai, Thailand",UTC+07:00
HEA,OAHR,Herat International Airport,"Herat, Afghanistan",UTC+04:30
HEB,VBHD,Hinthada Airport,"Hinthada, Myanmar",UTC+06:30
HED,,Herendeen Bay Airport (FAA: AK33),"Herendeen Bay, Alaska, United States",UTC−09:00
HEE,KHEE,Thompson–Robbins Airport,"Helena-West Helena, Arkansas, United States",UTC−06:00
HEH,VYHH,Heho Airport,"Heho, Myanmar",UTC+06:30
HEI,EDXB,Heide–Büsum Airport,"Heide / Büsum, Schleswig-Holstein, Germany",UTC+01:00
HEK,ZYHE,Heihe Airport,"Heihe, Heilongjiang, China",UTC+08:00
HEL,EFHK,Helsinki Airport (Helsinki-Vantaa Airport),"Helsinki, Finland",UTC+02:00
HEM,EFHF,Helsinki-Malmi Airport,"Helsinki, Finland",UTC+02:00
HEO,,Haelogo Airport,"Haelogo, Papua New Guinea",UTC+10:00
HER,LGIR,Heraklion International Airport (Nikos Kazantzakis Airport),"Heraklion, Greece",UTC+02:00
HES,KHRI,Hermiston Municipal Airport (FAA: HRI),"Hermiston, Oregon, United States",UTC−08:00
HET,ZBHH,Hohhot Baita International Airport,"Hohhot, Inner Mongolia, China",UTC+08:00
HEZ,KHEZ,Natchez–Adams County Airport (Hardy–Anders Field),"Natchez, Mississippi, United States",UTC−06:00
HFA,LLHA,Haifa Airport (Uri Michaeli Airport),"Haifa, Israel",UTC+02:00
HFD,KHFD,Hartford–Brainard Airport,"Hartford, Connecticut, United States",UTC−05:00
HFE,ZSOF,Hefei Xinqiao International Airport (formerly Hefei Luogang International Airport),"Hefei, Anhui, China",UTC+08:00
HFF,KHFF,Mackall Army Airfield,"Hoffman, North Carolina, United States",UTC−05:00
HFN,BIHN,Hornafjörður Airport,"Höfn, Iceland",UTC±00:00
HFS,ESOH,Hagfors Airport,"Hagfors, Sweden",UTC+01:00
HFT,ENHF,Hammerfest Airport,"Hammerfest, Norway",UTC+01:00
HGA,HCMH,Hargeisa International Airport (Egal Int'l),"Hargeisa, Somalia",UTC+03:00
HGD,YHUG,Hughenden Airport,"Hughenden, Queensland, Australia",UTC+10:00
HGE,SVHG[2],Higuerote Airport[1],"Higuerote, Venezuela",UTC−04:00
HGH,ZSHC,Hangzhou Xiaoshan International Airport,"Hangzhou, Zhejiang, China",UTC+08:00
HGI,HSFA,Paloich Airport[1],"Higlieg, Sudan",UTC+03:00
HGL,EDXH,Heligoland Airfield,"Heligoland, Schleswig-Holstein, Germany",UTC+01:00
HGN,VTCH,Mae Hong Son Airport,"Mae Hong Son, Thailand",UTC+07:00
HGO,DIKO,Korhogo Airport,"Korhogo, Ivory Coast",UTC±00:00
HGR,KHGR,Hagerstown Regional Airport (Richard A. Henson Field),"Hagerstown, Maryland, United States",UTC−05:00
HGS,GFHA,Hastings Airport,"Freetown, Sierra Leone",UTC±00:00
HGU,AYMH,Mount Hagen Airport,"Mount Hagen, Papua New Guinea",UTC+10:00
HGZ,,Hog River Airport (FAA: 2AK6),"Hogatza, Alaska, United States",UTC−09:00
HHE,RJSH,JMSDF Hachinohe Air Base,"Hachinohe, Honshu, Japan",UTC+09:00
HHH,KHXD,Hilton Head Airport (FAA: HXD),"Hilton Head Island, South Carolina, United States",UTC−05:00
HHI,PHHI,Wheeler Army Airfield,"Wahiawa, Hawaii, United States",UTC−10:00
HHN,EDFH,Frankfurt–Hahn Airport,"Hahn, Rhineland-Palatinate, Germany",UTC+01:00
HHQ,VTPH,Hua Hin Airport,"Hua Hin, Thailand",UTC+07:00
HHR,KHHR,Hawthorne Municipal Airport (Jack Northrop Field),"Hawthorne, California, United States",UTC−08:00
HHZ,NTGH,Hikueru Airport,"Hikueru Atoll, French Polynesia",UTC−10:00
HIA,ZSSH,Huai'an Lianshui Airport,"Huai'an, Jiangsu, China",UTC+08:00
HIB,KHIB,Range Regional Airport,"Hibbing, Minnesota, United States",UTC−06:00
HID,YHID,Horn Island Airport,"Horn Island, Queensland, Australia",UTC+10:00
HIE,KHIE,Mount Washington Regional Airport,"Whitefield, New Hampshire, United States",UTC−05:00
HIF,KHIF,Hill Air Force Base,"Ogden, Utah, United States",UTC−07:00
HIG,YHHY,Highbury Airport,"Highbury, Queensland, Australia",UTC+10:00
HII,KHII,Lake Havasu City Airport,"Lake Havasu City, Arizona, United States",UTC−07:00
HIJ,RJOA,Hiroshima Airport,"Hiroshima, Honshu, Japan",UTC+09:00
HIL,HASL,Shilavo Airport,"Shilavo, Ethiopia",UTC+03:00
HIM,VCCH,Hingurakgoda Airport (Minneriya Airport),"Hingurakgoda, Sri Lanka",UTC+05:30
HIN,RKPS,Sacheon Airport,"Jinju, South Korea",UTC+09:00
HIO,KHIO,Hillsboro Airport (Portland–Hillsboro Airport),"Hillsboro / Portland, Oregon, United States",UTC−08:00
HIP,YHDY,Headingly Airport,"Headingly, Queensland, Australia",UTC+10:00
HIR,AGGH,Honiara International Airport,"Honiara, Guadalcanal, Solomon Islands",UTC+11:00
HIT,AYHO,Haivaro Airport,"Haivaro, Papua New Guinea",UTC+10:00
HIW,RJBH,Hiroshima–Nishi Airport,"Hiroshima, Honshu, Japan",UTC+09:00
HJJ,ZGCJ,Huaihua Zhijiang Airport,"Huaihua, Hunan, China",UTC+08:00
HJR,VAKJ,Civil Aerodrome Khajuraho,"Khajuraho, Madhya Pradesh, India",UTC+05:30
HJT,ZMHU,Khujirt Airport,"Khujirt, Mongolia",UTC+08:00
HKA,KHKA,Blytheville Municipal Airport,"Blytheville, Arkansas, United States",UTC−06:00
HKB,,Healy Lake Airport,"Healy Lake, Alaska, United States",UTC−09:00
HKD,RJCH,Hakodate Airport,"Hakodate, Hokkaido, Japan",UTC+09:00
HKG,VHHH,Hong Kong International Airport (Chek Lap Kok Airport),Hong Kong,UTC+08:00
HKK,NZHK,Hokitika Airport,"Hokitika, New Zealand",UTC+12:00
HKN,AYHK,Hoskins Airport,"Kimbe, Papua New Guinea",UTC+10:00
HKS,KHKS,Hawkins Field,"Jackson, Mississippi, United States",UTC−06:00
HKT,VTSP,Phuket International Airport,"Phuket, Thailand",UTC+07:00
HKV,LBHS,Haskovo Malevo Airport,"Haskovo, Bulgaria",UTC+02:00
HKY,KHKY,Hickory Regional Airport,"Hickory, North Carolina, United States",UTC−05:00
HLA,FALA,Lanseria International Airport,"Johannesburg, South Africa",UTC+02:00
HLB,KHLB,Hillenbrand Industries Airport,"Batesville, Indiana, United States",UTC−05:00
HLC,KHLC,Hill City Municipal Airport,"Hill City, Kansas, United States",UTC−06:00
HLD,ZBLA,Hulunbuir Hailar Airport,"Hailar, Inner Mongolia, China",UTC+08:00
HLE,FHSH,Saint Helena Airport,"Jamestown, British Overseas Territoryof Saint Helena, Ascension and Tristan da Cunha",UTC+00:00
HLF,ESSF,Hultsfred-Vimmerby Airport,"Hultsfred / Vimmerby, Sweden",UTC+01:00
HLG,KHLG,Wheeling Ohio County Airport,"Wheeling, West Virginia, United States",UTC−05:00
HLH,ZBUL,Ulanhot Airport,"Ulanhot, Inner Mongolia, China",UTC+08:00
HLI,KCVH,Hollister Municipal Airport (FAA: CVH),"Hollister, California, United States",UTC−08:00
HLL,YHIL,Hillside Airport,"Hillside, Western Australia, Australia",UTC+08:00
HLM,KHLM,Park Township Airport,"Holland, Michigan, United States",UTC−05:00
HLN,KHLN,Helena Regional Airport,"Helena, Montana, United States",UTC−07:00
HLP,WIHH,Halim Perdanakusuma International Airport,"Jakarta, Indonesia",UTC+07:00
HLR,KHLR,Yoakum–DeFrenn Army Heliport,"Fort Cavazos / Killeen, Texas, United States",UTC−06:00
HLS,YSTH,St Helens Airport,"St Helens, Tasmania, Australia",UTC+10:00
HLT,YHML,Hamilton Airport,"Hamilton, Victoria, Australia",UTC+10:00
HLV,,Helenvale Airport,"Helenvale, Queensland, Australia",UTC+10:00
HLW,FAHL,Hluhluwe Airport,"Hluhluwe, South Africa",UTC+02:00
HLZ,NZHN,Hamilton Airport,"Hamilton, New Zealand",UTC+12:00
HMA,USHH,Khanty-Mansiysk Airport,"Khanty-Mansiysk, Khanty-Mansi Autonomous Okrug, Russia",UTC+05:00
HMB,HEMK,Sohag International Airport[1],"Sohag, Egypt",UTC+02:00
HME,DAUH,Oued Irara–Krim Belkacem Airport,"Hassi Messaoud, Algeria",UTC+01:00
HMG,YHMB,Hermannsburg Airport,"Hermannsburg, Northern Territory, Australia",UTC+09:30
HMI,ZWHM,Hami Airport (Kumul Airport),"Hami, Xinjiang, China",UTC+06:00
HMJ,UKLH,Khmelnytskyi Airport,"Khmelnytsky, Ukraine",UTC+02:00
HMN,KHMN,Holloman Air Force Base,"Alamogordo, New Mexico, United States",UTC−07:00
HMO,MMHO,General Ignacio Pesqueira García International Airport,"Hermosillo, Sonora, Mexico",UTC−07:00
HMR,ENHA,"Hamar Airport, Stafsberg","Hamar, Norway",UTC+01:00
HMT,KHMT,Hemet-Ryan Airport,"Hemet, California, United States",UTC−08:00
HMV,ESUT,Hemavan Tärnaby Airport,"Hemavan / Tärnaby, Sweden",UTC+01:00
HMY,RKTP,Seosan Air Base[1],"Seosan, South Korea",UTC+09:00
HNA,RJSI,Hanamaki Airport,"Hanamaki, Honshu, Japan",UTC+09:00
HNB,KHNB,Huntingburg Airport,"Huntingburg, Indiana, United States",UTC−05:00
HNC,KHSE,Billy Mitchell Airport (FAA: HSE),"Hatteras, North Carolina, United States",UTC−05:00
HND,RJTT,Haneda Airport,"Tokyo, Honshu, Japan",UTC+09:00
HNH,PAOH,Hoonah Airport,"Hoonah, Alaska, United States",UTC−09:00
HNI,,Heiweni Airport,"Heiweni, Papua New Guinea",UTC+10:00
HNL,PHNL,Honolulu International Airport,"Honolulu, Hawaii, United States",UTC−10:00
HNM,PHHN,Hana Airport,"Hana, Hawaii, United States",UTC−10:00
HNN,,Honinabi Airport,"Honinabi, Papua New Guinea",UTC+10:00
HNS,PAHN,Haines Airport,"Haines, Alaska, United States",UTC−09:00
HNY,ZGHY,Hengyang Nanyue Airport,"Hengyang, Hunan, China",UTC+08:00
HOA,HKHO,Hola Airport,"Hola, Kenya",UTC+03:00
HOB,KHOB,Lea County Regional Airport,"Hobbs, New Mexico, United States",UTC−07:00
HOC,,Komako Airport,"Komako, Papua New Guinea",UTC+10:00
HOD,OYHD,Hodeida International Airport,"Al Hudaydah (Hodeida), Yemen",UTC+03:00
HOE,VLHS,Ban Huoeisay Airport,"Ban Houayxay (Ban Huoeisay), Laos",UTC+07:00
HOF,OEAH,Al-Ahsa International Airport,"Hofuf, Saudi Arabia",UTC+03:00
HOG,MUHG,Frank País Airport,"Holguín, Cuba",UTC−05:00
HOH,LOIH,Hohenems-Dornbirn Airport,"Dornbirn, Austria",UTC+01:00
HOI,NTTO,Hao Airport,"Hao, Tuamotus, French Polynesia",UTC−10:00
HOK,YHOO,Hooker Creek Airport,"Lajamanu, Northern Territory, Australia",UTC+09:30
HOM,PAHO,Homer Airport,"Homer, Alaska, United States",UTC−09:00
HON,KHON,Huron Regional Airport,"Huron, South Dakota, United States",UTC−06:00
HOO,,Nhon Co Airport,"Quang Duc, Vietnam",UTC+07:00
HOP,KHOP,Campbell Army Airfield,"Fort Campbell / Hopkinsville, Kentucky, United States",UTC−06:00
HOQ,EDQM,Hof–Plauen Airport,"Hof, Bavaria, Germany",UTC+01:00
HOR,LPHR,Horta Airport,"Horta, Azores, Portugal",UTC−01:00
HOS,SAHC,Chos Malal Airport,"Chos Malal, Neuquén, Argentina",UTC−03:00
HOT,KHOT,Memorial Field Airport,"Hot Springs, Arkansas, United States",UTC−06:00
HOU,KHOU,William P. Hobby Airport,"Houston, Texas, United States",UTC−06:00
HOV,ENOV,"Ørsta–Volda Airport, Hovden","Ørsta / Volda, Norway",UTC+01:00
HOX,VYHL,Homalin Airport,"Homalin, Myanmar",UTC+06:30
HOY,,Hoy Island Airport,"Longhope, Scotland, United Kingdom",UTC±00:00
HPA,NFTL,Lifuka Island Airport (Salote Pilolevu Airport),"Lifuka, Haʻapai, Tonga",UTC+13:00
HPB,PAHP,Hooper Bay Airport,"Hooper Bay, Alaska, United States",UTC−09:00
HPE,,Hopevale Airport,"Hopevale, Queensland, Australia",UTC+10:00
HPG,ZHSN,Shennongjia Hongping Airport,"Shennongjia, Hubei, China",UTC+08:00
HPH,VVCI,Cat Bi International Airport,"Haiphong, Vietnam",UTC+07:00
HPN,KHPN,Westchester County Airport,"White Plains, New York, United States",UTC−05:00
HPT,KHPT,Hampton Municipal Airport,"Hampton, Iowa, United States",UTC−06:00
HPV,,Princeville Airport (FAA: HI01),"Hanalei, Hawaii, United States",UTC−10:00
HPY,KHPY,Baytown Airport,"Baytown, Texas, United States",UTC−06:00
HQM,KHQM,Bowerman Airport,"Hoquiam, Washington, United States",UTC−08:00
HRB,ZYHB,Harbin Taiping International Airport,"Harbin, Heilongjiang, China",UTC+08:00
HRC,,Zhayrem Airport,"Zhayrem, Kazakhstan",UTC+06:00
HRE,FVHA,Harare International Airport,"Harare, Zimbabwe",UTC+02:00
HRG,HEGN,Hurghada International Airport,"Hurghada, Egypt",UTC+02:00
HRI,VCRI,Mattala Rajapaksa International Airport,"Hambantota, Sri Lanka",UTC+05:30
HRK,UKHH,Kharkiv International Airport (Osnova Airport),"Kharkiv, Ukraine",UTC+02:00
HRL,KHRL,Valley International Airport,"Harlingen, Texas, United States",UTC−06:00
HRM,DAFH,Hassi R'Mel Airport (Tilrempt Airport),"Hassi R'Mel, Algeria",UTC+01:00
HRO,KHRO,Boone County Airport,"Harrison, Arkansas, United States",UTC−06:00
HRR,,La Herrera Airport,"La Herrera, Colombia",UTC−05:00
HRS,FAHR,Harrismith Airport,"Harrismith, South Africa",UTC+02:00
HRT,EGXU,RAF Linton-on-Ouse,"Linton-on-Ouse, England, United Kingdom",UTC±00:00
HRY,YHBY,Henbury Airport,"Henbury, Northern Territory, Australia",UTC+09:30
HRZ,SSHZ[3],Horizontina Airport,"Horizontina, Rio Grande do Sul, Brazil",UTC−03:00
HSA,UAIT,Hazret Sultan International Airport,"Turkistan, Turkistan Region, Kazakhstan",UTC+06:00
HSB,KHSB,Harrisburg-Raleigh Airport,"Harrisburg, Illinois, United States",UTC−06:00
HSC,,Shaoguan Guitou Airport,"Shaoguan, Guangdong, China",UTC+08:00
HSG,RJFS,Saga Airport,"Saga, Kyushu, Japan",UTC+09:00
HSH,KHND,Henderson Executive Airport (FAA: HND),"Las Vegas, Nevada, United States",UTC−08:00
HSI,KHSI,Hastings Municipal Airport,"Hastings, Nebraska, United States",UTC−06:00
HSJ,,Zhengzhou Shangjie Airport[1],"Zhengzhou, Henan, China",UTC+08:00
HSK,LEHC,Huesca–Pirineos Airport,"Huesca, Aragon, Spain",UTC+01:00
HSL,PAHL,Huslia Airport (FAA: HLA),"Huslia, Alaska, United States",UTC−09:00
HSM,YHSM,Horsham Airport,"Horsham, Victoria, Australia",UTC+10:00
HSN,ZSZS,Zhoushan Putuoshan Airport,"Zhoushan, Zhejiang, China",UTC+08:00
HSP,KHSP,Ingalls Field,"Hot Springs, Virginia, United States",UTC−05:00
HSR,VAHS,Rajkot International Airport,"Rajkot, Gujarat, India",UTC+05:30
HSS,VIHR,Hisar Airport,"Hisar, Haryana, India",UTC+05:30
HST,KHST,Homestead Air Reserve Base,"Homestead, Florida, United States",UTC−05:00
HSV,KHSV,Huntsville International Airport (Carl T. Jones Field),"Huntsville, Alabama, United States",UTC−06:00
HSZ,RCPO,Hsinchu Air Base,"Hsinchu, Taiwan",UTC+08:00
HTA,UIAA,Chita International Airport (Kadala Airport),"Chita, Zabaykalsky Krai, Russia",UTC+09:00
HTG,UOHH,Khatanga Airport,"Khatanga, Krasnoyarsk Krai, Russia",UTC+07:00
HTH,KHTH,Hawthorne Industrial Airport,"Hawthorne, Nevada, United States",UTC−08:00
HTI,YBHM,Hamilton Island Airport,"Hamilton Island, Queensland, Australia",UTC+10:00
HTL,KHTL,Roscommon County–Blodgett Memorial Airport,"Houghton Lake, Michigan, United States",UTC−05:00
HTM,ZMHG,Khatgal Airport[1],"Khatgal, Mongolia",UTC+07:00
HTN,ZWTN,Hotan Airport,"Hotan, Xinjiang, China",UTC+06:00
HTO,KHTO,East Hampton Airport,"East Hampton, New York, United States",UTC−05:00
HTR,RORH,Hateruma Airport,"Hateruma, Yaeyama Islands, Japan",UTC+09:00
HTS,KHTS,Tri-State Airport (Milton J. Ferguson Field),"Huntington, West Virginia, United States",UTC−05:00
HTT,,Huatugou Airport,"Huatugou, Qinghai, China",UTC+08:00
HTU,YHPN,Hopetoun Airport,"Hopetoun, Victoria, Australia",UTC+10:00
HTV,KUTS,Huntsville Municipal Airport (Bruce Brothers Regional),"Huntsville, Texas, United States",UTC−06:00
HTW,KHTW,Lawrence County Airpark,"Chesapeake / Huntington (WV), Ohio, United States",UTC−05:00
HTY,LTDA,Hatay Airport,"Hatay, Turkey",UTC+03:00
HTZ,SKHC,Hato Corozal Airport,"Hato Corozal, Colombia",UTC−05:00
HUA,KHUA,Redstone Army Airfield,"Redstone Arsenal / Huntsville, Alabama, United States",UTC−06:00
HUB,YHBR,Humbert River Airport,"Humbert River, Northern Territory, Australia",UTC+09:30
HUC,,Humacao Airport,"Humacao, Puerto Rico, United States",UTC−04:00
HUD,,Humboldt Municipal Airport (FAA: 0K7),"Humboldt, Iowa, United States",UTC−06:00
HUE,HAHU,Humera Airport,"Humera, Ethiopia",UTC+03:00
HUF,KHUF,Terre Haute International Airport (Hulman Field),"Terre Haute, Indiana, United States",UTC−05:00
HUG,MGHT,Huehuetenango Airport,"Huehuetenango, Guatemala",UTC−06:00
HUH,NTTH,Huahine – Fare Airport,"Huahine, Society Islands, French Polynesia",UTC−10:00
HUI,VVPB,Phu Bai International Airport,"Huế, Vietnam",UTC+07:00
HUJ,KHHW,Stan Stamper Municipal Airport (FAA: HHW),"Hugo, Oklahoma, United States",UTC−06:00
HUK,,Hukuntsi Airport,"Hukuntsi, Botswana",UTC+02:00
HUL,KHUL,Houlton International Airport,"Houlton, Maine, United States",UTC−05:00
HUM,KHUM,Houma–Terrebonne Airport,"Houma, Louisiana, United States",UTC−06:00
HUN,RCYU,Hualien Airport,"Hualien, Taiwan",UTC+08:00
HUO,ZBHZ,Holingol Huolinhe Airport[1],"Holingol (Huolinguole), Inner Mongolia, China",UTC+08:00
HUQ,HLON,Hun Airport,"Hun, Libya",UTC+02:00
HUS,PAHU,Hughes Airport,"Hughes, Alaska, United States",UTC−09:00
HUT,KHUT,Hutchinson Municipal Airport,"Hutchinson, Kansas, United States",UTC−06:00
HUU,SPNC,Alférez FAP David Figueroa Fernandini Airport,"Huánuco, Peru",UTC−05:00
HUV,ESNH,Hudiksvall Airport,"Hudiksvall, Sweden",UTC+01:00
HUW,SWHT,Francisco Correa da Cruz Airport[1],"Humaitá, Amazonas, Brazil",UTC−04:00
HUX,MMBT,Bahías de Huatulco International Airport,"Huatulco, Oaxaca, Mexico",UTC−06:00
HUY,EGNJ,Humberside Airport,"Kingston upon Hull, England, United Kingdom",UTC±00:00
HUZ,ZGHZ,Huizhou Pingtan Airport,"Huizhou, Guangdong, China",UTC+08:00
HVA,FMNL,Analalava Airport,"Analalava, Madagascar",UTC+03:00
HVB,YHBA,Hervey Bay Airport,"Hervey Bay, Queensland, Australia",UTC+10:00
HVD,ZMKD,Khovd Airport,"Khovd, Mongolia",UTC+07:00
HVE,KHVE,Hanksville Airport,"Hanksville, Utah, United States",UTC−07:00
HVG,ENHV,"Honningsvåg Airport, Valan","Honningsvåg, Norway",UTC+01:00
HVK,BIHK,Hólmavík Airport,"Hólmavík, Iceland",UTC±00:00
HVN,KHVN,Tweed New Haven Airport,"New Haven, Connecticut, United States",UTC−05:00
HVR,KHVR,Havre City–County Airport,"Havre, Montana, United States",UTC−07:00
HVS,KHVS,Hartsville Regional Airport,"Hartsville, South Carolina, United States",UTC−05:00
HWA,,Hawabango Airport,"Hawabango, Papua New Guinea",UTC+10:00
HWD,KHWD,Hayward Executive Airport,"Hayward, California, United States",UTC−08:00
HWI,,Hawk Inlet Seaplane Base,"Hawk Inlet, Alaska, United States",UTC−09:00
HWK,YHAW,Wilpena Pound Airport,"Hawker, South Australia, Australia",UTC+09:30
HWN,FVWN,Hwange National Park Airport,"Hwange National Park, Zimbabwe",UTC+02:00
HWO,KHWO,North Perry Airport,"Hollywood, Florida, United States",UTC−05:00
HXD,ZLDL,Delingha Airport,"Delingha, Qinghai, China",UTC+08:00
HXX,YHAY,Hay Airport,"Hay, New South Wales, Australia",UTC+10:00
HYA,KHYA,Barnstable Municipal Airport (Boardman/Polando Field),"Hyannis, Massachusetts, United States",UTC−05:00
HYC,EGTB[4],Wycombe Air Park,"High Wycombe, England, United Kingdom",UTC±00:00
HYD,VOHS,Rajiv Gandhi International Airport,"Hyderabad, Telangana, India",UTC+05:30
HYF,,Hayfields Airport,"Hayfields, Papua New Guinea",UTC+10:00
HYG,PAHY,Hydaburg Seaplane Base,"Hydaburg, Alaska, United States",UTC−09:00
HYL,,Hollis Clark Bay Seaplane Base,"Hollis, Alaska, United States",UTC−09:00
HYN,ZSLQ,Taizhou Luqiao Airport,"Taizhou, Zhejiang, China",UTC+08:00
HYR,KHYR,Sawyer County Airport,"Hayward, Wisconsin, United States",UTC−06:00
HYS,KHYS,Hays Regional Airport,"Hays, Kansas, United States",UTC−06:00
HYV,EFHV,Hyvinkää Airfield,"Hyvinkää, Finland",UTC+02:00
HZA,ZSHZ,Heze Mudan Airport,"Heze, Shandong, China",UTC+08:00
HZB,LFQT,Merville–Calonne Airport,"Hazebrouck, Nord-Pas-de-Calais, France",UTC+01:00
HZG,ZLHZ,Hanzhong Chenggu Airport,"Hanzhong, Shaanxi, China",UTC+08:00
HZH,ZUNP,Liping Airport,"Liping, Guizhou, China",UTC+08:00
HZK,BIHU,Húsavík Airport,"Húsavík, Iceland",UTC±00:00
HZL,KHZL,Hazleton Municipal Airport,"Hazleton, Pennsylvania, United States",UTC−05:00
HZP,CYNR,Fort MacKay/Horizon Airport[1],"Fort McKay, Alberta, Canada",UTC−07:00
HZU,,Chengdu Huaizhou Airport,"Chengdu, Sichuan, China",UTC+08:00
HZV,FAHW,Hazyview Airport,"Hazyview, South Africa",UTC+02:00
IAA,UOII,Igarka Airport,"Igarka, Krasnoyarsk Krai, Russia",UTC+07:00
IAB,KIAB,McConnell Air Force Base,"Wichita, Kansas, United States",UTC−06:00
IAD,KIAD,Washington Dulles International Airport,"Washington, D.C.,1 United States",UTC−05:00
IAG,KIAG,Niagara Falls International Airport,"Niagara Falls, New York, United States",UTC−05:00
IAH,KIAH,George Bush Intercontinental Airport,"Houston, Texas, United States",UTC−06:00
IAM,DAUZ,In Amenas Airport (Zarzaitine Airport),"In Amenas, Algeria",UTC+01:00
IAN,PAIK,Bob Baker Memorial Airport,"Kiana, Alaska, United States",UTC−09:00
IAO,RPNS,Sayak Airport[1] (Siargao Airport),"Del Carmen, Philippines",UTC+08:00
IAQ,OIBH[2],Bahregan Airport,"Bahregan, Iran",UTC+03:30
IAR,UUDL,Tunoshna Airport,"Yaroslavl, Yaroslavl Oblast, Russia",UTC+03:00
IAS,LRIA,Iași International Airport,"Iași, Romania",UTC+02:00
IAU,,Iaura Airport,"Iaura, Papua New Guinea",UTC+10:00
IBA,DNIB,Ibadan Airport,"Ibadan, Nigeria",UTC+01:00
IBB,SEII[3],General Villamil Airport[1],"Isabela Island, Galápagos Islands, Ecuador",UTC−06:00
IBE,SKIB,Perales Airport,"Ibagué, Colombia",UTC−05:00
IBI,,Iboki Airport,"Iboki, Papua New Guinea",UTC+10:00
IBL,,Indigo Bay Lodge Airport,"Bazaruto Island, Mozambique",UTC+02:00
IBO,,Ibo Island Airport[1],"Ibo Island, Mozambique",UTC+02:00
IBP,SPBR,Iberia Airport,"Iberia, Peru",UTC−05:00
IBR,RJAH,Ibaraki Airport,"Omitama, Honshu, Japan",UTC+09:00
IBZ,LEIB,Ibiza Airport,"Ibiza, Balearic Islands, Spain",UTC+01:00
ICA,SVIC,Icabarú Airport,"Icabarú, Venezuela",UTC−04:00
ICC,SVIE,Andrés Miguel Salazar Marcano Airport[1],"Coche Island, Venezuela",UTC−04:00
ICI,NFCI,Cicia Airport,"Cicia Island, Fiji",UTC+12:00
ICK,SMNI,Majoor Henk Fernandes Airport (Nieuw Nickerie Airport),"Nieuw Nickerie, Suriname",UTC−03:00
ICL,KICL,Schenck Field,"Clarinda, Iowa, United States",UTC−06:00
ICN,RKSI,Incheon International Airport,"Seoul, South Korea",UTC+09:00
ICO,RPSG,Sicogon Airport,"Sicogon, Philippines",UTC+08:00
ICS,,Cascade Airport[1] (FAA: KU70),"Cascade, Idaho, United States",UTC−07:00
ICT,KICT,Wichita Dwight D. Eisenhower National Airport,"Wichita, Kansas, United States",UTC−06:00
ICY,,Icy Bay Airport (FAA: 19AK),"Icy Bay, Alaska, United States",UTC−09:00
IDA,KIDA,Idaho Falls Regional Airport,"Idaho Falls, Idaho, United States",UTC−07:00
IDB,ESUE,Idre Airport,"Idre, Sweden",UTC+01:00
IDC,,Chilonzuine Island Airstrip[1],"Chilonzuine Island, Mozambique",UTC+02:00
IDF,FZCB,Idiofa Airport,"Idiofa, Democratic Republic of the Congo",UTC+01:00
IDG,KIDG,Ida Grove Municipal Airport,"Ida Grove, Iowa, United States",UTC−06:00
IDH,KGIC,Idaho County Airport[1] (FAA: GIC),"Grangeville, Idaho, United States",UTC−07:00
IDI,KIDI,Indiana County–Jimmy Stewart Airport,"Indiana, Pennsylvania, United States",UTC−05:00
IDK,YIDK,Indulkana Airport,"Indulkana, South Australia, Australia",UTC+09:30
IDN,,Indagen Airport,"Indagen, Papua New Guinea",UTC+10:00
IDO,SWIY,Santa Isabel do Morro Airport,"Santa Isabel do Morro, Tocantins, Brazil",UTC−03:00
IDP,KIDP,Independence Municipal Airport,"Independence, Kansas, United States",UTC−06:00
IDR,VAID,Devi Ahilyabai Holkar International Airport,"Indore, Madhya Pradesh, India",UTC+05:30
IDY,LFEY,Île d'Yeu Aerodrome,"Île d'Yeu, Pays de la Loire, France",UTC+01:00
IEG,EPZG,Zielona Góra Airport,"Zielona Góra, Poland",UTC+01:00
IEJ,RORE,Iejima Airport,"Iejima, Okinawa, Japan",UTC+09:00
IES,EDAU,Riesa–Göhlis Airfield,"Riesa, Saxony, Germany",UTC+01:00
IEV,UKKK,Kyiv International Airport (Zhuliany),"Kyiv, Ukraine",UTC+02:00
IFA,KIFA,Iowa Falls Municipal Airport,"Iowa Falls, Iowa, United States",UTC−06:00
IFF,YIFY,Iffley Airport,"Iffley, Queensland, Australia",UTC+10:00
IFH,OIFE,Hesa Air Base[1],"Shahin Shahr, Iran",UTC+03:30
IFJ,BIIS,Ísafjörður Airport,"Ísafjörður, Iceland",UTC±00:00
IFL,YIFL,Innisfail Airport,"Innisfail, Queensland, Australia",UTC+10:00
IFN,OIFM,Isfahan International Airport (Shahid Beheshti Int'l),"Isfahan, Iran",UTC+03:30
IFO,UKLI,Ivano-Frankivsk International Airport,"Ivano-Frankivsk, Ukraine",UTC+02:00
IFP,KIFP,Laughlin/Bullhead International Airport,"Bullhead City, Arizona, United States",UTC−07:00
IFU,VREI,Ifuru Airport[1],"Ifuru, Raa Atoll, Maldives",UTC+05:00
IGA,MYIG,Inagua Airport (Matthew Town Airport),"Inagua Islands, Bahamas",UTC−05:00
IGB,SAVJ,Ingeniero Jacobacci Airport (Capitán FAA H. R. Borden Airport),"Ingeniero Jacobacci, Río Negro, Argentina",UTC−03:00
IGD,LTCT,Iğdır Airport[1],"Iğdır, Turkey",UTC+03:00
IGE,FOOI,Tchongorove Airport,"Iguela, Gabon",UTC+01:00
IGG,PAIG,Igiugig Airport,"Igiugig, Alaska, United States",UTC−09:00
IGH,YIGM,Ingham Airport,"Ingham, Queensland, Australia",UTC+10:00
IGL,LTBL,Çiğli Air Base,"İzmir, Turkey",UTC+03:00
IGM,KIGM,Kingman Airport,"Kingman, Arizona, United States",UTC−07:00
IGN,RPMI,Maria Cristina Airport (Iligan Airport),"Iligan, Philippines",UTC+08:00
IGO,SKIG,Jaime Ortíz Betancur Airport,"Chigorodó, Colombia",UTC−05:00
IGR,SARI,Cataratas del Iguazú International Airport,"Puerto Iguazú, Misiones, Argentina",UTC−03:00
IGS,ETSI,Ingolstadt Manching Airport,"Ingolstadt, Bavaria, Germany",UTC+01:00
IGT,URMS,Magas Airport (Sleptsovskaya Airport),"Nazran, Ingushetia, Russia",UTC+03:00
IGU,SBFI,Foz do Iguaçu International Airport,"Foz do Iguaçu, Paraná, Brazil",UTC−03:00
IHC,FQIA,Inhaca Airport[1],"Inhaca Island, Mozambique",UTC+02:00
IHN,OYQN,Qishn Airport,"Qishn, Yemen",UTC+03:00
IHO,FMSI,Ihosy Airport,"Ihosy, Madagascar",UTC+03:00
IHR,OIZI,Iranshahr Airport[1],"Iranshahr, Iran",UTC+03:30
IHU,,Ihu Airport,"Ihu, Papua New Guinea",UTC+10:00
IIA,EIMN,Inishmaan Aerodrome,"Inishmaan, Ireland",UTC±00:00
IIL,OICI,Ilam Airport[1],"Ilam, Iran",UTC+03:30
IIS,AYIA,Nissan Island Airport,"Nissan Island, Papua New Guinea",UTC+11:00
IJK,USII,Izhevsk Airport,"Izhevsk, Udmurtia, Russia",UTC+04:00
IJU,SSIJ,João Batista Bos Filho Airport,"Ijuí, Rio Grande do Sul, Brazil",UTC−03:00
IJX,KIJX,Jacksonville Municipal Airport,"Jacksonville, Illinois, United States",UTC−06:00
IKA,OIIE,Tehran Imam Khomeini International Airport,"Tehran, Iran",UTC+03:30
IKB,KUKF,Wilkes County Airport (FAA: UKF),"North Wilkesboro, North Carolina, United States",UTC−05:00
IKI,RJDB,Iki Airport,"Iki, Iki Island, Japan",UTC+09:00
IKK,KIKK,Greater Kankakee Airport,"Kankakee, Illinois, United States",UTC−06:00
IKL,FZGV,Ikela Airport,"Ikela, Democratic Republic of the Congo",UTC+01:00
IKO,PAKO,Nikolski Air Station,"Nikolski, Alaska, United States",UTC−09:00
IKP,YIKM,Inkerman Airport,"Inkerman, Queensland, Australia",UTC+10:00
IKS,UEST,Tiksi Airport,"Tiksi, Yakutia, Russia",UTC+09:00
IKT,UIII,International Airport Irkutsk,"Irkutsk, Irkutsk Oblast, Russia",UTC+08:00
IKU,UCFL,Issyk-Kul International Airport,"Tamchy, Issyk-Kul Region, Kyrgyzstan",
ILA,WABL,Illaga Airport,"Illaga, Indonesia",UTC+09:00
ILD,LEDA,Lleida–Alguaire Airport,"Lleida, Catalonia, Spain",UTC+01:00
ILE,KILE,Skylark Field,"Killeen, Texas, United States",UTC−06:00
ILF,CZBD,Ilford Airport,"Ilford, Manitoba, Canada",UTC−06:00
ILG,KILG,Wilmington Airport (New Castle Airport),"Wilmington, Delaware, United States",UTC−05:00
ILH,ETIK,Storck Barracks,"Illesheim, Bavaria, Germany",UTC+01:00
ILI,PAIL,Iliamna Airport,"Iliamna, Alaska, United States",UTC−09:00
ILK,FMMQ,Ilaka-Est Airport (Atsinanana Airport),"Ilaka, Madagascar",UTC+03:00
ILL,KBDH,Willmar Municipal Airport (John L. Rice Field),"Willmar, Minnesota, United States",UTC−06:00
ILM,KILM,Wilmington International Airport,"Wilmington, North Carolina, United States",UTC−05:00
ILN,KILN,Wilmington Air Park,"Wilmington, Ohio, United States",UTC−05:00
ILO,RPVI,Iloilo International Airport,"Iloilo, Philippines",UTC+08:00
ILP,NWWE,Île des Pins Airport,"Île des Pins, New Caledonia",UTC+11:00
ILQ,SPLO,Ilo Airport,"Ilo, Peru",UTC−05:00
ILR,DNIL,Ilorin International Airport,"Ilorin, Nigeria",UTC+01:00
ILS,MSSS,Ilopango International Airport,"San Salvador, El Salvador",
ILU,HKKL,Kilaguni Airport,"Kilaguni, Kenya",UTC+03:00
ILX,,Ileg Airport,"Ileg, Papua New Guinea",UTC+10:00
ILY,EGPI,Islay Airport (Glenegedale Airport),"Islay, Scotland, United Kingdom",UTC±00:00
ILZ,LZZI,Žilina Airport,"Žilina, Slovakia",UTC+01:00
IMA,,Iamalele Airport,"Iamalele, Papua New Guinea",UTC+10:00
IMB,SYIB,Imbaimadai Airport,"Imbaimadai, Guyana",UTC−04:00
IMD,,Imonda Airport,"Imonda, Papua New Guinea",UTC+10:00
IMF,VEIM,Imphal International Airport (Tulihal Airport),"Imphal, Manipur, India",UTC+05:30
IMG,,Inhaminga Airport,"Inhaminga, Mozambique",UTC+02:00
IMI,,Ine Airport (FAA: N20),"Ine, Arno Atoll, Marshall Islands",UTC+12:00
IMK,VNST,Simikot Airport,"Simikot, Nepal",UTC+05:45
IML,KIML,Imperial Municipal Airport,"Imperial, Nebraska, United States",UTC−07:00
IMM,KIMM,Immokalee Regional Airport,"Immokalee, Florida, United States",UTC−05:00
IMN,AYII,Imane Airport,"Imane, Papua New Guinea",UTC+10:00
IMO,FEFZ,Zemio Airport,"Zemio, Central African Republic",UTC+01:00
IMP,SBIZ,Imperatriz Airport (Prefeito Renato Moreira Airport),"Imperatriz, Maranhão, Brazil",UTC−03:00
IMQ,OITU,Maku International Airport,"Maku, West Azerbaijan Province, Iran",UTC−03:30
IMT,KIMT,Ford Airport,"Iron Mountain / Kingsford, Michigan, United States",UTC−06:00
INA,UUYI,Inta Airport,"Inta, Komi Republic, Russia",UTC+03:00
INB,,Independence Airport,"Independence, Belize",UTC−06:00
INC,ZLIC,Yinchuan Hedong International Airport,"Yinchuan, Ningxia, China",UTC+08:00
IND,KIND,Indianapolis International Airport,"Indianapolis, Indiana, United States",UTC−05:00
INE,,Chinde Airport,"Chinde, Mozambique",UTC+02:00
INF,DATG,In Guezzam Airport,"In Guezzam, Algeria",UTC+01:00
INH,FQIN,Inhambane Airport,"Inhambane, Mozambique",UTC+02:00
INI,LYNI,Niš Constantine the Great Airport,"Niš, Serbia",UTC+01:00
INJ,YINJ,Injune Airport,"Injune, Queensland, Australia",UTC+10:00
INK,KINK,Winkler County Airport,"Wink, Texas, United States",UTC−06:00
INL,KINL,Falls International Airport,"International Falls, Minnesota, United States",UTC−06:00
INM,YINN,Innamincka Airport,"Innamincka, South Australia, Australia",UTC+09:30
INN,LOWI,Innsbruck Airport (Kranebitten Airport),"Innsbruck, Austria",UTC+01:00
INO,FZBA,Inongo Airport,"Inongo, Democratic Republic of the Congo",UTC+01:00
INQ,EIIR,Inisheer Aerodrome,"Inisheer, Ireland",UTC±00:00
INS,KINS,Creech Air Force Base,"Indian Springs, Nevada, United States",UTC−08:00
INT,KINT,Smith Reynolds Airport,"Winston-Salem, North Carolina, United States",UTC−05:00
INU,ANYN,Nauru International Airport,"Yaren, Nauru",UTC+12:00
INV,EGPE,Inverness Airport,"Inverness, Scotland, United Kingdom",UTC±00:00
INW,KINW,Winslow–Lindbergh Regional Airport,"Winslow, Arizona, United States",UTC−07:00
INX,WASI,Inanwatan Airport,"Inanwatan, Indonesia",UTC+09:00
INY,,Inyati Airport,"Inyati, South Africa",UTC+02:00
INZ,DAUI,In Salah Airport,"In Salah, Algeria",UTC+01:00
IOA,LGIO,Ioannina National Airport,"Ioannina, Greece",UTC+02:00
IOK,,Iokea Airport,"Iokea, Papua New Guinea",UTC+10:00
IOM,EGNS,Isle of Man Airport (Ronaldsway Airport),"Ronaldsway, Isle of Man",UTC±00:00
ION,FCOI,Impfondo Airport,"Impfondo, Republic of the Congo",UTC+01:00
IOP,,Ioma Airport,"Ioma, Papua New Guinea",UTC+10:00
IOR,EIIM,Inishmore Aerodrome (Kilronan Airport),"Inishmore, Ireland",UTC±00:00
IOS,SBIL,Ilhéus Jorge Amado Airport,"Ilhéus, Bahia, Brazil",UTC−03:00
IOT,BGLL,Illorsuit Heliport,"Avannaata, Greenland",
IOW,KIOW,Iowa City Municipal Airport,"Iowa City, Iowa, United States",UTC−06:00
IPA,NVVI,Ipota Airport,"Erromango, Tafea, Vanuatu",UTC+11:00
IPC,SCIP,Mataveri International Airport (Isla de Pascua Airport),"Easter Island, Chile",UTC−06:00
IPE,RPMV,Ipil Airport,"Ipil, Philippines",UTC+08:00
IPG,SWII,Ipiranga Airport,"Santo Antônio do Içá, Amazonas, Brazil",UTC−04:00
IPH,WMKI,Sultan Azlan Shah Airport,"Ipoh, Perak, Malaysia",UTC+08:00
IPI,SKIP,San Luis Airport,"Ipiales, Colombia",UTC−05:00
IPL,KIPL,Imperial County Airport (Boley Field),"Imperial / El Centro, California, United States",UTC−08:00
IPN,SBIP,Usiminas Airport,"Ipatinga, Minas Gerais, Brazil",UTC−03:00
IPT,KIPT,Williamsport Regional Airport,"Williamsport, Pennsylvania, United States",UTC−05:00
IPU,SNIU,Ipiaú Airport,"Ipiaú, Bahia, Brazil",UTC−03:00
IPZ,MRSI,San Isidro de El General Airport,"San Isidro de El General, Pérez Zeledón, Costa Rica",
IQA,ORAA,Al Asad Airbase[1],"Anbar Province, Iraq",UTC+03:00
IQM,ZWCM,Qiemo Airport,"Qiemo, Xinjiang, China",UTC+06:00
IQN,ZLQY,Qingyang Airport,"Qingyang, Gansu, China",UTC+08:00
IQQ,SCDA,Diego Aracena International Airport,"Iquique, Chile",UTC−04:00
IQT,SPQT,Coronel FAP Francisco Secada Vignetta International Airport,"Iquitos, Peru",UTC−05:00
IRA,AGGK,Kirakira Airport (Ngorangora Airstrip),"Kirakira, Makira Island, Solomon Islands",UTC+11:00
IRB,,Iraan Municipal Airport (FAA: 2F0),"Iraan, Texas, United States",UTC−06:00
IRC,PACR,Circle City Airport (FAA: CRC),"Circle, Alaska, United States",UTC−09:00
IRD,VGIS,Ishwardi Airport,"Ishwardi, Bangladesh",UTC+06:00
IRE,SNIC,Irecê Airport,"Irecê, Bahia, Brazil",UTC−03:00
IRG,YLHR,Lockhart River Airport,"Lockhart River, Queensland, Australia",UTC+10:00
IRI,HTIR,Iringa Airport (Nduli Airport),"Iringa, Tanzania",UTC+03:00
IRJ,SANL,Capitán Vicente Almandos Almonacid Airport,"La Rioja, Argentina",UTC−03:00
IRK,KIRK,Kirksville Regional Airport,"Kirksville, Missouri, United States",UTC−06:00
IRM,USHI,Igrim Airport[1],"Igrim, Khanty-Mansi Autonomous Okrug, Russia",UTC+05:00
IRN,MHIR,Iriona Airport,"Iriona, Honduras",UTC−06:00
IRO,FEFI,Birao Airport,"Birao, Central African Republic",UTC+01:00
IRP,FZJH,Matari Airport,"Isiro, Democratic Republic of the Congo",UTC+02:00
IRS,KIRS,Kirsch Municipal Airport,"Sturgis, Michigan, United States",UTC−05:00
IRU,,Iranamadu Waterdrome,"Kilinochchi, Sri Lanka",UTC+05:30
IRZ,SWTP,Tapuruquara Airport[1],"Santa Isabel do Rio Negro, Amazonas, Brazil",UTC−04:00
ISA,YBMA,Mount Isa Airport,"Mount Isa, Queensland, Australia",UTC+10:00
ISB,OPIS,Islamabad  International Airport,"Islamabad / Rawalpindi, Pakistan",UTC+05:00
ISC,EGHE,St Mary's Airport,"St Mary's, Isles of Scilly, United Kingdom",UTC±00:00
ISD,,Iscuande Airport,"Iscuande, Colombia",UTC−05:00
ISE,LTFC,Isparta Süleyman Demirel Airport,"Isparta, Turkey",UTC+03:00
ISG,ROIG,New Ishigaki Airport,"Ishigaki, Yaeyama Islands, Japan",UTC+09:00
ISI,YISF,Isisford Airport,"Isisford, Queensland, Australia",UTC+10:00
ISJ,MMIM,Isla Mujeres Airport,"Isla Mujeres, Quintana Roo, Mexico",UTC−05:00
ISK,VAOZ,Ozar Airport,"Nashik, Maharashtra, India",UTC+05:30
ISL,LTBA,Istanbul Atatürk Airport,"Istanbul, Turkey",UTC+03:00
ISM,KISM,Kissimmee Gateway Airport,"Orlando, Florida, United States",UTC−05:00
ISN,KISN,Sloulin Field International Airport,"Williston, North Dakota, United States",UTC−06:00
ISO,KISO,Kinston Regional Jetport (Stallings Field),"Kinston, North Carolina, United States",UTC−05:00
ISP,KISP,Long Island MacArthur Airport,"Islip, New York, United States",UTC−05:00
ISQ,KISQ,Schoolcraft County Airport,"Manistique, Michigan, United States",UTC−05:00
ISS,KIWI,Wiscasset Airport (FAA: IWI),"Wiscasset, Maine, United States",UTC−05:00
IST,LTFM,Istanbul Airport,"Istanbul, Turkey",UTC+03:00
ISU,ORSU,Sulaimaniyah International Airport,"Sulaymaniyah, Iraq",UTC+03:00
ISW,KISW,South Wood County Airport (Alexander Field),"Wisconsin Rapids, Wisconsin, United States",UTC−06:00
ITA,SBIC,Itacoatiara Airport,"Itacoatiara, Amazonas, Brazil",UTC−04:00
ITB,SBIH,Itaituba Airport,"Itaituba, Pará, Brazil",UTC−03:00
ITE,SNZW,Ituberá Airport,"Ituberá, Bahia, Brazil",UTC−03:00
ITH,KITH,Ithaca Tompkins Regional Airport,"Ithaca, New York, United States",UTC−05:00
ITI,,Itambacuri Airport,"Itambacuri, Minas Gerais, Brazil",UTC−03:00
ITK,,Itokama Airport,"Itokama, Papua New Guinea",UTC+10:00
ITM,RJOO,Osaka International Airport (Itami Int'l),"Osaka, Honshu, Japan",UTC+09:00
ITN,SNHA,Itabuna Airport,"Itabuna, Bahia, Brazil",UTC−03:00
ITO,PHTO,Hilo International Airport,"Hilo, Hawaii, United States",UTC−10:00
ITP,SDUN,Itaperuna Airport,"Itaperuna, Rio de Janeiro, Brazil",UTC−03:00
ITQ,SSIQ,Itaqui Airport,"Itaqui, Rio Grande do Sul, Brazil",UTC−03:00
ITR,SBIT,Itumbiara Airport,"Itumbiara, Goiás, Brazil",UTC−03:00
ITU,UHSI,Iturup Airport[1],"Kurilsk, Sakhalin Oblast, Russia",UTC+11:00
IUE,NIUE,Niue International Airport (Hanan Int'l),"Alofi, Niue",UTC−11:00
IUL,,Ilu Airport,"Ilu, Indonesia",UTC+09:00
IUS,,Inus Airport,"Inus, Papua New Guinea",UTC+11:00
IVA,FMNJ,Ambanja Airport,"Ambanja, Madagascar",UTC+03:00
IVC,NZNV,Invercargill Airport,"Invercargill, New Zealand",UTC+12:00
IVG,LYBR,Dolac Airport,"Berane, Montenegro",UTC+01:00
IVI,,Viveros Island Airport[1],"Viveros Island, Panama",UTC−05:00
IVL,EFIV,Ivalo Airport,"Ivalo, Finland",UTC+02:00
IVO,,Chibolo Airport,"Chibolo, Colombia",UTC−05:00
IVR,YIVL,Inverell Airport,"Inverell, New South Wales, Australia",UTC+10:00
IVW,YINW,Inverway Airport,"Inverway, Northern Territory, Australia",UTC+09:30
IWA,UUBI,Ivanovo Yuzhny Airport,"Ivanovo, Ivanovo Oblast, Russia",UTC+03:00
IWD,KIWD,Gogebic–Iron County Airport,"Ironwood, Michigan, United States",UTC−06:00
IWJ,RJOW,Iwami Airport (Hagi-Iwami Airport),"Masuda, Honshu, Japan",UTC+09:00
IWK,RJOI,Marine Corps Air Station Iwakuni[1],"Iwakuni, Honshu, Japan",UTC+09:00
IWO,RJAW,Iwo Jima Air Base,"Iwo Jima, Bonin Islands, Japan",UTC+09:00
IWS,KIWS,West Houston Airport,"Houston, Texas, United States",UTC−06:00
IXA,VEAT,Agartala Airport (Singerbhil Airport),"Agartala, Tripura, India",UTC+05:30
IXB,VEBD,Bagdogra Airport,"Siliguri, West Bengal, India",UTC+05:30
IXC,VICG,Chandigarh Airport,"Chandigarh, India",UTC+05:30
IXD,VIAL,Allahabad Airport (Bamrauli Air Force Base),"Allahabad (Prayagraj), Uttar Pradesh, India",UTC+05:30
IXE,VOML,Mangalore Airport,"Mangalore, Karnataka, India",UTC+05:30
IXG,VABM,Belgaum Airport,"Belgaum, Karnataka, India",UTC+05:30
IXH,VEKR,Kailashahar Airport,"Kailashahar, Tripura, India",UTC+05:30
IXI,VELR,Lilabari Airport,"North Lakhimpur, Assam, India",UTC+05:30
IXJ,VIJU,Jammu Airport (Satwari Airport),"Jammu, Jammu and Kashmir, India",UTC+05:30
IXK,VAKS,Keshod Airport,"Keshod, Gujarat, India",UTC+05:30
IXL,VILH,Kushok Bakula Rimpochee Airport,"Leh, Ladakh, India",UTC+05:30
IXM,VOMD,Madurai Airport,"Madurai, Tamil Nadu, India",UTC+05:30
IXN,VEKW,Khowai Airport,"Khowai, Tripura, India",UTC+05:30
IXP,VIPK,Pathankot Airport,"Pathankot, Punjab, India",UTC+05:30
IXQ,VEKM,Kamalpur Airport,"Kamalpur, Tripura, India",UTC+05:30
IXR,VERC,Birsa Munda Airport,"Ranchi, Jharkhand, India",UTC+05:30
IXS,VEKU,Silchar Airport (Kumbhirgram Air Force Base),"Silchar, Assam, India",UTC+05:30
IXT,VEPG,Pasighat Airport,"Pasighat, Arunachal Pradesh, India",UTC+05:30
IXU,VAAU,Aurangabad Airport (Chikkalthana Airport),"Aurangabad, Maharashtra, India",UTC+05:30
IXV,VEAN,Along Airport,"Along (Aalo), Arunachal Pradesh, India",UTC+05:30
IXW,VEJS,Sonari Airport,"Jamshedpur, Jharkhand, India",UTC+05:30
IXX,VOBR,Bidar Airport,"Bidar, Karnataka, India",UTC+05:30
IXY,VAKE,Kandla Airport (Gandhidham Airport),"Kandla / Gandhidham, Gujarat, India",UTC+05:30
IXZ,VOPB,Veer Savarkar International Airport (Port Blair Airport),"Port Blair, Andaman and Nicobar Islands, India",UTC+05:30
IYK,KIYK,Inyokern Airport,"Inyokern, California, United States",UTC−08:00
IZA,SBZM,Presidente Itamar Franco Airport (Zona da Mata Regional Airport),"Juiz de Fora, Minas Gerais, Brazil",UTC−03:00
IZM[1],,metropolitan area2,"İzmir, Turkey",UTC+03:00
IZO,RJOC,Izumo Airport,"Izumo, Honshu, Japan",UTC+09:00
IZT,MMIT,Ixtepec Airport,"Ixtepec, Oaxaca, Mexico",UTC−06:00
JAA,OAJL,Jalalabad Airport,"Jalalabad, Afghanistan",UTC+04:30
JAB,YJAB,Jabiru Airport,"Jabiru, Northern Territory, Australia",UTC+09:30
JAC,KJAC,Jackson Hole Airport,"Jackson, Wyoming, United States",UTC−07:00
JAD,YPJT,Jandakot Airport,"Perth, Western Australia, Australia",UTC+08:00
JAE,SPJE,Jaén Airport,"Jaén, Peru",UTC−05:00
JAF,VCCJ,Jaffna International Airport,"Jaffna, Sri Lanka",UTC+05:30
JAG,OPJA,PAF Base Shahbaz,"Jacobabad, Pakistan",UTC+05:00
JAI,VIJP,Jaipur International Airport,"Jaipur, Rajasthan, India",UTC+05:30
JAK,MTJA,Jacmel Airport,"Jacmel, Haiti",UTC−05:00
JAL,MMJA,El Lencero Airport,"Xalapa (Jalapa), Veracruz, Mexico",UTC−06:00
JAM,LBIA,Bezmer Air Base,"Yambol, Bulgaria",UTC+02:00
JAN,KJAN,Jackson–Evers International Airport,"Jackson, Mississippi, United States",UTC−06:00
JAP,MRCH,Chacarita Airport[1],"Puntarenas, Costa Rica",UTC−06:00
JAQ,,Jacquinot Bay Airport,"Jacquinot Bay, Papua New Guinea",UTC+10:00
JAR,OISJ,Jahrom Airport[1],"Jahrom, Iran",UTC+03:30
JAS,KJAS,Jasper County Airport (Bell Field),"Jasper, Texas, United States",UTC−06:00
JAT,,Jabot Airport,"Jabat Island, Marshall Islands",UTC+12:00
JAU,SPJJ,Francisco Carle Airport,"Jauja, Peru",UTC−05:00
JAV,BGJN,Ilulissat Airport,"Ilulissat, Greenland",UTC−03:00
JAX,KJAX,Jacksonville International Airport,"Jacksonville, Florida, United States",UTC−05:00
JBB,WARE,Notohadinegoro Airport,"Jember, Indonesia",UTC+07:00
JBQ,MDJB,La Isabela International Airport (Dr. Joaquin Balaguer Int'l),"La Isabela, Dominican Republic",UTC−04:00
JBR,KJBR,Jonesboro Municipal Airport,"Jonesboro, Arkansas, United States",UTC−06:00
JBS,SSSB,São Borja Airport,"São Borja, Rio Grande do Sul, Brazil",UTC−03:00
JBT,,Bethel Seaplane Base (FAA: Z59),"Bethel, Alaska, United States",UTC−09:00
JCB,SSJA,Santa Terezinha Municipal Airport,"Joaçaba, Santa Catarina, Brazil",UTC−03:00
JCI,KIXD,New Century AirCenter (FAA: IXD),"Olathe, Kansas, United States",UTC−06:00
JCK,YJLC,Julia Creek Airport,"Julia Creek, Queensland, Australia",UTC+10:00
JCM,SNJB,Jacobina Airport,"Jacobina, Bahia, Brazil",UTC−03:00
JCR,SBEK,Jacareacanga Airport,"Jacareacanga, Pará, Brazil",UTC−03:00
JCT,KJCT,Kimble County Airport,"Junction, Texas, United States",UTC−06:00
JCY,,LBJ Ranch Airport (FAA: 0TE7),"Johnson City, Texas, United States",UTC−06:00
JDA,KGCD,Grant County Regional Airport (Ogilvie Field) (FAA: GCD),"John Day, Oregon, United States",UTC−08:00
JDF,SBJF,Francisco Álvares de Assis Airport,"Juiz de Fora, Minas Gerais, Brazil",UTC−03:00
JDG,RKPD,Jeongseok Airport,"Seogwipo, South Korea",UTC+09:00
JDH,VIJO,Jodhpur Airport,"Jodhpur, Rajasthan, India",UTC+05:30
JDN,KJDN,Jordan Airport,"Jordan, Montana, United States",UTC−07:00
JDO,SBJU,Juazeiro do Norte Airport,"Juazeiro do Norte, Ceará, Brazil",UTC−03:00
JDR,SNJR,Prefeito Octávio de Almeida Neves Airport[1],"São João del Rei, Minas Gerais, Brazil",UTC−03:00
JDZ,ZSJD,Jingdezhen Luojia Airport,"Jingdezhen, Jiangxi, China",UTC+08:00
JED,OEJN,King Abdulaziz International Airport,"Jeddah, Saudi Arabia",UTC+03:00
JEE,MTJE,Jérémie Airport,"Jérémie, Haiti",UTC−05:00
JEF,KJEF,Jefferson City Memorial Airport,"Jefferson City, Missouri, United States",UTC−06:00
JEG,BGAA,Aasiaat Airport,"Aasiaat, Greenland",UTC−03:00
JEJ,,Jeh Airport,"Jeh Island, Ailinglaplap Atoll, Marshall Islands",UTC+12:00
JEK,,Jeki Airstrip[1],"Jeki, Zambia",UTC+02:00
JEQ,SNJK,Jequié Airport,"Jequié, Bahia, Brazil",UTC−03:00
JER,EGJJ,Jersey Airport,"Jersey, Channel Islands, United Kingdom",UTC±00:00
JFK,KJFK,John F. Kennedy International Airport,"New York City, New York, United States",UTC−05:00
JFN,KHZY,Northeast Ohio Regional Airport (FAA: HZY),"Ashtabula, Ohio, United States",UTC−05:00
JFR,BGPT,Paamiut Airport,"Paamiut, Greenland",UTC−03:00
JGA,VAJM,Jamnagar Airport (Govardhanpur Airport),"Jamnagar, Gujarat, India",UTC+05:30
JGB,,Jagdalpur Airport,"Jagdalpur, Chhattisgarh, India",UTC+05:30
JGD,ZYJD,Jiagedaqi Airport,"Jiagedaqi, Heilongjiang, China",UTC+08:00
JGN,ZLJQ,Jiayuguan Airport,"Jiayuguan, Gansu, China",UTC+08:00
JGS,ZSJA,Jinggangshan Airport,"Ji'an, Jiangxi, China",UTC+08:00
JHB,WMKJ,Senai International Airport,"Johor Bahru, Johor, Malaysia",UTC+08:00
JHG,ZPJH,Xishuangbanna Gasa Airport,"Jinghong, Yunnan, China",UTC+08:00
JHL,,Fort MacKay/Albian Aerodrome[1] (TC: CAL4),"Fort McKay, Alberta, Canada",UTC−07:00
JHM,PHJH,Kapalua Airport,"Kapalua, Hawaii, United States",UTC−10:00
JHS,BGSS,Sisimiut Airport,"Sisimiut, Greenland",UTC−03:00
JHW,KJHW,Chautauqua County-Jamestown Airport,"Jamestown, New York, United States",UTC−05:00
JIA,SWJN,Juína Airport,"Juína, Mato Grosso, Brazil",UTC−04:00
JIB,HDAM,Djibouti–Ambouli International Airport,"Djibouti, Djibouti",UTC+03:00
JIC,ZLJC,Jinchang Jinchuan Airport,"Jinchang, Gansu, China",UTC+08:00
JIJ,HAJJ,Wilwal International Airport,"Jijiga, Ethiopia",UTC+03:00
JIK,LGIK,Ikaria Island National Airport,"Ikaria Island, Greece",UTC+02:00
JIL,ZYJL,Jilin Ertaizi Airport,"Jilin City, Jilin, China",UTC+08:00
JIM,HAJM,Aba Segud Airport,"Jimma, Ethiopia",UTC+03:00
JIN,HUJI,Jinja Airport,"Jinja, Uganda",UTC+03:00
JIO,,Jos Orno Imsula Airport,"Tiakur, Southwest Maluku, Indonesia",UTC+07:00
JIP,SEJI,Jipijapa Airport,"Jipijapa, Ecuador",UTC−05:00
JIQ,ZUQJ,Qianjiang Wulingshan Airport,"Qianjiang, Chongqing, China",UTC+08:00
JIR,VNJI,Jiri Airport,"Jiri, Nepal",UTC+05:45
JIU,ZSJJ,Jiujiang Lushan Airport,"Jiujiang, Jiangxi, China",UTC+08:00
JIW,OPJI,Jiwani Airport,"Jiwani, Pakistan",UTC+05:00
JJA,AGJO[2],Jajao Airport[1],"Jajao, Isabel Province, Solomon Islands",UTC+11:00
JJD,SBJE,Comte. Ariston Pessoa Regional Airport[1],"Jijoca de Jericoacoara, Brazil",UTC−03:00
JJG,SBJA,Humberto Ghizzo Bortoluzzi Regional Airport[1],"Jaguaruna, Santa Catarina, Brazil",UTC−03:00
JJI,SPJI,Juanjuí Airport,"Juanjuí, Peru",UTC−05:00
JJM,HKMK,Mulika Lodge Airport[1],"Meru National Park, Kenya",UTC+03:00
JJN,ZSQZ,Quanzhou Jinjiang International Airport,"Quanzhou, Fujian, China",UTC+08:00
JKG,ESGJ,Jönköping Airport,"Jönköping, Sweden",UTC+01:00
JKH,LGHI,Chios Island National Airport,"Chios, Greece",UTC+02:00
JKL,LGKY,Kalymnos Island National Airport,"Kalymnos, Greece",UTC+02:00
JKR,VNJP,Janakpur Airport,"Janakpur, Nepal",UTC+05:45
JKT[1],,metropolitan area2,"Jakarta, Indonesia",UTC+07:00
JKV,KJSO,Cherokee County Airport (FAA: JSO),"Jacksonville, Texas, United States",UTC−06:00
JLA,,Quartz Creek Airport,"Cooper Landing, Alaska, United States",UTC−09:00
JLN,KJLN,Joplin Regional Airport,"Joplin, Missouri, United States",UTC−06:00
JLR,VAJB,Jabalpur Airport (Dumna Airport),"Jabalpur, Madhya Pradesh, India",UTC+05:30
JLS,SDJL[3],Jales Airport,"Jales, São Paulo, Brazil",UTC−03:00
JMB,,Jamba Airport,"Jamba, Angola",UTC+01:00
JMJ,ZPJM,Lancang Jingmai Airport,"Donghui Township, Yunnan, China",UTC+08:00
JMK,LGMK,Mykonos Island National Airport,"Mykonos, Greece",UTC+02:00
JMO,VNJS,Jomsom Airport,"Jomsom, Nepal",UTC+05:45
JMS,KJMS,Jamestown Regional Airport,"Jamestown, North Dakota, United States",UTC−06:00
JMU,ZYJM,Jiamusi Dongjiao Airport,"Jiamusi, Heilongjiang, China",UTC+08:00
JNA,SNJN,Januária Airport,"Januária, Minas Gerais, Brazil",UTC−03:00
JNB,FAOR,O. R. Tambo International Airport,"Johannesburg, South Africa",UTC+02:00
JNG,ZLJN,Jining Qufu Airport,"Jining, Shandong, China",UTC+08:00
JNI,SAAJ,Junín Airport,"Junín, Buenos Aires, Argentina",UTC−03:00
JNJ,OOJA,Ja'Aluni Airport,"Duqm, Oman",UTC+04:00
JNU,PAJN,Juneau International Airport,"Juneau, Alaska, United States",UTC−09:00
JNX,LGNX,Naxos Island National Airport,"Naxos, Greece",UTC+02:00
JNZ,ZYJZ,Jinzhou Bay Airport,"Jinzhou, Liaoning, China",UTC+08:00
JOE,EFJO,Joensuu Airport,"Joensuu, Finland",UTC+02:00
JOG,WIIJ,Adisucipto International Airport,"Yogyakarta, Indonesia",UTC+07:00
JOH,FAPJ,Port St. Johns Airport,"Port St. Johns, South Africa",UTC+02:00
JOI,SBJV,Joinville-Lauro Carneiro de Loyola Airport,"Joinville, Santa Catarina, Brazil",UTC−03:00
JOJ,,Doris Lake Aerodrome[1] (TC: CDL7),"Doris Lake, Nunavut, Canada",UTC−07:00
JOK,UWKJ,Yoshkar-Ola Airport,"Yoshkar-Ola, Mari El, Russia",UTC+03:00
JOL,RPMJ,Jolo Airport,"Jolo, Philippines",UTC+08:00
JOM,HTNJ,Njombe Airport,"Njombe, Tanzania",UTC+03:00
JOP,,Josephstaal Airport,"Josephstaal, Papua New Guinea",UTC+10:00
JOS,DNJO,Yakubu Gowon Airport,"Jos, Nigeria",UTC+01:00
JOT,KJOT,Joliet Regional Airport,"Joliet, Illinois, United States",UTC−06:00
JPA,SBJP,Presidente Castro Pinto International Airport,"João Pessoa, Paraíba, Brazil",UTC−03:00
JPR,SWJI,José Coleto Airport,"Ji-Paraná, Rondônia, Brazil",UTC−04:00
JQA,BGUQ,Qaarsut Airport (Uummannaq/Qaarsut Airport),"Qaarsut, Greenland",UTC−03:00
JQE,MPJE,Jaqué Airport,"Jaqué, Panama",UTC−05:00
JRF,PHJR,Kalaeloa Airport[1] (John Rodgers Field),"Kapalua, Hawaii, United States",UTC−10:00
JRG,VEJH,Veer Surendra Sai Airport[1],"Jharsuguda, Odisha, India",UTC+05:30
JRH,VEJT,Jorhat Airport (Rowriah Airport),"Jorhat, Assam, India",UTC+05:30
JRN,SWJU,Juruena Airport,"Juruena, Mato Grosso, Brazil",UTC−04:00
JRO,HTKJ,Kilimanjaro International Airport,"Kilimanjaro, Tanzania",UTC+03:00
JRS,OJJR,Atarot Airport (Jerusalem International Airport),"Jerusalem, Israel1",UTC+02:00
JSA,VIJR,Jaisalmer Airport,"Jaisalmer, Rajasthan, India",UTC+05:30
JSH,LGST,Sitia Public Airport,"Sitia, Greece",UTC+02:00
JSI,LGSK,Skiathos Island National Airport,"Skiathos, Greece",UTC+02:00
JSJ,XYJS,Jiansanjiang Airport,"Jiansanjiang, Heilongjiang, China",UTC+08:00
JSK,OIZJ,Jask Airport,"Jask, Hormozgan, Iran",UTC+03:30
JSM,SAWS,José de San Martín Airport,"José de San Martín, Chubut, Argentina",UTC−03:00
JSR,VGJR,Jessore Airport,"Jessore, Bangladesh",UTC+06:00
JST,KJST,John Murtha Johnstown–Cambria County Airport,"Johnstown, Pennsylvania, United States",UTC−05:00
JSU,BGMQ,Maniitsoq Airport,"Maniitsoq, Greenland",UTC−03:00
JSY,LGSO,Syros Island National Airport,"Syros, Greece",UTC+02:00
JTC,SBAE,Moussa Nakhl Tobias–Bauru/Arealva State Airport[1],"Bauru, São Paulo, Brazil",UTC−03:00
JTI,SWJW[4],Jataí Airport,"Jataí, Goiás, Brazil",UTC−03:00
JTR,LGSR,Santorini (Thira) National Airport,"Santorini (Thira), Greece",UTC+02:00
JTY,LGPL,Astypalaia Island National Airport,"Astypalaia, Greece",UTC+02:00
JUA,SIZX,Inácio Luís do Nascimento Airport,"Juara, Mato Grosso, Brazil",UTC−04:00
JUB,HJJJ,Juba International Airport,"Juba, South Sudan",UTC+03:00
JUH,,Chizhou Jiuhuashan Airport,"Chizhou / Tongling, Anhui, China",UTC+08:00
JUI,EDWJ,Juist Airport,"Juist, Lower Saxony, Germany",UTC+01:00
JUJ,SASJ,Gobernador Horacio Guzmán International Airport,"San Salvador de Jujuy, Jujuy, Argentina",UTC−03:00
JUL,SPJL,Inca Manco Cápac International Airport,"Juliaca, Peru",UTC−05:00
JUM,VNJL,Jumla Airport,"Jumla, Nepal",UTC+05:45
JUN,YJDA,Jundah Airport,"Jundah, Queensland, Australia",UTC+10:00
JUO,SKJU[5],Juradó Airport,"Juradó, Colombia",UTC−05:00
JUR,YJNB,Jurien Bay Airport,"Jurien Bay, Western Australia, Australia",UTC+08:00
JUT,MHJU,Juticalpa Airport,"Juticalpa, Honduras",UTC−06:00
JUV,BGUK,Upernavik Airport,"Upernavik, Greenland",UTC−03:00
JUZ,ZSJU,Quzhou Airport,"Quzhou, Zhejiang, China",UTC+08:00
JVA,FMMK,Ankavandra Airport,"Ankavandra, Madagascar",UTC+03:00
JVI,,Central Jersey Regional Airport (FAA: 47N),"Manville, New Jersey, United States",UTC−05:00
JVL,KJVL,Southern Wisconsin Regional Airport,"Janesville, Wisconsin, United States",UTC−06:00
JWA,FBJW,Jwaneng Airport,"Jwaneng, Botswana",UTC+02:00
JWN,OITZ,Zanjan Airport[1],"Zanjan, Iran",UTC+03:30
JWO,RKTI,Jungwon Air Base[1],"Chungju, South Korea",UTC+09:00
JXA,ZYJX,Jixi Xingkaihu Airport,"Jixi, Heilongjiang, China",UTC+08:00
JXN,KJXN,Jackson County Airport (Reynolds Field),"Jackson, Michigan, United States",UTC−05:00
JYR,OIKJ,Jiroft Airport[1],"Jiroft, Iran",UTC+03:30
JYV,EFJY,Jyväskylä Airport,"Jyväskylä, Finland",UTC+02:00
JZH,ZUJZ,Jiuzhai Huanglong Airport,"Jiuzhaigou, Sichuan, China",UTC+08:00
KAA,FLKS,Kasama Airport,"Kasama, Zambia",UTC+02:00
KAB,FVKB,Kariba Airport,"Kariba, Zimbabwe",UTC+02:00
KAC,OSKL,Kamishly Airport,"Qamishli (Kamishly), Syria",UTC+02:00
KAD,DNKA,Kaduna Airport,"Kaduna, Nigeria",UTC+01:00
KAE,,Kake Seaplane Base,"Kake, Alaska, United States",UTC−09:00
KAF,,Karato Airport,"Karato, Papua New Guinea",UTC+11:00
KAG,RKNN,Gangneung Air Base,"Gangneung, South Korea",UTC+09:00
KAI,SYKA,Kaieteur International Airport,"Kaieteur, Guyana",UTC−04:00
KAJ,EFKI,Kajaani Airport,"Kajaani, Finland",UTC+02:00
KAK,,Kar Airport,"Kar, Papua New Guinea",UTC+10:00
KAL,PAKV,Kaltag Airport,"Kaltag, Alaska, United States",UTC−09:00
KAM,ODKM,Kamaran Airport,"Kamaran, Yemen",UTC+03:00
KAN,DNKN,Mallam Aminu Kano International Airport,"Kano, Nigeria",UTC+01:00
KAO,EFKS,Kuusamo Airport,"Kuusamo, Finland",UTC+02:00
KAP,FZSK,Kapanga Airport,"Kapanga, Democratic Republic of the Congo",UTC+02:00
KAQ,AYKH,Kamulai Airport[1],"Kamulai, Papua New Guinea",UTC+10:00
KAR,SYKM,Kamarang Airport,"Kamarang, Guyana",UTC−04:00
KAS,FYKB,Karasburg Airport,"Karasburg, Namibia",UTC+01:00
KAT,NZKT,Kaitaia Airport,"Kaitaia, New Zealand",UTC+12:00
KAU,EFKA,Kauhava Airfield,"Kauhava, Finland",UTC+02:00
KAV,SVKA,Kavanayén Airport,"Kavanayén, Venezuela",UTC−04:00
KAW,VYKT,Kawthaung Airport,"Kawthaung, Myanmar",UTC+06:30
KAX,YKBR,Kalbarri Airport,"Kalbarri, Western Australia, Australia",UTC+08:00
KAY,NFNW,Wakaya Airport,"Wakaya Island, Fiji",UTC+12:00
KAZ,WAMK,Kuabang Airport,"Kao, Indonesia",UTC+09:00
KBA,GFKB,Kabala Airport,"Kabala, Sierra Leone",UTC±00:00
KBB,,Kirkimbie Airport[1],"Kirkimbie Station, Northern Territory, Australia",UTC+09:30
KBC,,Birch Creek Airport (FAA: Z91),"Birch Creek, Alaska, United States",UTC−09:00
KBD,,Kimberley Downs Airport,"Kimberley Downs, Western Australia, Australia",UTC+08:00
KBE,,Bell Island Hot Springs Seaplane Base,"Bell Island, Alaska, United States",UTC−09:00
KBF,WABK,Karubaga Airport,"Karubaga, Indonesia",UTC+09:00
KBG,HUKF,Kabalega Falls Airport,"Kabalega Falls, Uganda",UTC+03:00
KBI,FKKB,Kribi Airport,"Kribi, Cameroon",UTC+01:00
KBJ,YKCA,Kings Canyon Airport,"Kings Canyon, Northern Territory, Australia",UTC+09:30
KBL,OAKB,Kabul International Airport,"Kabul, Afghanistan",UTC+04:30
KBM,AYKB,Kabwum Airport,"Kabwum, Papua New Guinea",UTC+10:00
KBN,FZWT,Tunta Airport,"Kabinda, Democratic Republic of the Congo",UTC+01:00
KBO,FZRM,Kabalo Airport,"Kabalo, Democratic Republic of the Congo",UTC+02:00
KBP,UKBB,Boryspil International Airport,"Kyiv, Ukraine",UTC+02:00
KBQ,FWKG,Kasungu Airport,"Kasungu, Malawi",UTC+02:00
KBR,WMKC,Sultan Ismail Petra Airport,"Kota Bharu, Kelantan, Malaysia",UTC+08:00
KBS,GFBO,Bo Airport,"Bo, Sierra Leone",UTC±00:00
KBT,,Kaben Airport,"Kaben, Maloelap Atoll, Marshall Islands",UTC+12:00
KBU,WRBK,Gusti Syamsir Alam Airport (Stagen Airport),"Kotabaru, Indonesia",UTC+07:00
KBV,VTSG,Krabi Airport,"Krabi, Thailand",UTC+07:00
KBW,,Chignik Bay Seaplane Base (FAA: Z78),"Chignik, Alaska, United States",UTC−09:00
KBX,WASU,Kambuaya Airport,"Ayamaru, Indonesia",UTC+09:00
KBY,YKBY,Streaky Bay Airport,"Streaky Bay, South Australia, Australia",UTC+09:30
KBZ,NZKI,Kaikoura Aerodrome,"Kaikōura, New Zealand",UTC+12:00
KCA,ZWKC,Kuqa Qiuci Airport,"Kuqa, Xinjiang, China",UTC+06:00
KCB,SMTP,Tepoe Airstrip,"Kasikasima, Suriname",UTC−03:00
KCC,,Coffman Cove Seaplane Base,"Coffman Cove, Alaska, United States",UTC−09:00
KCD,,Kamur Airport,"Kamur, Indonesia",UTC+09:00
KCE,YCSV,Collinsville Airport,"Collinsville, Queensland, Australia",UTC+10:00
KCF,,Kadanwari Airport,"Kadanwari, Pakistan",UTC+05:00
KCG,,Chignik Fisheries Airport (closed),"Chignik, Alaska, United States",
KCH,WBGG,Kuching International Airport,"Kuching, Sarawak, Malaysia",UTC+08:00
KCJ,,Komaio Airport,"Komaio, Papua New Guinea",UTC+10:00
KCK,UIKK,Kirensk Airport,"Kirensk, Irkutsk Oblast, Russia",UTC+08:00
KCL,,Chignik Lagoon Airport (Chignik Flats Airport),"Chignik Lagoon, Alaska, United States",UTC−09:00
KCM,LTCN,Kahramanmaraş Airport,"Kahramanmaraş, Turkey",UTC+03:00
KCN,,Chernofski Harbor Seaplane Base,"Chernofski Harbor, Alaska, United States",UTC−09:00
KCO,LTBQ,Cengiz Topel Naval Air Station,"İzmit, Turkey",UTC+03:00
KCP,,Kamianets-Podilskyi Airport,"Kamianets-Podilskyi, Ukraine",UTC+02:00
KCQ,,Chignik Lake Airport (FAA: A79),"Chignik Lake, Alaska, United States",UTC−09:00
KCR,,Colorado Creek Airport,"Colorado Creek, Alaska, United States",UTC−09:00
KCS,YKCS,Kings Creek Station Airport,"Kings Creek Station, Northern Territory, Australia",UTC+09:30
KCT,VCCK,Koggala Airport,"Koggala, Sri Lanka",UTC+05:30
KCU,HUMI,Masindi Airport,"Masindi, Uganda",UTC+03:00
KCZ,RJOK,Kōchi Ryōma Airport,"Kōchi, Shikoku, Japan",UTC+09:00
KDA,GOGK,Kolda North Airport,"Kolda, Senegal",UTC±00:00
KDB,YKBL,Kambalda Airport,"Kambalda, Western Australia, Australia",UTC+08:00
KDC,DBBK,Kandi Airport,"Kandi, Benin",UTC+01:00
KDD,OPKH,Khuzdar Airport,"Khuzdar, Pakistan",UTC+05:00
KDE,AYOW,Koroba Airport,"Koroba, Papua New Guinea",UTC+10:00
KDH,OAKN,Kandahar International Airport,"Kandahar, Afghanistan",UTC+04:30
KDI,WAWW,Haluoleo Airport,"Kendari, Indonesia",UTC+08:00
KDJ,FOGJ,Ndjolé Ville Airport,"Ndjolé, Gabon",UTC+01:00
KDK,PAKD,Kodiak Municipal Airport,"Kodiak, Alaska, United States",UTC−09:00
KDL,EEKA,Kärdla Airport,"Kärdla, Estonia",UTC+02:00
KDM,VRMT,Kaadedhdhoo Airport,"Kaadedhdhoo Island, Gaafu Dhaalu Atoll, Maldives",UTC+05:00
KDN,FOGE,Ndendé Airport,"Ndendé, Gabon",UTC+01:00
KDO,VRMK,Kadhdhoo Airport,"Kadhdhoo Island, Laamu Atoll, Maldives",UTC+05:00
KDP,AYNN,Kandep Airport,"Kandep, Papua New Guinea",UTC+10:00
KDQ,AYTO,Kamberatoro Airport,"Kamberatoro, Papua New Guinea",UTC+10:00
KDR,AYKC,Kandrian Airport,"Kandrian, Papua New Guinea",UTC+10:00
KDS,,Kamaran Downs Airport,"Kamaran Downs, Queensland, Australia",UTC+10:00
KDT,VTBK,Kamphaeng Saen Airport,"Kamphaeng Saen, Thailand",UTC+07:00
KDU,OPSD,Skardu Airport,"Skardu, Pakistan",UTC+05:00
KDV,NFKD,Vunisea Airport,"Vunisea, Kadavu Island, Fiji",UTC+12:00
KDW,,Victoria Reservoir Seaplane Base[1],"Kandy, Sri Lanka",UTC+05:30
KDX,HSLI,Kadugli Airport[1],"Kaduqli (Kadugli), Sudan",UTC+03:00
KDY,UEMH,Teply Klyuch Airport,"Khandyga, Yakutia, Russia",UTC+09:00
KDZ,,Polgolla Reservoir Seaplane Base[1],"Kandy, Sri Lanka",UTC+05:30
KEA,UTAE,Kerki Airport,"Kerki, Turkmenistan",UTC+05:00
KEB,,Nanwalek Airport,"Nanwalek, Alaska, United States",UTC−09:00
KEC,FZQG,Kasenga Airport,"Kasenga, Democratic Republic of the Congo",UTC+02:00
KED,GQNK,Kaédi Airport,"Kaédi, Mauritania",UTC±00:00
KEE,FCOK,Kelle Airport,"Kellé, Republic of the Congo",UTC+01:00
KEF,BIKF,Keflavík International Airport,"Reykjavík, Iceland",UTC±00:00
KEG,AYLG,Keglsugl Airport,"Keglsugl, Papua New Guinea",UTC+10:00
KEH,,Kenmore Air Harbor (FAA: S60),"Kenmore, Washington, United States",UTC−08:00
KEI,WAKP,Kepi Airport,"Kepi, Indonesia",UTC+09:00
KEJ,UNEE,Kemerovo International Airport,"Kemerovo, Kemerovo Oblast, Russia",UTC+07:00
KEK,,Ekwok Airport,"Ekwok, Alaska, United States",UTC−09:00
KEL,EDHK,Kiel Airport,"Kiel, Schleswig-Holstein, Germany",UTC+01:00
KEM,EFKE,Kemi-Tornio Airport,"Kemi / Tornio, Finland",UTC+02:00
KEN,GFKE,Kenema Airport,"Kenema, Sierra Leone",UTC±00:00
KEO,DIOD,Odienné Airport,"Odienné, Ivory Coast",UTC±00:00
KEP,VNNG,Nepalgunj Airport,"Nepalgunj, Nepal",UTC+05:45
KEQ,WASE,Kebar Airport,"Kebar, Indonesia",UTC+09:00
KER,OIKK,Kerman Airport,"Kerman, Iran",UTC+03:30
KES,CZEE,Kelsey Airport,"Kelsey, Manitoba, Canada",UTC−06:00
KET,VYKG,Kengtung Airport,"Kengtung, Myanmar",UTC+06:30
KEU,HKKE,Keekorok Airport[1],"Keekorok, Kenya",UTC+03:00
KEV,EFHA,Halli Airport,"Kuorevesi, Finland",UTC+02:00
KEW,,Keewaywin Airport (TC LID: CPV8),"Keewaywin, Ontario, Canada",UTC−06:00
KEX,AYNB,Kanabea Airport,"Kanabea, Papua New Guinea",UTC+10:00
KEY,HKKR,Kericho Airport,"Kericho, Kenya",UTC+03:00
KEZ,,Kelani River-Peliyagoda Waterdrome[1],"Colombo, Sri Lanka",UTC+05:30
KFA,GQNF,Kiffa Airport,"Kiffa, Mauritania",UTC±00:00
KFE,YFDF,Fortescue Dave Forrest Airport,"Cloudbreak, Western Australia, Australia",UTC+08:00
KFG,YKKG,Kalkgurung Airport,"Kalkarindji, Northern Territory, Australia",UTC+09:30
KFM,,Kirby Lake Airport,"Wood Buffalo, Alberta, Canada",UTC−06:00
KFP,PAKF,False Pass Airport,"False Pass, Alaska, United States",UTC−09:00
KFS,LTAL,Kastamonu Airport,"Kastamonu, Turkey",UTC+03:00
KFZ,LAKU,Kukës International Airport,"Kukës, Albania",UTC+01:00
KGA,FZUA,Kananga Airport,"Kananga, Democratic Republic of the Congo",UTC+02:00
KGB,AYOE,Konge Airport,"Konge, Papua New Guinea",UTC+10:00
KGC,YKSC,Kingscote Airport,"Cygnet River, South Australia, Australia",UTC+09:30
KGD,UMKK,Khrabrovo Airport,"Kaliningrad, Kaliningrad Oblast, Russia",UTC+02:00
KGE,AGKG,Kaghau Airport,"Kaghau Island, Solomon Islands",UTC+11:00
KGF,UAKK,Sary-Arka Airport,"Karaganda, Kazakhstan",UTC+06:00
KGG,GOTK,Kédougou Airport,"Kédougou, Senegal",UTC±00:00
KGH,AYJO,Yongai Airport,"Yongai, Papua New Guinea",UTC+10:00
KGI,YPKG,Kalgoorlie-Boulder Airport,"Kalgoorlie, Western Australia, Australia",UTC+08:00
KGJ,FWKA,Karonga Airport,"Karonga, Malawi",UTC+02:00
KGK,PAJZ,Koliganek Airport (FAA: JZZ),"Koliganek, Alaska, United States",UTC−09:00
KGL,HRYR,Kigali International Airport (Kanombe Airport),"Kigali, Rwanda",UTC+02:00
KGM,,Kungim Airport[1],"Kungim, Papua New Guinea",UTC+10:00
KGN,FZOK,Kasongo Lunda Airport,"Kasongo Lunda, Democratic Republic of the Congo",UTC+01:00
KGO,UKKG,Kirovohrad Airport,"Kropyvnytskyi, Ukraine",UTC+02:00
KGP,USRK,Kogalym International Airport,"Kogalym, Khanty-Mansi Autonomous Okrug, Russia",UTC+05:00
KGR,,Kulgera Airport,"Kulgera, Northern Territory, Australia",UTC+09:30
KGS,LGKO,Kos Island International Airport,"Kos, Greece",UTC+02:00
KGT,ZUKD,Kangding Airport[1],"Kangding, Sichuan, China",UTC+08:00
KGU,WBKG,Keningau Airport,"Keningau, Sabah, Malaysia",UTC+08:00
KGW,AYKQ,Kagi Airport,"Kagi, Papua New Guinea",UTC+10:00
KGX,PAGX,Grayling Airport,"Grayling, Alaska, United States",UTC−09:00
KGY,YKRY,Kingaroy Airport,"Kingaroy, Queensland, Australia",UTC+10:00
KGZ,,Glacier Creek Airport,"Glacier Creek, Alaska, United States",UTC−09:00
KHA,OITH,Khaneh Airport (Piranshahr Airport),"Piranshahr (Khaneh), Iran",UTC+03:30
KHC,UKFK,Kerch Airport (Voykovo Airport),"Kerch, Ukraine",UTC+03:00
KHD,OICK,Khorramabad Airport,"Khorramabad, Iran",UTC+03:30
KHE,UKOH,Kherson International Airport,"Kherson, Ukraine",UTC+02:00
KHG,ZWSH,Kashgar Airport (Kashi Airport),"Kashgar, Xinjiang, China",UTC+06:00
KHH,RCKH,Kaohsiung International Airport,"Kaohsiung, Taiwan",UTC+08:00
KHI,OPKC,Jinnah International Airport,"Karachi, Pakistan",UTC+05:00
KHJ,EFKJ,Kauhajoki Airfield,"Kauhajoki, Finland",UTC+02:00
KHK,OIBQ,Kharg Airport,"Kharg Island, Iran",UTC+03:30
KHM,VYKI,Khamti Airport,"Khamti, Myanmar",UTC+06:30
KHN,ZSCN,Nanchang Changbei International Airport,"Nanchang, Jiangxi, China",UTC+08:00
KHO,,Khoka Moya Airport,"Manyeleti, South Africa",UTC+02:00
KHR,ZMHH,Kharkhorin Airport,"Kharkhorin, Mongolia",UTC+08:00
KHS,OOKB,Khasab Airport,"Khasab, Oman",UTC+04:00
KHT,OAKS,Khost Airfield,"Khost, Afghanistan",UTC+04:30
KHU,,Kremenchuk Airport,"Kremenchuk, Ukraine",UTC+02:00
KHV,UHHH,Khabarovsk Novy Airport,"Khabarovsk, Khabarovsk Krai, Russia",UTC+10:00
KHW,FBKR,Khwai River Airport,"Khwai River Lodge, Botswana",UTC+02:00
KHX,,Kihihi Airstrip[1],"Kihihi, Uganda",UTC+03:00
KHY,OITK,Khoy Airport[1],"Khoy, Iran",UTC+03:30
KHZ,NTKA,Kauehi Aerodrome,"Kauehi, Tuamotus, French Polynesia",UTC−10:00
KIA,,Kaiapit Airport,"Kaiapit, Papua New Guinea",UTC+10:00
KIB,,Ivanof Bay Seaplane Base,"Ivanof Bay, Alaska, United States",UTC−09:00
KIC,KKIC,Mesa Del Rey Airport,"King City, California, United States",UTC−08:00
KID,ESMK,Kristianstad Airport,"Kristianstad, Sweden",UTC+01:00
KIE,AYIQ,Aropa Airport,"Kieta, Papua New Guinea",UTC+11:00
KIF,,Kingfisher Lake Airport,"Kingfisher Lake, Ontario, Canada",UTC−06:00
KIG,,Koingnaas Airport,"Koingnaas, South Africa",UTC+02:00
KIH,OIBK,Kish International Airport,"Kish Island, Iran",UTC+03:30
KII,AYLI,Kibuli Airport,"Kibuli, Papua New Guinea",UTC+10:00
KIJ,RJSN,Niigata Airport,"Niigata, Honshu, Japan",UTC+09:00
KIK,ORKK,Kirkuk Airport,"Kirkuk, Iraq",UTC+03:00
KIL,,Kilwa Airport,"Kilwa, Democratic Republic of the Congo",UTC+02:00
KIM,FAKM,Kimberley Airport,"Kimberley, South Africa",UTC+02:00
KIN,MKJP,Norman Manley International Airport,"Kingston, Jamaica",UTC−05:00
KIO,,Kili Airport (FAA: Q51),"Kili Island, Marshall Islands",UTC+12:00
KIP,KCWC,Kickapoo Downtown Airport (FAA: CWC),"Wichita Falls, Texas, United States",UTC−06:00
KIQ,AYRA,Kira Airport,"Kira, Papua New Guinea",UTC+10:00
KIR,EIKY,Kerry Airport (Farranfore Airport),"Kerry, Ireland",UTC±00:00
KIS,HKKI,Kisumu International Airport,"Kisumu, Kenya",UTC+03:00
KIT,LGKC,Kithira Island National Airport,"Kythira, Greece",UTC+02:00
KIU,,Kiunga Airport,"Kiunga, Kenya",UTC+03:00
KIW,FLSO,Southdowns Airport,"Kitwe, Zambia",UTC+02:00
KIX,RJBB,Kansai International Airport,"Osaka, Honshu, Japan",UTC+09:00
KIY,HTKI,Kilwa Masoko Airport,"Kilwa Masoko, Tanzania",UTC+03:00
KIZ,,Kikinonda Airport,"Kikinonda, Papua New Guinea",UTC+10:00
KJA,UNKL,Yemelyanovo International Airport,"Krasnoyarsk, Krasnoyarsk Krai, Russia",UTC+07:00
KJB,VOKU,Kurnool Airport,"Orvakal, Andhra Pradesh, India",UTC+05:30
KJH,,Kaili Huangping Airport,"Kaili, Guizhou, China",UTC+08:00
KJI,ZWKN,Kanas Airport,"Burqin, Xinjiang, China",UTC+06:00
KJK,EBKT,Kortrijk–Wevelgem International Airport,"Kortrijk, Belgium",UTC+01:00
KJP,ROKR,Kerama Airport,"Fukaji Island, Kerama Islands, Japan",UTC+09:00
KJT,WICA,Kertajati International Airport,"Majalengka, West Java, Indonesia",UTC+07:00
KJU,,Kamiraba Airport,"Kamiraba, Papua New Guinea",UTC+10:00
KJX,,Blangpidie Airport,"Blangpidie, Southwest Aceh Regency, Indonesia",UTC+07:00
KKA,PAKK,Koyuk Alfred Adams Airport,"Koyuk, Alaska, United States",UTC−09:00
KKB,,Kitoi Bay Seaplane Base,"Kitoi Bay, Alaska, United States",UTC−09:00
KKC,VTUK,Khon Kaen Airport,"Khon Kaen, Thailand",UTC+07:00
KKD,AYKO,Kokoda Airport,"Kokoda, Papua New Guinea",UTC+10:00
KKE,NZKK,Kerikeri Airport (Bay of Islands Airport),"Kerikeri, New Zealand",UTC+12:00
KKG,,Konawaruk Airport,"Konawaruk, Guyana",UTC−04:00
KKH,PADY,Kongiganak Airport (FAA: DUY),"Kongiganak, Alaska, United States",UTC−09:00
KKI,,Akiachak Airport (FAA: Z13),"Akiachak, Alaska, United States",UTC−09:00
KKJ,RJFR,Kitakyushu Airport,"Kitakyushu, Kyushu, Japan",UTC+09:00
KKK,,Kalakaket Creek Air Station (FAA: 1KC),"Kalakaket Creek, Alaska, United States (Google Earth view)",UTC−09:00
KKL,,Karluk Lake Seaplane Base,"Karluk Lake, Alaska, United States",UTC−09:00
KKM,VTBL,Khok Kathiam Air Force Base,"Lopburi, Thailand",UTC+07:00
KKN,ENKR,"Kirkenes Airport, Høybuktmoen","Kirkenes, Norway",UTC+01:00
KKO,NZKO,Kaikohe Aerodrome,"Kaikohe, New Zealand",UTC+12:00
KKP,YKLB,Koolburra Airport,"Koolburra, Queensland, Australia",UTC+10:00
KKQ,USDP,Krasnoselkup Airport[1],"Krasnoselkup, Yamalo-Nenets Autonomous Okrug, Russia",UTC+05:00
KKR,NTGK,Kaukura Airport,"Kaukura Atoll, Tuamotus, French Polynesia",UTC−10:00
KKS,OIFK,Kashan Airport,"Kashan, Isfahan, Iran",UTC+03:30
KKT,,Kentland Municipal Airport (FAA: 50I),"Kentland, Indiana, United States",UTC−06:00
KKU,,Ekuk Airport,"Ekuk, Alaska, United States",UTC−09:00
KKW,FZCA,Kikwit Airport,"Kikwit, Democratic Republic of the Congo",UTC+01:00
KKX,RJKI,Kikai Airport (Kikaiga Shima Airport),"Kikai, Satsunan Islands, Japan",UTC+09:00
KKY,EIKK,Kilkenny Airport,"Kilkenny, Ireland",UTC±00:00
KKZ,VDKK,Koh Kong Airport,"Koh Kong, Cambodia",UTC+07:00
KLB,FLKL,Kalabo Airport,"Kalabo, Zambia",UTC+02:00
KLC,GOOK,Kaolack Airport,"Kaolack, Senegal",UTC±00:00
KLD,UUEM,Migalovo Air Base,"Tver, Tver Oblast, Russia",UTC+03:00
KLE,FKKH,Kaélé Airport,"Kaélé, Cameroon",UTC+01:00
KLF,UUBC,Grabtsevo Airport,"Kaluga, Kaluga Oblast, Russia",UTC+03:00
KLG,PALG,Kalskag Airport,"Kalskag, Alaska, United States",UTC−09:00
KLH,VAKP,Kolhapur Airport,"Kolhapur, Maharashtra, India",UTC+05:30
KLI,FZFP,Kotakoli Air Base,"Kotakoli, Democratic Republic of the Congo",UTC+01:00
KLK,HKFG,Kalokol Airport (Fergusons Gulf Airport),"Kalokol, Kenya",UTC+03:00
KLL,,Levelock Airport (FAA: 9Z8),"Levelock, Alaska, United States",UTC−09:00
KLM,OINE,Kalaleh Airport[1],"Kalaleh, Iran",UTC+03:30
KLN,PALB,Larsen Bay Airport (FAA: 2A3),"Larsen Bay, Alaska, United States",UTC−09:00
KLO,RPVK,Kalibo International Airport,"Kalibo, Philippines",UTC+08:00
KLQ,WIPV,Keluang Airport,"Keluang, Indonesia",UTC+07:00
KLR,ESMQ,Kalmar Airport,"Kalmar, Sweden",UTC+01:00
KLS,KKLS,Southwest Washington Regional Airport,"Kelso, Washington, United States",UTC−08:00
KLU,LOWK,Klagenfurt Airport,"Klagenfurt, Austria",UTC+01:00
KLV,LKKV,Karlovy Vary Airport,"Karlovy Vary, Czech Republic",UTC+01:00
KLW,PAKW,Klawock Airport (FAA: AKW),"Klawock, Alaska, United States",UTC−09:00
KLX,LGKL,Kalamata International Airport,"Kalamata, Greece",UTC+02:00
KLY,FZOD,Kamisuku Airport[2],"Kalima, Democratic Republic of the Congo",UTC+02:00
KLZ,FAKZ,Kleinzee Airport,"Kleinzee, South Africa",UTC+02:00
KMA,AYKM,Kerema Airport,"Kerema, Papua New Guinea",UTC+10:00
KMB,,Koinambe Airport,"Koinambe, Papua New Guinea",UTC+10:00
KMC,OEKK,King Khaled Military City Airport,"King Khalid Military City, Saudi Arabia",UTC+03:00
KME,HRZA,Kamembe Airport,"Cyangugu, Rwanda",UTC+02:00
KMF,AYKD,Kamina Airport,"Kamina, Papua New Guinea",UTC+10:00
KMG,ZPPP,Kunming Changshui International Airport,"Kunming, Yunnan, China",UTC+08:00
KMH,FAKU,Johan Pienaar Airport,"Kuruman, South Africa",UTC+02:00
KMI,RJFM,Miyazaki Airport,"Miyazaki, Kyushu, Japan",UTC+09:00
KMJ,RJFT,Kumamoto Airport,"Mashiki, Kyushu, Japan",UTC+09:00
KMK,FCPA,Makabana Airport,"Makabana, Republic of the Congo",UTC+01:00
KML,YKML,Kamileroi Airport,"Kamileroi, Queensland, Australia",UTC+10:00
KMM,,Kimam Airport,"Kimam, Indonesia",UTC+09:00
KMN,FZSB,Kamina Airport[1] (Kamina Ville Airport),"Kamina, Democratic Republic of the Congo",UTC+02:00
KMO,PAMB,Manokotak Airport (FAA: MBA),"Manokotak, Alaska, United States",UTC−09:00
KMP,FYKT,Keetmanshoop Airport,"Keetmanshoop, Namibia",UTC+01:00
KMQ,RJNK,Komatsu Airport (Kanazawa Airport),"Komatsu, Honshu, Japan",UTC+09:00
KMR,AYRI,Karimui Airport,"Karimui, Papua New Guinea",UTC+10:00
KMS,DGSI,Kumasi Airport,"Kumasi, Ghana",UTC±00:00
KMT,,Kampot Airport,"Kampot, Cambodia",UTC+07:00
KMU,HCMK,Kismayo Airport (Kisimayu Airport),"Kismayo, Somalia",UTC+03:00
KMV,VYKL,Kalaymyo Airport (Kalemyo Airport),"Kalaymyo, Myanmar",UTC+06:30
KMW,UUBA,Kostroma Airport,"Kostroma, Kostroma Oblast, Russia",UTC+03:00
KMX,OEKM,King Khalid Air Base,"Khamis Mushait, Saudi Arabia",UTC+03:00
KMY,,Moser Bay Seaplane Base,"Moser Bay, Alaska, United States",UTC−09:00
KMZ,FLKO,Kaoma Airport,"Kaoma, Zambia",UTC+02:00
KNA,SCVM,Viña del Mar Airport,"Viña del Mar, Chile",UTC−04:00
KNB,KKNB,Kanab Municipal Airport,"Kanab, Utah, United States",UTC−07:00
KND,FZOA,Kindu Airport,"Kindu, Democratic Republic of the Congo",UTC+02:00
KNE,AYKJ,Kanainj Airport,"Kanainj, Papua New Guinea",UTC+10:00
KNF,EGYM,RAF Marham,"King's Lynn, England, United Kingdom",UTC±00:00
KNG,WASK,Kaimana Airport,"Kaimana, Indonesia",UTC+09:00
KNH,RCBS,Kinmen Airport (Shang Yi Airport),"Kinmen, Taiwan",UTC+08:00
KNI,YKNG,Katanning Airport,"Katanning, Western Australia, Australia",UTC+08:00
KNJ,FCBK,Kindamba Airport,"Kindamba, Republic of the Congo",UTC+01:00
KNK,PFKK,Kokhanok Airport (FAA: 9K2),"Kokhanok, Alaska, United States",UTC−09:00
KNL,,Kelanoa Airport,"Kelanoa, Papua New Guinea",UTC+10:00
KNM,FZTK,Kaniama Airport,"Kaniama, Democratic Republic of the Congo",UTC+02:00
KNN,GUXN,Kankan Airport (Diankana Airport),"Kankan, Guinea",UTC±00:00
KNO,WIMM,Kualanamu International Airport,"Medan, Indonesia",UTC+07:00
KNP,FNCP,Kapanda Airport,"Capanda, Angola",UTC+01:00
KNQ,NWWD,Koné Airport,"Koné, New Caledonia",UTC+11:00
KNR,OIBJ,Jam Airport,"Kangan, Iran",UTC+03:30
KNS,YKII,King Island Airport,"King Island, Tasmania, Australia",UTC+10:00
KNT,KTKX,Kennett Memorial Airport (FAA: TKX),"Kennett, Missouri, United States",UTC−06:00
KNU,VIKA,Kanpur Airport (Chakeri Air Force Station),"Kanpur, Uttar Pradesh, India",UTC+05:30
KNW,PANW,New Stuyahok Airport,"New Stuyahok, Alaska, United States",UTC−09:00
KNX,YPKU,East Kimberley Regional Airport,"Kununurra, Western Australia, Australia",UTC+08:00
KNZ,GAKA,Kéniéba Airport,"Kéniéba, Mali",UTC±00:00
KOA,PHKO,Kona International Airport at Keāhole,"Kailua / Kona, Hawaii, United States",UTC−10:00
KOC,NWWK,Koumac Airport,"Koumac, New Caledonia",UTC+11:00
KOD,,Kotabangun Airport,"Kotabangun, Indonesia",UTC+08:00
KOE,WATT,El Tari Airport,"Kupang, Indonesia",UTC+08:00
KOF,FAKP,Komatipoort Airport,"Komatipoort, South Africa",UTC+02:00
KOG,VLKG,Khong Island Airport,"Khong, Laos",UTC+07:00
KOH,YKLA,Koolatah Airport,"Koolatah, Queensland, Australia",UTC+10:00
KOI,EGPA,Kirkwall Airport,"Kirkwall, Scotland, United Kingdom",UTC±00:00
KOJ,RJFK,Kagoshima Airport,"Kagoshima, Kyushu, Japan",UTC+09:00
KOK,EFKK,Kokkola-Pietarsaari Airport,"Kokkola / Jakobstad, Finland",UTC+02:00
KOL,,Koumala Airport,"Koumala, Central African Republic",UTC+01:00
KOM,,Komo-Manda Airport,"Komo-Manda, Papua New Guinea",UTC+10:00
KON,,Kontum Airport,"Kon Tum, Vietnam",UTC+07:00
KOO,FZRQ,Kongolo Airport,"Kongolo, Democratic Republic of the Congo",UTC+02:00
KOP,VTUW,Nakhon Phanom Airport,"Nakhon Phanom, Thailand",UTC+07:00
KOQ,EDCK,Köthen Airport,"Köthen, Saxony-Anhalt, Germany",UTC+01:00
KOR,AYRO,Kakoro Airport,"Kakoro, Papua New Guinea",UTC+10:00
KOS,VDSV,Sihanoukville International Airport (Kaong Kang Airport),"Sihanoukville, Cambodia",UTC+07:00
KOT,PFKO,Kotlik Airport (FAA: 2A9),"Kotlik, Alaska, United States",UTC−09:00
KOU,FOGK,Koulamoutou Airport,"Koulamoutou, Gabon",UTC+01:00
KOV,UACK,Kokshetau Airport,"Kokshetau, Kazakhstan",UTC+06:00
KOW,ZSGZ,Ganzhou Huangjin Airport,"Ganzhou, Jiangxi, China",UTC+08:00
KOX,WABN,Kokonao Airport,"Kokonao, Indonesia",UTC+09:00
KOY,,Olga Bay Seaplane Base,"Olga Bay, Alaska, United States",UTC−09:00
KOZ,,Ouzinkie Airport (FAA: 4K5),"Ouzinkie, Alaska, United States",UTC−09:00
KPA,AYKG,Kopiago Airport,"Kopiago, Papua New Guinea",UTC+10:00
KPB,,Point Baker Seaplane Base,"Point Baker, Alaska, United States",UTC−09:00
KPC,PAPC,Port Clarence Coast Guard Station,"Port Clarence, Alaska, United States",UTC−09:00
KPE,AYYP,Yapsiei Airport,"Yapsiei, Papua New Guinea",UTC+10:00
KPF,AYDL,Kondubol Airport,"Kondubol, Papua New Guinea",UTC+10:00
KPG,,Kurupung Airport,"Kurupung, Guyana",UTC−04:00
KPI,WBGP,Kapit Airport,"Kapit, Sarawak, Malaysia",UTC+08:00
KPL,,Kapal Airport,"Kapal, Papua New Guinea",UTC+10:00
KPM,AYAQ,Kompiam Airport,"Kompiam, Papua New Guinea",UTC+10:00
KPN,PAKI,Kipnuk Airport (FAA: IIK),"Kipnuk, Alaska, United States",UTC−09:00
KPO,RKTH,Pohang Airport,"Pohang, South Korea",UTC+09:00
KPP,YKPR,Kalpowar Airport,"Kalpowar, Queensland, Australia",UTC+10:00
KPR,,Port Williams Seaplane Base,"Port Williams, Alaska, United States",UTC−09:00
KPS,YKMP,Kempsey Airport,"Kempsey, New South Wales, Australia",UTC+10:00
KPT,,Jackpot Airport (Hayden Field) (FAA: 06U),"Jackpot, Nevada, United States",UTC−07:00
KPV,PAPE,Perryville Airport (FAA: PEV),"Perryville, Alaska, United States",UTC−09:00
KPW,UHMK,Keperveyem Airport[1],"Keperveyem, Chukotka, Russia",UTC+12:00
KPY,,Port Bailey Seaplane Base,"Port Bailey, Alaska, United States",UTC−09:00
KQA,PAUT,Akutan Airport,"Akutan, Alaska, United States",UTC−09:00
KQH,VIKG,Ajmer Kishangarh Airport,"Kishangarh, Rajasthan, India",UTC+05:30
KQL,AYOL,Kol Airport,"Kol, Papua New Guinea",UTC+10:00
KQR,YKAR,Karara Airport[1],"Karara, Western Australia, Australia",UTC+08:00
KQT,UTDT,Bokhtar International Airport[1],"Bokhtar, Tajikistan",UTC+05:00
KRA,YKER,Kerang Airport,"Kerang, Victoria, Australia",UTC+10:00
KRB,YKMB,Karumba Airport,"Karumba, Queensland, Australia",UTC+10:00
KRC,WIPH,Depati Parbo Airport,"Kerinci, Indonesia",UTC+07:00
KRD,,Kurundi Airport,"Kurundi Station, Northern Territory, Australia",UTC+09:30
KRE,HBBO,Kirundo Airport,"Kirundo, Burundi",UTC+02:00
KRF,ESNK,Höga Kusten Airport (Kramfors-Sollefteå Airport),"Kramfors / Sollefteå, Sweden",UTC+01:00
KRG,SYKS,Karasabai Airport,"Karasabai, Guyana",UTC−04:00
KRI,AYKK,Kikori Airport,"Kikori, Papua New Guinea",UTC+10:00
KRJ,AYQA,Karawari Airport,"Karawari, Papua New Guinea",UTC+10:00
KRK,EPKK,John Paul II International Airport Kraków–Balice,"Kraków, Poland",UTC+01:00
KRL,ZWKL,Korla Airport,"Korla, Xinjiang, China",UTC+06:00
KRM,SYKR,Karanambo Airport,"Karanambo, Guyana",UTC−04:00
KRN,ESNQ,Kiruna Airport,"Kiruna, Sweden",UTC+01:00
KRO,USUU,Kurgan Airport,"Kurgan, Kurgan Oblast, Russia",UTC+05:00
KRP,EKKA,Karup Airport,"Karup, Denmark",UTC+01:00
KRQ,UKCK,Kramatorsk Airport,"Kramatorsk, Ukraine",UTC+03:00
KRR,URKK,Krasnodar International Airport (Pashkovsky Airport),"Krasnodar, Krasnodar Krai, Russia",UTC+03:00
KRS,ENCN,"Kristiansand Airport, Kjevik","Kristiansand, Norway",UTC+01:00
KRT,HSSK,Khartoum International Airport,"Khartoum, Sudan",UTC+03:00
KRU,AYEA,Kerau Airport,"Kerau, Papua New Guinea",UTC+10:00
KRV,,Kimwarer Airport (Kerio Valley Airport),"Kimwarer, Kenya",UTC+03:00
KRW,UTAK,Turkmenbashi International Airport,"Türkmenbaşy, Turkmenistan",UTC+05:00
KRX,AYKR,Karkar Airport,"Karkar Island, Papua New Guinea",UTC+10:00
KRY,ZWKM,Karamay Airport,"Karamay, Xinjiang, China",UTC+06:00
KRZ,FZBT,Basango Mboliasa Airport,"Kiri, Democratic Republic of the Congo",UTC+01:00
KSA,PTSA,Kosrae International Airport (FAA: TTK),"Kosrae, Federated States of Micronesia",UTC+11:00
KSB,AYNM,Kasanombe Airport,"Kasanombe, Papua New Guinea",UTC+10:00
KSC,LZKZ,Košice International Airport,"Košice, Slovakia",UTC+01:00
KSD,ESOK,Karlstad Airport,"Karlstad, Sweden",UTC+01:00
KSE,HUKS,Kasese Airport,"Kasese, Uganda",UTC+03:00
KSF,EDVK,Kassel Airport,"Kassel, Hesse, Germany",UTC+01:00
KSG,,Kisengam Airport,"Kisengam, Papua New Guinea",UTC+10:00
KSH,OICC,Shahid Ashrafi Esfahani Airport (Kermanshah Airport),"Kermanshah, Iran",UTC+03:30
KSI,GUKU,Kissidougou Airport,"Kissidougou, Guinea",UTC±00:00
KSJ,LGKS,Kasos Island Public Airport,"Kasos Island, Greece",UTC+02:00
KSK,ESKK,Karlskoga Airport,"Karlskoga, Sweden",UTC+01:00
KSL,HSKA,Kassala Airport,"Kassala, Sudan",UTC+03:00
KSM,PASM,St. Mary's Airport,"St. Mary's, Alaska, United States",UTC−09:00
KSN,UAUU,Kostanay Airport,"Kostanay, Kazakhstan",UTC+06:00
KSO,LGKA,Kastoria National Airport (Aristotelis Airport),"Kastoria, Greece",UTC+02:00
KSP,AYOP,Kosipe Airport,"Kosipe, Papua New Guinea",UTC+10:00
KSQ,UTSL,Karshi Airport,"Karshi, Uzbekistan",UTC+05:00
KSR,WAWH,H. Aroeppala Airport,"Selayar Islands, Sulawesi, Indonesia",UTC+09:00
KSS,GASK,Sikasso Airport,"Sikasso, Mali",UTC±00:00
KST,HSKI,Rabak Airport,"Kosti, Sudan",UTC+03:00
KSU,ENKB,"Kristiansund Airport, Kvernberget","Kristiansund, Norway",UTC+01:00
KSV,YSPV,Springvale Airport,"Springvale, Queensland, Australia",UTC+10:00
KSW,LLKS,Kiryat Shmona Airport,"Kiryat Shmona, Israel",UTC+02:00
KSX,AYYR,Yasuru Airport,"Yasuru, Papua New Guinea",UTC+10:00
KSY,LTCF,Kars Harakani Airport,"Kars, Turkey",UTC+03:00
KSZ,ULKK,Kotlas Airport,"Kotlas, Arkhangelsk Oblast, Russia",UTC+03:00
KTA,YPKA,Karratha Airport,"Karratha, Western Australia, Australia",UTC+08:00
KTB,,Thorne Bay Seaplane Base,"Thorne Bay, Alaska, United States",UTC−09:00
KTC,,Katiola Airport,"Katiola, Ivory Coast",UTC±00:00
KTD,RORK,Kitadaito Airport,"Kitadaito, Daitō Islands, Japan",UTC+09:00
KTE,WMKE,Kerteh Airport,"Kerteh, Terengganu, Malaysia",UTC+08:00
KTF,NZTK,Takaka Aerodrome,"Takaka, New Zealand",UTC+12:00
KTG,WIOK,Rahadi Osman Airport (Ketapang Airport),"Ketapang, Indonesia",UTC+07:00
KTH,,Tikchik Lodge Seaplane Base (FAA: AK56),"Tikchik, Alaska, United States",UTC−09:00
KTI,VDKT,Kratié Airport,"Kratié, Cambodia",UTC+07:00
KTJ,,Kichwa Tembo Airport[1],"Kichwa Tembo, Kenya",UTC+03:00
KTK,,Kunua Airport,"Kunua, Papua New Guinea",UTC+11:00
KTL,HKKT,Kitale Airport,"Kitale, Kenya",UTC+03:00
KTM,VNKT,Tribhuvan International Airport,"Kathmandu, Nepal",UTC+05:45
KTN,PAKT,Ketchikan International Airport,"Ketchikan, Alaska, United States",UTC−09:00
KTO,SYKT,Kato Airport,"Kato, Guyana",UTC−04:00
KTP,MKTP,Tinson Pen Aerodrome,"Kingston, Jamaica",UTC−05:00
KTQ,EFIT,Kitee Airfield,"Kitee, Finland",UTC+02:00
KTR,YPTN,RAAF Base Tindal,"Katherine, Northern Territory, Australia",UTC+09:30
KTS,PFKT,Brevig Mission Airport,"Brevig Mission, Alaska, United States",UTC−09:00
KTT,EFKT,Kittilä Airport,"Kittilä, Finland",UTC+02:00
KTU,VIKO,Kota Airport,"Kota, Rajasthan, India",UTC+05:30
KTV,SVKM,Kamarata Airport,"Kamarata, Venezuela",UTC−04:00
KTW,EPKT,Katowice International Airport,"Katowice, Poland",UTC+01:00
KTX,GAKO,Koutiala Airport,"Koutiala, Mali",UTC±00:00
KTY,VCCN,Katukurunda Airport[1],"Kalutara, Sri Lanka",UTC+05:30
KUA,WMKD,Sultan Haji Ahmad Shah Airport (RMAF Kuantan),"Kuantan, Pahang, Malaysia",UTC+08:00
KUC,NGKT,Kuria Airport,"Kuria, Kiribati",UTC+12:00
KUD,WBKT,Kudat Airport,"Kudat, Sabah, Malaysia",UTC+08:00
KUE,AGKU,Kukundu Airport,"Kolombangara, Western Province, Solomon Islands",UTC+11:00
KUF,UWWW,Kurumoch International Airport,"Samara, Samara Oblast, Russia",UTC+04:00
KUG,YKUB,Kubin Airport,"Moa Island, Queensland, Australia",UTC+10:00
KUH,RJCK,Kushiro Airport,"Kushiro, Hokkaido, Japan",UTC+09:00
KUK,PFKA,Kasigluk Airport (FAA: Z09),"Kasigluk, Alaska, United States",UTC−09:00
KUL,WMKK,Kuala Lumpur International Airport,"Kuala Lumpur,1 Malaysia",UTC+08:00
KUM,RJFC,Yakushima Airport,"Yakushima, Ōsumi Islands, Japan",UTC+09:00
KUN,EYKA,Kaunas International Airport,"Kaunas, Lithuania",UTC+02:00
KUO,EFKU,Kuopio Airport,"Kuopio, Finland",UTC+02:00
KUP,,Kupiano Airport,"Kupiano, Papua New Guinea",UTC+10:00
KUQ,AYKU,Kuri Airport,"Kuri, Papua New Guinea",UTC+10:00
KUR,OARZ,Razer Airport,"Koran va Monjan (Kiran wa Munjan), Afghanistan",UTC+04:30
KUS,BGKK,Kulusuk Airport,"Kulusuk, Greenland",UTC−03:00
KUT,UGKO,David the Builder Kutaisi International Airport,"Kutaisi, Georgia",UTC+04:00
KUU,VIBR,Bhuntar Airport (Kullu Manali Airport),"Kullu, Himachal Pradesh, India",UTC+05:30
KUV,RKJK,Gunsan Airport,"Gunsan, South Korea",UTC+09:00
KUX,,Kuyol Airport[1],"Kuyol, Papua New Guinea",UTC+11:00
KUY,,Kamusi Airport[1],"Kamusi, Papua New Guinea",UTC+11:00
KVA,LGKV,Kavala International Airport (Alexander the Great Airport),"Kavala, Greece",UTC+02:00
KVB,ESGR,Skövde Airport,"Skövde, Sweden",UTC+01:00
KVC,PAVC,King Cove Airport,"King Cove, Alaska, United States",UTC−09:00
KVE,,Kitava Island Airport,"Kitava Island, Papua New Guinea",UTC+10:00
KVG,AYKV,Kavieng Airport,"Kavieng, Papua New Guinea",UTC+10:00
KVK,ULMK,Kirovsk-Apatity Airport (Khibiny Airport),"Kirovsk / Apatity, Murmansk Oblast, Russia",UTC+03:00
KVL,PAVL,Kivalina Airport,"Kivalina, Alaska, United States",UTC−09:00
KVM,UHMO,Markovo Airport,"Markovo, Chukotka, Russia",UTC+12:00
KVO,LYKV,Morava Airport,"Lađevci, Serbia",
KVR,,Kavalerovo Airport[1],"Kavalerovo, Primorsky Krai, Russia",UTC+10:00
KVU,,Korolevu Seaplane Base,"Korolevu, Fiji",UTC+12:00
KVX,USKK,Pobedilovo Airport,"Kirov, Kirov Oblast, Russia",UTC+03:00
KWA,PKWA,Bucholz Army Airfield,"Kwajalein, Marshall Islands",UTC+12:00
KWB,,Dewadaru Airport,"Karimun Java, Indonesia",UTC+07:00
KWD,,Kavadja Airport[1],"Kavadja, Central African Republic",UTC+01:00
KWE,ZUGY,Guiyang Longdongbao International Airport,"Guiyang, Guizhou, China",UTC+08:00
KWF,,Waterfall Seaplane Base,"Waterfall, Alaska, United States",UTC−09:00
KWG,UKDR,Kryvyi Rih International Airport,"Kryvyi Rih (Krivoi Rog), Ukraine",UTC+02:00
KWH,OAHN,Khwahan Airport,"Khwahan, Afghanistan",UTC+04:30
KWI,OKBK,Kuwait International Airport,"Kuwait City, Kuwait",UTC+03:00
KWJ,RKJJ,Gwangju Airport,"Gwangju (Kwangju), South Korea",UTC+09:00
KWK,PAGG,Kwigillingok Airport (FAA: GGV),"Kwigillingok, Alaska, United States",UTC−09:00
KWL,ZGKL,Guilin Liangjiang International Airport,"Guilin, Guangxi, China",UTC+08:00
KWM,YKOW,Kowanyama Airport,"Kowanyama, Queensland, Australia",UTC+10:00
KWN,PAQH,Quinhagak Airport (FAA: AQH),"Quinhagak, Alaska, United States",UTC−09:00
KWO,AYKW,Kawito Airport,"Kawito, Papua New Guinea",UTC+10:00
KWP,,West Point Village Seaplane Base,"West Point, Alaska, United States",UTC−09:00
KWR,,Kwai Harbour Airport,"Kwai Harbour, Solomon Islands",UTC+11:00
KWS,AGKW[3],Kwailabesi Airport,"Kwailabesi, Solomon Islands",UTC+11:00
KWT,PFKW,Kwethluk Airport,"Kwethluk, Alaska, United States",UTC−09:00
KWV,,Kurwina Airport,"Kurwina, Papua New Guinea",UTC+11:00
KWX,,Kiwai Island Airport,"Kiwai Island, Papua New Guinea",UTC+10:00
KWY,,Kiwayu Airport,"Kiwayu, Kenya",UTC+03:00
KWZ,FZQM,Kolwezi Airport,"Kolwezi, Democratic Republic of the Congo",UTC+02:00
KXA,,Kasaan Seaplane Base,"Kasaan, Alaska, United States",UTC−09:00
KXB,WAWP,Sangia Nibandera Airport[1],"Kolaka, Indonesia",
KXD,USHK,Kondinskoye Airport[1],"Kondinskoye, Khanty-Mansi Autonomous Okrug, Russia",UTC+05:00
KXE,FAKD,Klerksdorp Airport (P.C. Pelser Airport),"Klerksdorp, South Africa",UTC+02:00
KXF,NFNO,Koro Airport,"Koro Island, Fiji",UTC+12:00
KXK,UHKK,Komsomolsk-on-Amur Airport,"Komsomolsk-on-Amur, Khabarovsk Krai, Russia",UTC+10:00
KXR,,Karoola Airport,"Karoola, Papua New Guinea",UTC+10:00
KXU,NTKT,Katiu Airport[1],"Katiu, Tuamotus, French Polynesia",UTC−10:00
KYA,LTAN,Konya Airport,"Konya, Turkey",UTC+03:00
KYD,RCLY,Lanyu Airport,"Orchid Island, Taiwan",UTC+08:00
KYE,OLKA,Rene Mouawad Air Base (Kleyate Airport),"Tripoli, Lebanon",UTC+02:00
KYF,YYLR,Yeelirrie Airport,"Yeelirrie, Western Australia, Australia",UTC+08:00
KYI,YYTA,Yalata Airport,"Yalata Mission, South Australia, Australia",UTC+09:30
KYK,PAKY,Karluk Airport,"Karluk, Alaska, United States",UTC−09:00
KYO,,Tampa North Aero Park[1] (FAA: X39),"Tampa, Florida, United States",UTC−05:00
KYP,VYKP,Kyaukpyu Airport,"Kyaukpyu, Myanmar",UTC+06:30
KYS,GAKY,Kayes Airport (Dag-Dag Airport),"Kayes, Mali",UTC±00:00
KYT,VYKU,Kyauktu Airport,"Kyaukhtu, Myanmar",UTC+06:30
KYU,PFKU,Koyukuk Airport,"Koyukuk, Alaska, United States",UTC−09:00
KYX,AYYE,Yalumet Airport,"Yalumet, Papua New Guinea",UTC+10:00
KYZ,UNKY,Kyzyl Airport,"Kyzyl, Tuva, Russia",UTC+07:00
KZB,,Zachar Bay Seaplane Base,"Zachar Bay, Alaska, United States",UTC−09:00
KZC,VDKH,Kampong Chhnang Airport,"Kampong Chhnang, Cambodia",UTC+07:00
KZD,,Krakor Airport,"Krakor, Cambodia",UTC+07:00
KZF,AYKT,Kaintiba Airport,"Kaintiba, Papua New Guinea",UTC+10:00
KZG,ETIN,Kitzingen Airport,"Kitzingen, Bavaria, Germany",UTC+01:00
KZI,LGKZ,Kozani National Airport (Filippos Airport),"Kozani, Greece",UTC+02:00
KZN,UWKD,Kazan International Airport,"Kazan, Tatarstan, Russia",UTC+03:00
KZO,UAOO,Kyzylorda Airport,"Kyzylorda, Kazakhstan",UTC+06:00
KZR,LTBZ,Zafer Airport,"Kütahya, Turkey",UTC+03:00
KZS,LGKJ,Kastellorizo Island Public Airport,"Kastellorizo, Greece",UTC+02:00
LAA,KLAA,Lamar Municipal Airport,"Lamar, Colorado, United States",UTC−07:00
LAB,,Lab Lab Airport,"Lab Lab, Papua New Guinea",UTC+10:00
LAC,,Layang-Layang Airport (Swallow Reef Airport),"Layang-Layang Island, Sabah, Malaysia",UTC+08:00
LAD,FNLU,Quatro de Fevereiro Airport,"Luanda, Angola",UTC+01:00
LAE,AYNZ,Lae Nadzab Airport,"Lae, Papua New Guinea",UTC+10:00
LAF,KLAF,Purdue University Airport,"Lafayette, Indiana, United States",UTC−05:00
LAH,WAPH[1],Oesman Sadik Airport,"Labuha, Indonesia",UTC+09:00
LAI,LFRO,Lannion – Côte de Granit Airport,"Lannion, Brittany, France",UTC+01:00
LAJ,SBLJ,Antônio Correia Pinto de Macedo Airport,"Lages, Santa Catarina, Brazil",UTC−03:00
LAK,CYKD,Aklavik/Freddie Carmichael Airport,"Aklavik, Northwest Territories, Canada",UTC−07:00
LAL,KLAL,Lakeland Linder International Airport,"Lakeland, Florida, United States",UTC−05:00
LAM,KLAM,Los Alamos County Airport,"Los Alamos, New Mexico, United States",UTC−07:00
LAN,KLAN,Capital Region International Airport,"Lansing, Michigan, United States",UTC−05:00
LAO,RPLI,Laoag International Airport,"Laoag, Philippines",UTC+08:00
LAP,MMLP,Manuel Márquez de León International Airport,"La Paz, Baja California Sur, Mexico",UTC−07:00
LAQ,HLLQ,Al Abraq International Airport,"Bayda, Libya",UTC+02:00
LAR,KLAR,Laramie Regional Airport,"Laramie, Wyoming, United States",UTC−07:00
LAS,KLAS,Harry Reid International Airport,"Las Vegas, Nevada, United States",UTC−08:00
LAU,HKLU,Manda Airport,"Lamu, Kenya",UTC+03:00
LAW,KLAW,Lawton–Fort Sill Regional Airport,"Lawton, Oklahoma, United States",UTC−06:00
LAX,KLAX,Los Angeles International Airport,"Los Angeles, California, United States",UTC−08:00
LAY,FALY,Ladysmith Airport,"Ladysmith, South Africa",UTC+02:00
LAZ,SBLP,Bom Jesus da Lapa Airport,"Bom Jesus da Lapa, Bahia, Brazil",UTC−03:00
LBA,EGNM,Leeds Bradford Airport,"Leeds / Bradford, England, United Kingdom",UTC±00:00
LBB,KLBB,Lubbock Preston Smith International Airport,"Lubbock, Texas, United States",UTC−06:00
LBC,EDHL,Lübeck Airport,"Lübeck, Schleswig-Holstein, Germany",UTC+01:00
LBD,UTDL,Khujand Airport,"Khujand, Tajikistan",UTC+05:00
LBE,KLBE,Arnold Palmer Regional Airport,"Latrobe, Pennsylvania, United States",UTC−05:00
LBF,KLBF,North Platte Regional Airport (Lee Bird Field),"North Platte, Nebraska, United States",UTC−06:00
LBG,LFPB,Paris–Le Bourget Airport,"Paris, Île-de-France, France",UTC+01:00
LBH,,Palm Beach Water Airport,"Palm Beach, New South Wales, Australia",UTC+10:00
LBI,LFCI,Le Sequestre Airport,"Albi, Midi-Pyrénées, France",UTC+01:00
LBJ,WATO,Komodo Airport,"Labuan Bajo, Indonesia",UTC+08:00
LBK,,Liboi Airport,"Liboi, Kenya",UTC+03:00
LBL,KLBL,Liberal Mid-America Regional Airport,"Liberal, Kansas, United States",UTC−06:00
LBM,,Luabo Airport,"Luabo, Mozambique",UTC+02:00
LBN,,Lake Baringo Airport,"Lake Baringo, Kenya",UTC+03:00
LBO,FZVI,Lusambo Airport,"Lusambo, Democratic Republic of the Congo",UTC+02:00
LBP,,Long Banga Airport,"Long Banga, Sarawak, Malaysia",UTC+08:00
LBQ,FOGR,Lambaréné Airport,"Lambaréné, Gabon",UTC+01:00
LBR,SWLB,Lábrea Airport,"Lábrea, Amazonas, Brazil",UTC−04:00
LBS,NFNL,Labasa Airport,"Labasa, Fiji",UTC+12:00
LBT,KLBT,Lumberton Municipal Airport,"Lumberton, North Carolina, United States",UTC−05:00
LBU,WBKL,Labuan Airport,"Labuan, Malaysia",UTC+08:00
LBV,FOOL,Libreville International Airport,"Libreville, Gabon",UTC+01:00
LBW,WRLB,Juvai Semaring Airport (Long Bawan Airport),"Long Bawan, Indonesia",UTC+08:00
LBX,RPLU,Lubang Airport,"Lubang, Philippines",UTC+08:00
LBY,LFRE,La Baule-Escoublac Airport,"La Baule-Escoublac, Pays de la Loire, France",UTC+01:00
LBZ,FNLK,Lucapa Airport,"Lucapa, Angola",UTC+01:00
LCA,LCLK,Larnaca International Airport,"Larnaca, Cyprus",UTC+02:00
LCB,,Pontes e Lacerda Airport,"Pontes e Lacerda, Mato Grosso, Brazil",UTC−04:00
LCC,LIBN,Galatina Air Base,"Lecce, Apulia, Italy",UTC+01:00
LCD,FALO,Louis Trichardt Airport,"Louis Trichardt, South Africa",UTC+02:00
LCE,MHLC,Golosón International Airport,"La Ceiba, Honduras",UTC−06:00
LCF,MGRD,Río Dulce Airport (Las Vegas Airport),"Río Dulce, Guatemala",UTC−06:00
LCG,LECO,A Coruña Airport,"A Coruña, Galicia, Spain",UTC+01:00
LCH,KLCH,Lake Charles Regional Airport,"Lake Charles, Louisiana, United States",UTC−06:00
LCI,KLCI,Laconia Municipal Airport,"Laconia, New Hampshire, United States",UTC−05:00
LCJ,EPLL,Łódź Władysław Reymont Airport,"Łódź, Poland",UTC+01:00
LCK,KLCK,Rickenbacker International Airport,"Columbus, Ohio, United States",UTC−05:00
LCL,MULM,La Coloma Airport,"Pinar del Río, Cuba",UTC−05:00
LCM,SACC,La Cumbre Airport,"La Cumbre, Córdoba, Argentina",UTC−03:00
LCN,YBLC,Balcanoona Airport,"Balcanoona, South Australia, Australia",UTC+09:30
LCO,FCBL,Lague Airport,"Lague, Republic of the Congo",UTC+01:00
LCP,,Loncopué Airport,"Loncopué, Neuquén, Argentina",UTC−03:00
LCQ,KLCQ,Lake City Gateway Airport,"Lake City, Florida, United States",UTC−05:00
LCR,,La Chorrera Airport,"La Chorrera, Colombia",UTC−05:00
LCT,,Shijiazhuang Luancheng Airport,"Shijiazhuang, Hebei, China",UTC+08:00
LCV,LIQL,Lucca-Tassignano Airport,"Lucca, Tuscany, Italy",UTC+01:00
LCX,ZSLD,Longyan Guanzhishan Airport,"Longyan, Fujian, China",UTC+08:00
LCY,EGLC,London City Airport,"London, England, United Kingdom",UTC±00:00
LDA,VEMH,Malda Airport,"Malda, West Bengal, India",UTC+05:30
LDB,SBLO,Londrina–Governador José Richa Airport,"Londrina, Paraná, Brazil",UTC−03:00
LDC,YLIN,Lindeman Island Airport,"Lindeman Island, Queensland, Australia",UTC+10:00
LDE,LFBT,Tarbes–Lourdes–Pyrénées Airport,"Tarbes / Lourdes, Midi-Pyrénées, France",UTC+01:00
LDG,ULAL,Leshukonskoye Airport,"Leshukonskoye, Arkhangelsk Oblast, Russia",UTC+03:00
LDH,YLHI,Lord Howe Island Airport,"Lord Howe Island, New South Wales, Australia",UTC+10:30
LDI,HTLI,Lindi Airport (Kikwetu Airport),"Lindi, Tanzania",UTC+03:00
LDJ,KLDJ,Linden Airport,"Linden, New Jersey, United States",UTC−05:00
LDK,ESGL,Lidköping-Hovby Airport,"Lidköping, Sweden",UTC+01:00
LDM,KLDM,Mason County Airport,"Ludington, Michigan, United States",UTC−05:00
LDN,VNLD,Lamidanda Airport,"Lamidanda, Nepal",UTC+05:45
LDO,SMDO,Laduani Airstrip,"Aurora, Suriname",UTC−03:00
LDR,,Lawdar Airport,"Lawdar, Yemen",UTC+03:00
LDS,ZYLD,Yichun Lindu Airport[2],"Yichun, Heilongjiang, China",UTC+08:00
LDU,WBKD,Lahad Datu Airport,"Lahad Datu, Sabah, Malaysia",UTC+08:00
LDV,LFRJ,Landivisiau Air Base,"Landivisiau, Brittany, France",UTC+01:00
LDW,,Lansdowne Airport,"Lansdowne, Western Australia, Australia",UTC+08:00
LDX,SOOM,Saint-Laurent-du-Maroni Airport,"Saint-Laurent-du-Maroni, French Guiana",UTC−03:00
LDY,EGAE,City of Derry Airport,"Derry, Northern Ireland, United Kingdom",UTC±00:00
LDZ,FALD,Londolozi Airport,"Londolozi, South Africa",UTC+02:00
LEA,YPLM,Learmonth Airport,"Exmouth, Western Australia, Australia",UTC+08:00
LEB,KLEB,Lebanon Municipal Airport,"Lebanon / Hanover, New Hampshire, United States",UTC−05:00
LEC,SBLE,Coronel Horácio de Mattos Airport,"Lençóis, Bahia, Brazil",UTC−03:00
LED,ULLI,Pulkovo Airport,"Saint Petersburg, Russia",UTC+03:00
LEE,KLEE,Leesburg International Airport,"Leesburg, Florida, United States",UTC−05:00
LEF,FXLK,Lebakeng Airport,"Lebakeng, Lesotho",UTC+02:00
LEG,,Aleg Airport,"Aleg, Mauritania",UTC±00:00
LEH,LFOH,Le Havre – Octeville Airport,"Le Havre, Upper Normandy, France",UTC+01:00
LEI,LEAM,Almería Airport,"Almería, Andalusia, Spain",UTC+01:00
LEJ,EDDP,Leipzig/Halle Airport,"Leipzig, Saxony / Halle, Saxony-Anhalt,2 Germany",UTC+01:00
LEK,GULB,Tata Airport,"Labé, Guinea",UTC±00:00
LEL,YLEV,Lake Evella Airport,"Gapuwiyak, Northern Territory, Australia",UTC+09:30
LEM,KLEM,Lemmon Municipal Airport,"Lemmon, South Dakota, United States",UTC−07:00
LEN,LELN,León Airport,"León, Castile and León, Spain",UTC+01:00
LEO,,Lékoni Airport,"Lékoni, Gabon",UTC+01:00
LEP,SNDN,Leopoldina Airport,"Leopoldina, Minas Gerais, Brazil",UTC−03:00
LEQ,EGHC,Land's End Airport,"St Just, England, United Kingdom",UTC±00:00
LER,YLST,Leinster Airport,"Leinster, Western Australia, Australia",UTC+08:00
LES,FXLS,Lesobeng Airport,"Lesobeng, Lesotho",UTC+02:00
LET,SKLT,Alfredo Vásquez Cobo International Airport,"Leticia, Colombia",UTC−05:00
LEU,LESU,La Seu d'Urgell Airport,"La Seu d'Urgell, Catalonia, Spain",UTC+01:00
LEV,NFNB,Levuka Airfield (Bureta Airport),"Levuka, Ovalau Island, Fiji",UTC+12:00
LEW,KLEW,Auburn/Lewiston Municipal Airport,"Auburn / Lewiston, Maine, United States",UTC−05:00
LEX,KLEX,Blue Grass Airport,"Lexington, Kentucky, United States",UTC−05:00
LEY,EHLE,Lelystad Airport,"Lelystad, Netherlands",UTC+01:00
LEZ,MHLE,La Esperanza Airport,"La Esperanza, Honduras",UTC−06:00
LFB,FQLU,Lumbo Airport[2],"Lumbo, Mozambique",UTC+02:00
LFI,KLFI,Langley Air Force Base[2],"Hampton, Virginia, United States",UTC−05:00
LFK,KLFK,Angelina County Airport,"Lufkin, Texas, United States",UTC−06:00
LFM,OISR,Lamerd Airport[2],"Lamerd, Iran",UTC+03:30
LFN,KLHZ,Triangle North Executive Airport (Franklin County Airport) (FAA: LHZ),"Louisburg, North Carolina, United States",UTC−05:00
LFO,HAKL,Kelafo Airport,"Kelafo, Ethiopia",UTC+03:00
LFP,YLFD,Lakefield Airport,"Lakefield, Queensland, Australia",UTC+10:00
LFQ,,Linfen Qiaoli Airport[2],"Linfen, Shanxi, China",UTC+08:00
LFR,SVLF,La Fría Airport,"La Fría, Venezuela",UTC−04:00
LFT,KLFT,Lafayette Regional Airport,"Lafayette, Louisiana, United States",UTC−06:00
LFW,DXXX,Lomé–Tokoin Airport (Gnassingbé Eyadéma Int'l),"Lomé, Togo",UTC±00:00
LGA,KLGA,LaGuardia Airport,"New York City, New York, United States",UTC−05:00
LGB,KLGB,Long Beach Airport,"Long Beach, California, United States",UTC−08:00
LGC,KLGC,LaGrange Callaway Airport,"LaGrange, Georgia, United States",UTC−05:00
LGD,KLGD,La Grande/Union County Airport,"La Grande, Oregon, United States",UTC−08:00
LGE,,Lake Gregory Airport,"Lake Gregory, Western Australia, Australia",UTC+08:00
LGF,KLGF,Laguna Army Airfield,"Yuma Proving Ground, Arizona, United States",UTC−07:00
LGG,EBLG,Liège Airport,"Liège, Belgium",UTC+01:00
LGH,YLEC,Leigh Creek Airport,"Leigh Creek, South Australia, Australia",UTC+09:30
LGI,MYLD,Deadman's Cay Airport,"Deadman's Cay, Long Island, Bahamas",UTC−05:00
LGK,WMKL,Langkawi International Airport,"Langkawi, Kedah, Malaysia",UTC+08:00
LGL,WBGF,Long Lellang Airport,"Long Lellang, Sarawak, Malaysia",UTC+08:00
LGM,,Laiagam Airport,"Laiagam, Papua New Guinea",UTC+10:00
LGN,,Linga Linga Airport,"Linga Linga, Papua New Guinea",UTC+10:00
LGO,EDWL,Langeoog Airport,"Langeoog, Lower Saxony, Germany",UTC+01:00
LGQ,SENL,Lago Agrio Airport,"Nueva Loja (Lago Agrio), Ecuador",UTC−05:00
LGR,SCHR,Cochrane Airfield,"Cochrane, Chile",UTC−04:00
LGS,SAMM,Comodoro D. Ricardo Salomón Airport,"Malargüe, Mendoza, Argentina",UTC−03:00
LGT,SKGA,Las Gaviotas Airport,"Gaviotas, Colombia",UTC−05:00
LGU,KLGU,Logan-Cache Airport,"Logan, Utah, United States",UTC−07:00
LGW,EGKK,Gatwick Airport,"London, England, United Kingdom",UTC±00:00
LGX,HCMJ,Lugh Ganane Airport,"Lugh Ganane (Luuq), Somalia",UTC+03:00
LGY,,Lagunillas Airport,"Lagunillas, Venezuela",UTC−04:00
LHA,EDTL,Flughafen Lahr (Lahr Airport),"Lahr, Baden-Württemberg, Germany",UTC+01:00
LHE,OPLA,Allama Iqbal International Airport,"Lahore, Pakistan",UTC+05:00
LHG,YLRD,Lightning Ridge Airport,"Lightning Ridge, New South Wales, Australia",UTC+10:00
LHI,WAJL,Lereh Airport,"Lereh, Indonesia",UTC+09:00
LHK,ZHGH,Laohekou Airport,"Laohekou, Hubei, China",UTC+08:00
LHP,,Lehu Airport,"Lehu, Papua New Guinea",UTC+11:00
LHR,EGLL,Heathrow Airport,"London, England, United Kingdom",UTC±00:00
LHS,SAVH,Las Heras Airport,"Las Heras, Santa Cruz, Argentina",UTC−03:00
LHU,FYLS[3],Lianshulu Airport,"Lianshulu, Namibia",UTC+01:00
LHV,KLHV,William T. Piper Memorial Airport,"Lock Haven, Pennsylvania, United States",UTC−05:00
LHW,ZLLL,Lanzhou Zhongchuan International Airport,"Lanzhou, Gansu, China",UTC+08:00
LIA,ZULP,Liangping Airport,"Liangping, Chongqing, China",UTC+08:00
LIB,,Limbunya Airport,"Limbunya Station, Northern Territory, Australia",UTC+09:30
LIC,KLIC,Limon Municipal Airport,"Limon, Colorado, United States",UTC−07:00
LIE,FZFA,Libenge Airport,"Libenge, Democratic Republic of the Congo",UTC+01:00
LIF,NWWL,Ouanaham Airport,"Lifou, Loyalty Islands, New Caledonia",UTC+11:00
LIG,LFBL,Limoges – Bellegarde Airport,"Limoges, Limousin, France",UTC+01:00
LIH,PHLI,Lihue Airport,"Lihue, Hawaii, United States",UTC−10:00
LII,WAJM,Mulia Airport,"Mulia, Indonesia",UTC+09:00
LIK,,Likiep Airport,"Likiep Atoll, Marshall Islands",UTC+12:00
LIL,LFQQ,Lille Airport (Lille–Lesquin Airport),"Lille, Nord-Pas-de-Calais, France",UTC+01:00
LIM,SPJC,Jorge Chávez International Airport,"Lima, Peru",UTC−05:00
LIN,LIML,Linate Airport,"Milan, Lombardy, Italy",UTC+01:00
LIO,MRLM,Limón International Airport,"Limón, Costa Rica",UTC−06:00
LIP,SBLN,Lins Airport,"Lins, São Paulo, Brazil",UTC−03:00
LIQ,FZGA,Lisala Airport,"Lisala, Democratic Republic of the Congo",UTC+01:00
LIR,MRLB,Daniel Oduber Quirós International Airport,"Liberia, Costa Rica",UTC−06:00
LIS,LPPT,Lisbon Portela Airport,"Lisbon, Portugal",UTC±00:00
LIT,KLIT,Clinton National Airport (Adams Field),"Little Rock, Arkansas, United States",UTC−06:00
LIV,,Livengood Camp Airport (FAA: 4AK),"Livengood, Alaska, United States",UTC−09:00
LIW,VYLK,Loikaw Airport,"Loikaw, Myanmar",UTC+06:30
LIX,FWLK,Likoma Airport,"Likoma Island, Malawi",UTC+02:00
LIY,KLHW,MidCoast Regional Airport at Wright Army Airfield (FAA: LHW),"Fort Stewart / Hinesville, Georgia, United States",UTC−05:00
LIZ,,Loring International Airport (FAA: ME16),"Limestone, Maine, United States",UTC−05:00
LJA,FZVA,Lodja Airport,"Lodja, Democratic Republic of the Congo",UTC+02:00
LJG,ZPLJ,Lijiang Sanyi Airport,"Lijiang, Yunnan, China",UTC+08:00
LJN,KLBX,Texas Gulf Coast Regional Airport (FAA: LBX),"Angleton / Lake Jackson, Texas, United States",UTC−06:00
LJU,LJLJ,Ljubljana Jože Pučnik Airport (Brnik Airport),"Ljubljana, Slovenia",UTC+01:00
LKA,WATL[4],Gewayantana Airport,"Larantuka, Indonesia",UTC+08:00
LKB,NFNK,Lakeba Airport,"Lakeba Island, Fiji",UTC+12:00
LKC,,Lekana Airport,"Lekana, Republic of the Congo",UTC+01:00
LKD,YLND,Lakeland Downs Airport,"Lakeland Downs, Queensland, Australia",UTC+10:00
LKE,,Kenmore Air Harbor Seaplane Base (Seattle Lake Union SPB) (FAA: W55),"Seattle, Washington, United States",UTC−08:00
LKG,HKLK,Lokichogio Airport,"Lokichogio, Kenya",UTC+03:00
LKH,WBGL,Long Akah Airport[2],"Long Akah, Sarawak, Malaysia",UTC+08:00
LKI,WITG,Lasikin Airport,"Sinabang, Aceh, Indonesia",UTC+07:00
LKK,PAKL,Kulik Lake Airport,"Kulik Lake, Alaska, United States",UTC−09:00
LKL,ENNA,"Lakselv Airport, Banak","Lakselv, Norway",UTC+01:00
LKN,ENLK,Leknes Airport,"Leknes, Norway",UTC+01:00
LKO,VILK,Chaudhary Charan Singh International Airport,"Lucknow, Uttar Pradesh, India",UTC+05:30
LKP,KLKP,Lake Placid Airport,"Lake Placid, New York, United States",UTC−05:00
LKR,,Las Khorey Airport,"Las Khorey (Laasqoray), Somalia",UTC+03:00
LKU,,Lake Turkana Airport,"Lake Turkana, Kenya",UTC+03:00
LKV,KLKV,Lake County Airport,"Lakeview, Oregon, United States",UTC−08:00
LKW,OOLK,Lekhwair Airport[2],"Lekhwair, Oman",UTC+04:00
LKY,HTLM,Lake Manyara Airport,"Lake Manyara, Tanzania",UTC+03:00
LKZ,EGUL,RAF Lakenheath,"Brandon, England, United Kingdom",UTC±00:00
LLA,ESPA,Luleå/Kallax Airport,"Luleå, Sweden",UTC+01:00
LLB,ZULB,Libo Airport (Qiannan Airport),"Libo, Guizhou, China",UTC+08:00
LLC,RPLH,Cagayan North International Airport (Lal-lo Airport),"Lal-lo, Philippines",UTC+08:00
LLE,FAMN,Malelane Airport,"Malalane, South Africa",UTC+02:00
LLF,ZGLG,Yongzhou Lingling Airport,"Yongzhou, Hunan, China",UTC+08:00
LLG,YCGO,Chillagoe Airport,"Chillagoe, Queensland, Australia",UTC+10:00
LLH,,Las Limas Airport,"Las Limas, Honduras",UTC−06:00
LLI,HALL,Lalibela Airport,"Lalibela, Ethiopia",UTC+03:00
LLJ,WIPB,Silampari Airport,"Lubuklinggau, South Sumatra, Indonesia",UTC+09:00
LLK,UBBL,Lankaran International Airport,"Lankaran, Azerbaijan",UTC+04:00
LLL,,Lissadell Airport,"Lissadell, Western Australia, Australia",UTC+08:00
LLM,,Lomlom Airport,"Lomlom, Reef Islands, Solomon Islands",
LLN,WAJV,Kelila Airport,"Kelila, Indonesia",UTC+09:00
LLO,,Palopo Lagaligo Airport,"Palopo, Indonesia",UTC+08:00
LLP,,Linda Downs Airport,"Linda Downs, Queensland, Australia",UTC+10:00
LLS,SATK,Alférez Armando Rodríguez Airport,"Las Lomitas, Formosa, Argentina",UTC−03:00
LLT,FNLB,Lobito Airport[2],"Lobito, Angola",UTC+01:00
LLV,ZBLL,Lüliang Airport,"Lüliang, Shanxi, China",UTC+08:00
LLW,FWKI,Lilongwe International Airport (Kamuzu Int'l),"Lilongwe, Malawi",UTC+02:00
LLX,KCDA,Caledonia County Airport (FAA: CDA),"Lyndonville, Vermont, United States",UTC−05:00
LLY,KVAY,South Jersey Regional Airport (FAA: VAY),"Mount Holly, New Jersey, United States",UTC−05:00
LMA,PAMH,Lake Minchumina Airport (FAA: MHM),"Lake Minchumina, Alaska, United States",UTC−09:00
LMB,FWSM,Salima Airport,"Salima, Malawi",UTC+02:00
LMC,SKNA,La Macarena Airport,"La Macarena, Colombia",UTC−05:00
LMD,,Los Menucos Airport,"Los Menucos, Río Negro, Argentina",UTC−03:00
LME,LFRM,Le Mans Arnage Airport,"Le Mans, Pays de la Loire, France",UTC+01:00
LMG,,Lamassa Airport,"Lamassa, Papua New Guinea",UTC+10:00
LMH,,Limón Airport,"Limón, Honduras",UTC−06:00
LMI,,Lumi Airport,"Lumi, Papua New Guinea",UTC+10:00
LML,,Lae Airport,"Lae Atoll, Marshall Islands",UTC+12:00
LMM,MMLM,Fort Valley Federal International Airport,"Los Mochis, Sinaloa, Mexico",UTC−07:00
LMN,WBGJ,Limbang Airport,"Limbang, Sarawak, Malaysia",UTC+08:00
LMO,EGQS,RAF Lossiemouth,"Lossiemouth, Scotland, United Kingdom",UTC±00:00
LMP,LICD,Lampedusa Airport,"Lampedusa, Sicily, Italy",UTC+01:00
LMQ,HLMB,Marsa Brega Airport,"Brega, Libya",UTC+02:00
LMR,FALC,Finsch Mine Airport,"Lime Acres, South Africa",UTC+02:00
LMS,KLMS,Louisville Winston County Airport,"Louisville, Mississippi, United States",UTC−06:00
LMT,KLMT,Klamath Falls Airport,"Klamath Falls, Oregon, United States",UTC−08:00
LMU,WIDL,Letung Airport,"Anambas Islands, Riau Islands, Indonesia",UTC+09:00
LMV,,Madivaru Airport,"Madivaru, Lhaviyani Atoll, Maldives",UTC+05:00
LMX,,Lopéz de Micay Airport,"El Trapiche, Colombia",UTC−05:00
LMY,,Lake Murray Airport,"Lake Murray, Papua New Guinea",UTC+10:00
LMZ,,Palma Airport,"Palma, Mozambique",UTC+02:00
LNA,KLNA,Palm Beach County Park Airport,"West Palm Beach, Florida, United States",UTC−05:00
LNB,NVSM,Lamen Bay Airport,"Lamen Bay, Epi Island, Shefa Province, Vanuatu",UTC+11:00
LNC,,Lengbati Airport,"Lengbati, Papua New Guinea",UTC+10:00
LND,KLND,Hunt Field,"Lander, Wyoming, United States",UTC−07:00
LNE,NVSO,Lonorore Airport,"Lonorore, Pentecost Island, Penama Province, Vanuatu",UTC+11:00
LNF,,Munbil Airport,"Munbil, Papua New Guinea",UTC+10:00
LNG,,Lese Airport,"Lese, Papua New Guinea",UTC+10:00
LNH,YLKN,Lake Nash Airport,"Alpurrurulam (Lake Nash), Northern Territory, Australia",UTC+09:30
LNI,PALN,Point Lonely Short Range Radar Site (FAA: AK71),"Lonely, Alaska, United States",UTC−09:00
LNJ,ZPLC,Lincang Airport,"Lincang, Yunnan, China",UTC+08:00
LNK,KLNK,Lincoln Airport,"Lincoln, Nebraska, United States",UTC−06:00
LNL,ZLLN,Longnan Chengzhou Airport,"Longnan, Gansu, China",UTC+08:00
LNM,,Langimar Airport,"Langimar, Papua New Guinea",UTC+10:00
LNN,KLNN,Lost Nation Airport,"Willoughby, Ohio, United States",UTC−05:00
LNO,YLEO,Leonora Airport,"Leonora, Western Australia, Australia",UTC+08:00
LNP,KLNP,Lonesome Pine Airport,"Wise, Virginia, United States",UTC−05:00
LNQ,,Loani Airport,"Loani, Papua New Guinea",UTC+10:00
LNR,KLNR,Tri-County Regional Airport,"Lone Rock, Wisconsin, United States",UTC−06:00
LNS,KLNS,Lancaster Airport,"Lancaster, Pennsylvania, United States",UTC−05:00
LNU,WALM,Robert Atty Bessing Airport,"Malinau, North Kalimantan, Indonesia",UTC+09:00
LNV,AYKY,Lihir Island Airport,"Lihir Island, Papua New Guinea",UTC+10:00
LNX,UUBS,Smolensk South Airport,"Smolensk, Smolensk Oblast, Russia",UTC+03:00
LNY,PHNY,Lanai Airport,"Lanai City, Hawaii, United States",UTC−10:00
LNZ,LOWL,Linz Airport (Blue Danube Airport),"Linz, Austria",UTC+01:00
LOA,YLOR,Lorraine Airport,"Lorraine, Queensland, Australia",UTC+10:00
LOB,SCAN,San Rafael Airport,"Los Andes, Chile",UTC−04:00
LOC,YLOK,Lock Airport,"Lock, South Australia, Australia",UTC+09:30
LOD,NVSG,Longana Airport,"Longana, Aoba Island, Penama Province, Vanuatu",UTC+11:00
LOE,VTUL,Loei Airport,"Loei, Thailand",UTC+07:00
LOF,,Loen Airport,"Loen Island, Namu Atoll, Marshall Islands",UTC+12:00
LOH,SETM,Ciudad de Catamayo Airport,"Loja, Ecuador",UTC−05:00
LOI,SSLN[5],Helmuth Baungartem Airport,"Lontras, Santa Catarina, Brazil",UTC−03:00
LOK,HKLO,Lodwar Airport,"Lodwar, Kenya",UTC+03:00
LOL,KLOL,Derby Field,"Lovelock, Nevada, United States",UTC−08:00
LOM,,Francisco Primo de Verdad National Airport,"Lagos de Moreno, Jalisco, Mexico",UTC−06:00
LON[2],,metropolitan area3,"London, England, United Kingdom",UTC±00:00
LOO,DAUL,L'Mekrareg Airport (Laghouat Airport),"Laghouat, Algeria",UTC+01:00
LOP,WADL,Lombok International Airport,"Praya, Indonesia",UTC+08:00
LOQ,FBLO,Lobatse Airport,"Lobatse, Botswana",UTC+02:00
LOS,DNMM,Murtala Muhammed International Airport,"Lagos, Nigeria",UTC+01:00
LOT,KLOT,Lewis University Airport,"Romeoville, Illinois, United States",UTC−06:00
LOU,KLOU,Bowman Field,"Louisville, Kentucky, United States",UTC−05:00
LOV,MMMV,Venustiano Carranza International Airport,"Monclova, Coahuila, Mexico",UTC−06:00
LOW,KLKU,Louisa County Airport (Freeman Field) (FAA: LKU),"Louisa, Virginia, United States",UTC−05:00
LOX,,Los Tablones Airport,"Los Tablones, Guatemala",UTC−06:00
LOY,HKLY,Loiyangalani Airport,"Loiyangalani, Kenya",UTC+03:00
LOZ,KLOZ,London-Corbin Airport (Magee Field),"London, Kentucky, United States",UTC−05:00
LPA,GCLP,Gran Canaria Airport,"Gran Canaria, Canary Islands, Spain",UTC±00:00
LPB,SLLP,El Alto International Airport,"La Paz, Bolivia",UTC−04:00
LPC,KLPC,Lompoc Airport,"Lompoc, California, United States",UTC−08:00
LPD,SKLP,La Pedrera Airport,"La Pedrera, Colombia",UTC−05:00
LPE,SKIM,La Primavera Airport,"La Primavera, Colombia",UTC−05:00
LPF,ZUPS,Liupanshui Yuezhao Airport[2],"Liupanshui, Guizhou, China",UTC+08:00
LPG,SADL,La Plata Airport,"La Plata, Buenos Aires, Argentina",UTC−03:00
LPI,ESSL,Linköping/Saab Airport,"Linköping, Sweden",UTC+01:00
LPJ,SVAS,Armando Schwarck Airport,"Los Pijiguaos, Venezuela",UTC−04:00
LPK,UUOL,Lipetsk Airport,"Lipetsk, Lipetsk Oblast, Russia",UTC+03:00
LPL,EGGP,Liverpool John Lennon Airport,"Liverpool, England, United Kingdom",UTC±00:00
LPM,NVSL,Malekoula Airport (Lamap Airport),"Lamap, Malampa, Vanuatu",UTC+11:00
LPN,,Leron Plains Airport[2],"Leron Plains, Papua New Guinea",UTC+10:00
LPO,KPPO,La Porte Municipal Airport (FAA: PPO),"La Porte, Indiana, United States",UTC−06:00
LPP,EFLP,Lappeenranta Airport,"Lappeenranta, Finland",UTC+02:00
LPQ,VLLB,Luang Prabang International Airport,"Luang Prabang, Laos",UTC+07:00
LPS,,Fishermans Bay/LPS Seaplane Base,"Lopez Island, Washington, United States",UTC−08:00
LPT,VTCL,Lampang Airport,"Lampang, Thailand",UTC+07:00
LPU,WRLP,Long Apung Airport,"Long Apung, Indonesia",UTC+08:00
LPX,EVLA,Liepāja International Airport,"Liepāja, Latvia",UTC+02:00
LPY,LFHP,Le Puy – Loudes Airport,"Le Puy-en-Velay, Auvergne, France",UTC+01:00
LQK,KLQK,Pickens County Airport,"Pickens, South Carolina, United States",UTC−05:00
LQM,SKLG,Caucayá Airport,"Puerto Leguízamo, Colombia",UTC−05:00
LQN,OAQN,Qala i Naw Airport,"Qala i Naw, Afghanistan",UTC+04:30
LRA,LGLR,Larissa National Airport,"Larissa, Greece",UTC+02:00
LRB,FXLR,Leribe Airport,"Leribe (Hlotse), Lesotho",UTC+02:00
LRD,KLRD,Laredo International Airport,"Laredo, Texas, United States",UTC−06:00
LRE,YLRE,Longreach Airport,"Longreach, Queensland, Australia",UTC+10:00
LRF,KLRF,Little Rock Air Force Base,"Jacksonville, Arkansas, United States",UTC−06:00
LRG,OPLL,Loralai Airport,"Loralai, Pakistan",UTC+05:00
LRH,LFBH,La Rochelle – Île de Ré Airport,"La Rochelle, Poitou-Charentes, France",UTC+01:00
LRI,,Lorica Airport,"Lorica, Colombia",UTC−05:00
LRJ,KLRJ,Le Mars Municipal Airport,"Le Mars, Iowa, United States",UTC−06:00
LRL,DXNG,Niamtougou International Airport,"Niamtougou, Togo",UTC±00:00
LRM,MDLR,La Romana International Airport (Casa de Campo International Airport),"La Romana, Dominican Republic",UTC−04:00
LRQ,,Laurie River Airport,"Laurie River, Manitoba, Canada",UTC−06:00
LRR,OISL,Larestan International Airport,"Lar, Iran",UTC+03:30
LRS,LGLE,Leros Municipal Airport,"Leros, Greece",UTC+02:00
LRT,LFRH,Lorient South Brittany Airport (Lann-Bihoué Airport),"Lorient, Brittany, France",UTC+01:00
LRU,KLRU,Las Cruces International Airport,"Las Cruces, New Mexico, United States",UTC−07:00
LRV,SVRS,Los Roques Airport,"Los Roques, Venezuela",UTC−04:00
LSA,AYKA,Losuia Airport,"Kiriwina Island, Papua New Guinea",UTC+10:00
LSB,KLSB,Lordsburg Municipal Airport,"Lordsburg, New Mexico, United States",UTC−07:00
LSC,SCSE,La Florida Airport,"La Serena, Chile",UTC−04:00
LSE,KLSE,La Crosse Regional Airport,"La Crosse, Wisconsin, United States",UTC−06:00
LSF,KLSF,Lawson Army Airfield,"Fort Benning / Columbus, Georgia, United States",UTC−05:00
LSH,VYLS,Lashio Airport,"Lashio, Myanmar",UTC+06:30
LSI,EGPB,Sumburgh Airport,"Shetland Islands, Scotland, United Kingdom",UTC±00:00
LSJ,,Long Island Airport,"Long Island, Papua New Guinea",UTC+10:00
LSK,KLSK,Lusk Municipal Airport,"Lusk, Wyoming, United States",UTC−07:00
LSL,MRLC,Los Chiles Airport,"Los Chiles, Costa Rica",UTC−06:00
LSM,WBGD,Long Semado Airport,"Long Semado, Sarawak, Malaysia",UTC+08:00
LSN,KLSN,Los Banos Municipal Airport,"Los Banos, California, United States",UTC−08:00
LSO,LFOO,Les Sables-d'Olonne – Talmont Airport,"Les Sables-d'Olonne, Pays de la Loire, France",UTC+01:00
LSP,SVJC,Josefa Camejo International Airport,"Punto Fijo, Venezuela",UTC−04:00
LSQ,SCGE,Maria Dolores Airport,"Los Ángeles, Chile",UTC−04:00
LSS,TFFS,Les Saintes Airport,"Terre-de-Haut Island, Îles des Saintes, Guadeloupe",UTC−04:00
LST,YMLT,Launceston Airport,"Launceston, Tasmania, Australia",UTC+10:00
LSU,WBGU,Long Sukang Airport,"Long Sukang, Sarawak, Malaysia",UTC+08:00
LSV,KLSV,Nellis Air Force Base,"Las Vegas, Nevada, United States",UTC−08:00
LSW,WITM,Malikus Saleh Airport,"Lhokseumawe, Indonesia",UTC+07:00
LSX,WITL,Lhok Sukon Airport,"Lhoksukon, Indonesia",UTC+07:00
LSY,YLIS,Lismore Airport,"Lismore, New South Wales, Australia",UTC+10:00
LSZ,LDLO,Lošinj Airport,"Lošinj, Croatia",UTC+01:00
LTA,FATZ,Tzaneen Airport (Letaba Airport),"Tzaneen, South Africa",UTC+02:00
LTB,,Latrobe Airport,"Latrobe, Tasmania, Australia",UTC+10:00
LTC,FTTH,Laï Airport,"Laï, Chad",UTC+01:00
LTD,HLTD,Ghadames Airport,"Ghadames, Libya",UTC+02:00
LTF,,Leitre Airport,"Leitre, Papua New Guinea",UTC+10:00
LTG,VNLT,Langtang Airport,"Langtang, Nepal",UTC+05:45
LTI,ZMAT,Altai Airport,"Altai, Mongolia",UTC+08:00
LTK,OSLK,Bassel Al-Assad International Airport,"Latakia, Syria",UTC+02:00
LTL,FOOR,Lastourville Airport,"Lastoursville, Gabon",UTC+01:00
LTM,SYLT,Lethem Airport,"Lethem, Guyana",UTC−04:00
LTN,EGGW,Luton Airport,"London, England, United Kingdom",UTC±00:00
LTO,MMLT,Loreto International Airport,"Loreto, Baja California Sur, Mexico",UTC−07:00
LTP,YLHS,Lyndhurst Airport,"Lyndhurst, Queensland, Australia",UTC+10:00
LTQ,LFAT,Le Touquet – Côte d'Opale Airport,"Le Touquet-Paris-Plage, Nord-Pas-de-Calais, France",UTC+01:00
LTR,EILT,Letterkenny Airfield,"Letterkenny, Ireland",UTC±00:00
LTS,KLTS,Altus Air Force Base,"Altus, Oklahoma, United States",UTC−06:00
LTT,LFTZ,La Môle – Saint-Tropez Airport,"Saint-Tropez, Provence-Alpes-Côte d'Azur, France",UTC+01:00
LTU,VALT,Latur Airport,"Latur, Maharashtra, India",UTC+05:30
LTV,YLOV,Lotus Vale Station Airport,"Lotus Vale Station, Queensland, Australia",UTC+10:00
LTW,,St. Mary's County Regional Airport (FAA: 2W6)(Captain Walter Francis Duke Regional Airport),"Leonardtown, Maryland, United States",UTC−05:00
LTX,,Cotopaxi International Airport,"Latacunga, Ecuador",UTC−05:00
LUA,VNLK,Tenzing-Hillary Airport,"Lukla, Nepal",UTC+05:45
LUB,SYLP,Lumid Pau Airport,"Lumid Pau, Guyana",UTC−04:00
LUC,NFNH,Laucala Airport,"Laucala Island, Fiji",UTC+12:00
LUD,FYLZ,Lüderitz Airport,"Lüderitz, Namibia",UTC+01:00
LUE,LZLU,Boľkovce Airport,"Lučenec, Slovakia",UTC+01:00
LUF,KLUF,Luke Air Force Base,"Glendale, Arizona, United States",UTC−07:00
LUG,LSZA,Lugano Airport,"Lugano, Switzerland",UTC+01:00
LUH,VILD,Sahnewal Airport (Ludhiana Airport),"Ludhiana, Punjab, India",UTC+05:30
LUI,,La Unión Airport,"La Unión, Honduras",UTC−06:00
LUK,KLUK,Cincinnati Municipal Airport (Lunken Field),"Cincinnati, Ohio, United States",UTC−05:00
LUL,KLUL,Hesler-Noble Field,"Laurel, Mississippi, United States",UTC−06:00
LUM,ZPMS,Dehong Mangshi Airport,"Mangshi, Yunnan, China",UTC+08:00
LUN,FLLS,Kenneth Kaunda International Airport,"Lusaka, Zambia",UTC+02:00
LUO,FNUE,Luena Airport,"Luena, Angola",UTC+01:00
LUP,PHLU,Kalaupapa Airport,"Kalaupapa, Hawaii, United States",UTC−10:00
LUQ,SAOU,Brigadier Mayor César Raúl Ojeda Airport,"San Luis, San Luis, Argentina",UTC−03:00
LUR,PALU,Cape Lisburne LRRS Airport,"Cape Lisburne, Alaska, United States",UTC−09:00
LUS,FZCE,Lusanga Airport,"Lusanga, Democratic Republic of the Congo",UTC+01:00
LUT,YLRS,New Laura Airport,"New Laura, Queensland, Australia",UTC+10:00
LUU,YLRA,Laura Airport,"Laura, Queensland, Australia",UTC+10:00
LUV,WAPL,Karel Sadsuitubun Airport,"Langgur, Indonesia",UTC+09:00
LUW,WAMW,Syukuran Aminuddin Amir Airport,"Luwuk, Indonesia",UTC+08:00
LUX,ELLX,Luxembourg Findel Airport,"Luxembourg, Luxembourg",UTC+01:00
LUZ,EPLB,Lublin Airport,"Lublin, Poland",UTC+01:00
LVA,LFOV,Laval Entrammes Airport,"Laval, Pays de la Loire, France",UTC+01:00
LVB,SSLI,Galpões Airport,"Santana do Livramento, Rio Grande do Sul, Brazil",UTC−03:00
LVD,,Lime Village Airport (FAA: 2AK),"Lime Village, Alaska, United States",UTC−09:00
LVI,FLLI,Harry Mwanga Nkumbula International Airport,"Livingstone, Zambia",UTC+02:00
LVK,KLVK,Livermore Municipal Airport,"Livermore, California, United States",UTC−08:00
LVL,KLVL,Lawrenceville/Brunswick Municipal Airport,"Lawrenceville, Virginia, United States",UTC−05:00
LVM,KLVM,Mission Field,"Livingston, Montana, United States",UTC−07:00
LVO,YLTN,Laverton Airport,"Laverton, Western Australia, Australia",UTC+08:00
LVP,OIBV,Lavan Airport,"Lavan Island, Iran",UTC+03:30
LVR,SILC,Bom Futuro Municipal Airport[2],"Lucas do Rio Verde, Mato Grosso, Brazil",UTC−04:00
LVS,KLVS,Las Vegas Municipal Airport,"Las Vegas, New Mexico, United States",UTC−07:00
LWA,,Lebak Airport,"Lebak, Philippines",UTC+08:00
LWB,KLWB,Greenbrier Valley Airport,"Lewisburg, West Virginia, United States",UTC−05:00
LWC,KLWC,Lawrence Municipal Airport,"Lawrence, Kansas, United States",UTC−06:00
LWE,WATW,Wonopito Airport,"Lewoleba, Indonesia",UTC+08:00
LWH,YLAH,Lawn Hill Airport,"Lawn Hill, Queensland, Australia",UTC+10:00
LWI,,Lowai Airport,"Lowai, Papua New Guinea",UTC+10:00
LWK,EGET,Tingwall Airport (Lerwick/Tingwall Airport),"Lerwick, Scotland, United Kingdom",UTC±00:00
LWL,KLWL,Wells Municipal Airport (Harriet Field),"Wells, Nevada, United States",UTC−08:00
LWM,KLWM,Lawrence Municipal Airport,"Lawrence, Massachusetts, United States",UTC−05:00
LWN,UDSG,Shirak Airport,"Gyumri, Armenia",UTC+04:00
LWO,UKLL,Lviv Danylo Halytskyi International Airport,"Lviv, Ukraine",UTC+02:00
LWR,EHLW,Leeuwarden Air Base,"Leeuwarden, Netherlands",UTC+01:00
LWS,KLWS,Lewiston–Nez Perce County Airport,"Lewiston, Idaho, United States",UTC−08:00
LWT,KLWT,Lewistown Municipal Airport,"Lewistown, Montana, United States",UTC−07:00
LWV,KLWV,Lawrenceville–Vincennes International Airport,"Lawrenceville, Illinois, United States",UTC−06:00
LWY,WBGW,Lawas Airport,"Lawas, Sarawak, Malaysia",UTC+08:00
LXA,ZULS,Lhasa Gonggar Airport,"Lhasa, Tibet, China",UTC+06:00
LXG,VLLN,Louang Namtha Airport,"Luang Namtha, Laos",UTC+07:00
LXN,KLXN,Jim Kelly Field,"Lexington, Nebraska, United States",UTC−06:00
LXR,HELX,Luxor International Airport,"Luxor, Egypt",UTC+02:00
LXS,LGLM,Lemnos International Airport,"Lemnos (Limnos), Greece",UTC+02:00
LXU,FLLK,Lukulu Airport,"Lukulu, Zambia",UTC+02:00
LXV,KLXV,Lake County Airport,"Leadville, Colorado, United States",UTC−07:00
LYA,ZHLY,Luoyang Beijiao Airport,"Luoyang, Henan, China",UTC+08:00
LYB,MWCL,Edward Bodden Airfield,"Little Cayman, British Overseas Territory of Cayman Islands",UTC−05:00
LYC,ESNL,Lycksele Airport,"Lycksele, Sweden",UTC+01:00
LYE,EGDL,RAF Lyneham,"Lyneham, England, United Kingdom",UTC±00:00
LYG,ZSLG,Lianyungang Baitabu Airport,"Lianyungang, Jiangsu, China",UTC+08:00
LYH,KLYH,Lynchburg Regional Airport (Preston Glenn Field),"Lynchburg, Virginia, United States",UTC−05:00
LYI,ZSLY,Linyi Qiyang Airport (formerly Linyi Shubuling Airport),"Linyi, Shandong, China",UTC+08:00
LYK,,Lunyuk Airport,"Lunyuk, Indonesia",UTC+08:00
LYN,LFLY,Lyon–Bron Airport,"Lyon, Rhône-Alpes, France",UTC+01:00
LYO,KLYO,Lyons–Rice County Municipal Airport,"Lyons, Kansas, United States",UTC−06:00
LYP,OPFA,Faisalabad International Airport,"Faisalabad, Pakistan",UTC+05:00
LYR,ENSB,"Svalbard Airport, Longyear","Longyearbyen, Svalbard, Norway",UTC±00:00
LYS,LFLL,Lyon–Saint-Exupéry Airport,"Lyon, Rhône-Alpes, France",UTC+01:00
LYT,,Lady Elliot Island Airport,"Lady Elliot Island, Queensland, Australia",UTC+10:00
LYU,KELO,Ely Municipal Airport (FAA: ELO),"Ely, Minnesota, United States",UTC−06:00
LYX,EGMD,Lydd Airport (London Ashford Airport),"Lydd, England, United Kingdom",UTC±00:00
LZA,FZUG,Luiza Airport,"Luiza, Democratic Republic of the Congo",UTC+02:00
LZC,MMLC,Lázaro Cárdenas Airport,"Lázaro Cárdenas, Michoacán, Mexico",UTC−06:00
LZH,ZGZH,Liuzhou Bailian Airport,"Liuzhou, Guangxi, China",UTC+08:00
LZI,FZAL,Luozi Airport,"Luozi, Democratic Republic of the Congo",UTC+01:00
LZM,FNLZ,Cuango-Luzamba Airport,"Cuango (Luzamba), Angola",UTC+01:00
LZN,RCFG,Matsu Nangan Airport,"Nangan, Taiwan",UTC+08:00
LZO,ZULZ,Luzhou Yunlong Airport,"Luzhou, Sichuan, China",UTC+08:00
LZR,YLZI,Lizard Island Airport,"Lizard Island, Queensland, Australia",UTC+10:00
LZU,KLZU,Gwinnett County Airport[2] (Briscoe Field),"LaGrange, Georgia, United States",UTC−05:00
LZY,ZUNZ,Nyingchi Mainling Airport,"Nyingchi (Linzhi), Tibet, China",UTC+06:00
MAA,VOMM,Chennai International Airport,"Chennai, Tamil Nadu, India",UTC+05:30
MAB,SBMA,João Correa da Rocha Airport,"Marabá, Pará, Brazil",UTC−03:00
MAC,KMAC,Macon Downtown Airport,"Macon, Georgia, United States",UTC−05:00
MAD,LEMD,Adolfo Suárez Madrid–Barajas Airport,"Madrid, Spain",UTC+01:00
MAE,KMAE,Madera Municipal Airport,"Madera, California, United States",UTC−08:00
MAF,KMAF,Midland International Air and Space Port,"Midland, Texas, United States",UTC−06:00
MAG,AYMD,Madang Airport,"Madang, Papua New Guinea",UTC+10:00
MAH,LEMH,Menorca Airport (Mahón Airport),"Menorca, Balearic Islands, Spain",UTC+01:00
MAI,FWMG,Mangochi Airport,"Mangochi, Malawi",UTC+02:00
MAJ,PKMJ,Marshall Islands International Airport (Amata Kabua Int'l),"Majuro, Marshall Islands",UTC+12:00
MAK,HSSM,Malakal Airport,"Malakal, South Sudan",UTC+03:00
MAL,WAPE,Mangole Airport,"Mangole Island, Indonesia",UTC+09:00
MAM,MMMA,General Servando Canales International Airport,"Matamoros, Tamaulipas, Mexico",UTC−06:00
MAN,EGCC,Manchester Airport,"Manchester, England, United Kingdom",UTC±00:00
MAO,SBEG,Eduardo Gomes International Airport,"Manaus, Amazonas, Brazil",UTC−04:00
MAP,,Mamai Airport,"Mamai, Papua New Guinea",UTC+10:00
MAQ,VTPM,Mae Sot Airport,"Mae Sot, Thailand",UTC+07:00
MAR,SVMC,La Chinita International Airport,"Maracaibo, Venezuela",UTC−04:00
MAS,AYMO,Momote Airport,"Manus Island, Papua New Guinea",UTC+10:00
MAT,FZAM,Matadi Tshimpi Airport,"Matadi, Democratic Republic of the Congo",UTC+01:00
MAU,NTTP,Maupiti Airport,"Maupiti, Leeward Islands, French Polynesia",UTC−10:00
MAV,,Maloelap Airport (FAA: 3N1),"Taroa Island, Maloelap Atoll, Marshall Islands",UTC+12:00
MAW,KMAW,Malden Regional Airport,"Malden, Missouri, United States",UTC−06:00
MAX,GOSM,Ouro Sogui Airport,"Matam, Senegal",UTC±00:00
MAY,MYAB,Clarence A. Bain Airport,"Mangrove Cay, Andros Island, Bahamas",UTC−05:00
MAZ,TJMZ,Eugenio María de Hostos Airport,"Mayagüez, Puerto Rico, United States",UTC−04:00
MBA,HKMO,Moi International Airport,"Mombasa, Kenya",UTC+03:00
MBB,YMBL,Marble Bar Airport,"Marble Bar, Western Australia, Australia",UTC+08:00
MBC,FOGG,Mbigou Airport,"Mbigou, Gabon",UTC+01:00
MBD,FAMM,Mahikeng Airport (Mmabatho Airport),"Mmabatho, South Africa",UTC+02:00
MBE,RJEB,Monbetsu Airport,"Monbetsu, Hokkaido, Hokkaido, Japan",UTC+09:00
MBF,YPOK,Porepunkah Airfield,"Mount Buffalo, Victoria, Australia",UTC+10:00
MBG,KMBG,Mobridge Municipal Airport,"Mobridge, South Dakota, United States",UTC−06:00
MBH,YMYB,Maryborough Airport,"Maryborough, Queensland, Australia",UTC+10:00
MBI,HTMB,Mbeya Airport,"Mbeya, Tanzania",UTC+03:00
MBJ,MKJS,Sangster International Airport,"Montego Bay, Jamaica",UTC−05:00
MBK,SWXM,Orlando Villas-Bôas Regional Airport,"Matupá, Mato Grosso, Brazil",UTC−04:00
MBL,KMBL,Manistee County Blacker Airport,"Manistee, Michigan, United States",UTC−05:00
MBM,,Mkambati Airport[1],"Mkambati, South Africa",UTC+02:00
MBN,,Mount Barnett Airport,"Mount Barnett, Western Australia, Australia",UTC+08:00
MBO,RPUM,Mamburao Airport,"Mamburao, Philippines",UTC+08:00
MBP,SPBB,Moyobamba Airport,"Moyobamba, Peru",UTC−05:00
MBQ,HUMA,Mbarara Airport,"Mbarara, Uganda",UTC+03:00
MBR,GQNU,M'Bout Airport,"M'Bout, Mauritania",UTC±00:00
MBS,KMBS,MBS International Airport,"Saginaw / Midland / Bay City, Michigan, United States",UTC−05:00
MBT,RPVJ,Moises R. Espinosa Airport (Masbate Airport),"Masbate, Philippines",UTC+08:00
MBU,AGGI,Mbambanakira Airport,"Mbambanakira, Solomon Islands",UTC+11:00
MBV,,Masa Airport,"Masa, Papua New Guinea",UTC+10:00
MBW,YMMB,Moorabbin Airport,"Melbourne, Victoria, Australia",UTC+10:00
MBX,LJMB,Maribor Edvard Rusjan Airport,"Maribor, Slovenia",UTC+01:00
MBY,KMBY,Omar N. Bradley Airport,"Moberly, Missouri, United States",UTC−06:00
MBZ,SWMW,Maués Airport,"Maués, Amazonas, Brazil",UTC−04:00
MCA,GUMA,Macenta Airport,"Macenta, Guinea",UTC±00:00
MCB,KMCB,McComb–Pike County Airport (John E. Lewis Field),"McComb, Mississippi, United States",UTC−06:00
MCC,KMCC,McClellan Airfield,"Sacramento, California, United States",UTC−08:00
MCD,KMCD,Mackinac Island Airport,"Mackinac Island, Michigan, United States",UTC−05:00
MCE,KMCE,Merced Regional Airport (MacReady Field),"Merced, California, United States",UTC−08:00
MCF,KMCF,MacDill Air Force Base,"Tampa, Florida, United States",UTC−05:00
MCG,PAMC,McGrath Airport,"McGrath, Alaska, United States",UTC−09:00
MCH,SEMH,General Manuel Serrano Airport,"Machala, Ecuador",UTC−05:00
MCI,KMCI,Kansas City International Airport,"Kansas City, Missouri, United States",UTC−06:00
MCJ,SKLM,Jorge Isaacs Airport (La Mina Airport),"Maicao, Colombia",UTC−05:00
MCK,KMCK,McCook Ben Nelson Regional Airport,"McCook, Nebraska, United States",UTC−06:00
MCL,PAIN,McKinley National Park Airport (FAA: INR),"McKinley Park, Alaska, United States",UTC−09:00
MCN,KMCN,Middle Georgia Regional Airport,"Macon, Georgia, United States",UTC−05:00
MCO,KMCO,Orlando International Airport,"Orlando, Florida, United States",UTC−05:00
MCP,SBMQ,Alberto Alcolumbre International Airport,"Macapá, Amapá, Brazil",UTC−03:00
MCQ,LHMC,Miskolc Airport,"Miskolc, Hungary",UTC+01:00
MCS,SARM,Monte Caseros Airport,"Monte Caseros, Corrientes, Argentina",UTC−03:00
MCT,OOMS,Muscat International Airport,"Muscat, Oman",UTC+04:00
MCU,LFBK,Montluçon – Guéret Airport,"Montluçon, Auvergne, France",UTC+01:00
MCV,YMHU,McArthur River Mine Airport,"McArthur River, Northern Territory, Australia",UTC+09:30
MCW,KMCW,Mason City Municipal Airport,"Mason City, Iowa, United States",UTC−06:00
MCX,URML,Uytash Airport,"Makhachkala, Dagestan, Russia",UTC+03:00
MCY,YBSU,Sunshine Coast Airport,"Sunshine Coast, Queensland, Australia",UTC+10:00
MCZ,SBMO,Zumbi dos Palmares International Airport,"Maceió, Alagoas, Brazil",UTC−03:00
MDB,MZML,Melinda Airport,"Melinda, Belize",UTC−06:00
MDC,WAMM,Sam Ratulangi International Airport,"Manado, Indonesia",UTC+08:00
MDD,KMDD,Midland Airpark,"Midland, Texas, United States",UTC−06:00
MDE,SKRG,José María Córdova International Airport,"Medellín, Colombia",UTC−05:00
MDF,KMDZ,Taylor County Airport,"Medford, Wisconsin, United States",UTC−06:00
MDG,ZYMD,Mudanjiang Hailang Airport,"Mudanjiang, Heilongjiang, China",UTC+08:00
MDH,KMDH,Southern Illinois Airport,"Carbondale / Murphysboro, Illinois, United States",UTC−06:00
MDI,DNMK,Makurdi Airport,"Makurdi, Nigeria",UTC+01:00
MDJ,,Madras Municipal Airport (FAA: S33),"Madras, Oregon, United States",UTC−08:00
MDK,FZEA,Mbandaka Airport,"Mbandaka, Democratic Republic of the Congo",UTC+01:00
MDL,VYMD,Mandalay International Airport,"Mandalay, Myanmar",UTC+06:30
MDM,,Munduku Airport,"Munduku, Papua New Guinea",UTC+10:00
MDN,KIMS,Madison Municipal Airport,"Madison, Indiana, United States",UTC−05:00
MDO,PAMD,Middleton Island Airport,"Middleton Island, Alaska, United States",UTC−09:00
MDP,WAKD,Mindiptana Airport,"Mindiptana, Indonesia",UTC+09:00
MDQ,SAZM,Astor Piazzolla International Airport,"Mar del Plata, Buenos Aires, Argentina",UTC−03:00
MDS,MBMC,Middle Caicos Airport,"Middle Caicos, British Overseas Territory of Turks and Caicos Islands",UTC−04:00
MDT,KMDT,Harrisburg International Airport,"Harrisburg, Pennsylvania, United States",UTC−05:00
MDU,AYMN,Mendi Airport,"Mendi, Papua New Guinea",UTC+10:00
MDV,,Médouneu Airport,"Médouneu, Gabon",UTC+01:00
MDW,KMDW,Midway International Airport,"Chicago, Illinois, United States",UTC−06:00
MDX,SATM,Mercedes Airport,"Mercedes, Corrientes, Argentina",UTC−03:00
MDY,PMDY,Henderson Field,"Sand Island, Midway Atoll, United States",UTC−11:00
MDZ,SAME,Gov. Francisco Gabrielli International Airport (El Plumerillo),"Mendoza, Mendoza, Argentina",UTC−03:00
MEA,SBME,Benedito Lacerda Airport,"Macaé, Rio de Janeiro, Brazil",UTC−03:00
MEB,YMEN,Essendon Airport,"Melbourne, Victoria, Australia",UTC+10:00
MEC,SEMT,Eloy Alfaro International Airport,"Manta, Ecuador",UTC−05:00
MED,OEMA,Prince Mohammad bin Abdulaziz Airport,"Medina, Saudi Arabia",UTC+03:00
MEE,NWWR,Maré Airport,"Maré, Loyalty Islands, New Caledonia",UTC+11:00
MEF,,Melfi Airport,"Melfi, Chad",UTC+01:00
MEG,FNMA,Malanje Airport,"Malanje, Angola",UTC+01:00
MEH,ENMH,Mehamn Airport,"Mehamn, Norway",UTC+01:00
MEI,KMEI,Meridian Regional Airport (Key Field),"Meridian, Mississippi, United States",UTC−06:00
MEJ,KGKJ,Port Meadville Airport (FAA: GKJ),"Meadville, Pennsylvania, United States",UTC−05:00
MEK,GMFM,Bassatine Air Base[1],"Meknes, Morocco",UTC±00:00
MEL,YMML,Melbourne Airport,"Melbourne, Victoria, Australia",UTC+10:00
MEM,KMEM,Memphis International Airport,"Memphis, Tennessee, United States",UTC−06:00
MEN,LFNB,Brenoux Airport,"Mende, Languedoc-Roussillon, France",UTC+01:00
MEO,KMQI,Dare County Regional Airport (FAA: MQI),"Manteo, North Carolina, United States",UTC−05:00
MEP,WMAU,Mersing Airport,"Mersing, Johor, Malaysia",UTC+08:00
MEQ,WITC,Cut Nyak Dhien Airport,"Meulaboh, Indonesia",UTC+07:00
MER,KMER,Castle Airport,"Merced, California, United States",UTC−08:00
MES,WIMK,Soewondo Air Force Base,"Medan, Indonesia",UTC+07:00
MET,YMOT,Moreton Airport,"Moreton, Queensland, Australia",UTC+10:00
MEU,SBMD,Serra do Areão Airport,"Monte Dourado, Pará, Brazil",UTC−03:00
MEV,KMEV,Minden–Tahoe Airport,"Minden, Nevada, United States",UTC−08:00
MEW,FZVM,Mweka Airport,"Mweka, Democratic Republic of the Congo",UTC+02:00
MEX,MMMX,Mexico City International Airport,"Mexico City, Mexico",UTC−06:00
MEY,VNMG,Meghauli Airport,"Meghauli, Nepal",UTC+05:45
MEZ,FAMS,Messina Airport,"Messina, South Africa",UTC+02:00
MFA,HTMA,Mafia Airport,"Mafia Island, Tanzania",UTC+03:00
MFB,,Monfort Airport,"Monfort, Colombia",UTC−05:00
MFC,FXMF,Mafeteng Airport,"Mafeteng, Lesotho",UTC+02:00
MFD,KMFD,Mansfield Lahm Regional Airport,"Mansfield, Ohio, United States",UTC−05:00
MFE,KMFE,McAllen Miller International Airport,"McAllen, Texas, United States",UTC−06:00
MFF,FOOD,Moanda Airport,"Moanda, Gabon",UTC+01:00
MFG,OPMF,Muzaffarabad Airport,"Muzaffarabad, Pakistan",UTC+05:00
MFH,,Mesquite Airport (FAA: 67L),"Mesquite, Nevada, United States",UTC−08:00
MFI,KMFI,Marshfield Municipal Airport,"Marshfield, Wisconsin, United States",UTC−06:00
MFJ,NFMO,Moala Airport,"Moala Island, Fiji",UTC+12:00
MFK,RCMT,Matsu Beigan Airport[1],"Beigan, Taiwan",UTC+08:00
MFL,,Mount Full Stop Airport[1],"Wandovale, Queensland, Australia",UTC+10:00
MFM,VMMC,Macau International Airport,Macau,UTC+08:00
MFN,NZMF,Milford Sound Airport,"Milford Sound, New Zealand",UTC+12:00
MFO,,Manguna Airport,"Manguna, Papua New Guinea",UTC+10:00
MFP,YMCR,Manners Creek Airport[1],"Manners Creek Station, Northern Territory, Australia",UTC+09:30
MFQ,DRRM,Maradi Airport,"Maradi, Niger",UTC+01:00
MFR,KMFR,Rogue Valley International–Medford Airport,"Medford, Oregon, United States",UTC−08:00
MFS,SKMF,Miraflores Airport,"Miraflores, Colombia",UTC−05:00
MFU,FLMF,Mfuwe Airport,"Mfuwe, Zambia",UTC+02:00
MFV,KMFV,Accomack County Airport,"Melfa, Virginia, United States",UTC−05:00
MFW,,Magaruque Airport,"Magaruque Island, Mozambique",UTC+02:00
MFX,LFKX,Méribel Altiport,"Méribel, Rhône-Alpes, France",UTC+01:00
MFY,,Mayfa'ah Airport,"Mayfa'ah, Yemen",UTC+03:00
MFZ,,Meselia Airport,"Meselia, Papua New Guinea",UTC+10:00
MGA,MNMG,Augusto C. Sandino International Airport,"Managua, Nicaragua",UTC−06:00
MGB,YMTG,Mount Gambier Airport,"Mount Gambier, South Australia, Australia",UTC+09:30
MGC,KMGC,Michigan City Municipal Airport,"Michigan City, Indiana, United States",UTC−06:00
MGD,SLMG,Magdalena Airport,"Magdalena, Bolivia",UTC−04:00
MGE,KMGE,Dobbins Air Reserve Base,"Marietta, Georgia, United States",UTC−05:00
MGF,SBMG,Sílvio Name Júnior Regional Airport,"Maringá, Paraná, Brazil",UTC−03:00
MGG,,Margarima Airport,"Margarima, Papua New Guinea",UTC+10:00
MGH,FAMG,Margate Airport,"Margate, South Africa",UTC+02:00
MGI,,Aransas National Wildlife Refuge Airport[1] (FAA: XS10),"Matagorda Island, Texas, United States",UTC−06:00
MGJ,KMGJ,Orange County Airport,"Montgomery, New York, United States",UTC−05:00
MGK,VYMT,Mong Ton Airport,"Mong Ton, Myanmar",UTC+06:30
MGL,EDLN,Düsseldorf Mönchengladbach Airport,"Mönchengladbach, North Rhine-Westphalia, Germany",UTC+01:00
MGM,KMGM,Montgomery Regional Airport (Dannelly Field),"Montgomery, Alabama, United States",UTC−06:00
MGN,SKMG,Baracoa Regional Airport,"Magangué, Colombia",UTC−05:00
MGO,,Manega Airport[1],"Manega, Gabon",UTC+01:00
MGP,,Manga Airport,"Manga, Papua New Guinea",UTC+10:00
MGQ,HCMM,Aden Adde International Airport,"Mogadishu, Somalia",UTC+03:00
MGR,KMGR,Moultrie Municipal Airport,"Moultrie, Georgia, United States",UTC−05:00
MGS,NCMG,Mangaia Airport,"Mangaia Island, Cook Islands",UTC−10:00
MGT,YMGB,Milingimbi Airport,"Milingimbi Island, Northern Territory, Australia",UTC+09:30
MGU,VYMN,Manaung Airport[1],"Manaung, Myanmar",UTC+06:30
MGV,YMGR,Margaret River Station Airport,"Margaret River Station, Western Australia, Australia",UTC+08:00
MGW,KMGW,Morgantown Municipal Airport (Walter L. Bill Hart Field),"Morgantown, West Virginia, United States",UTC−05:00
MGX,FOGI,Moabi Airport,"Moabi, Gabon",UTC+01:00
MGY,KMGY,Dayton–Wright Brothers Airport,"Dayton, Ohio, United States",UTC−05:00
MGZ,VYME,Myeik Airport,"Myeik, Myanmar",UTC+06:30
MHA,SYMD,Mahdia Airport,"Mahdia, Guyana",UTC−04:00
MHC,SCPQ,Mocopulli Airport,"Castro, Chile",UTC−04:00
MHD,OIMM,Mashhad International Airport (Shahid Hashemi Nejad Airport),"Mashhad, Iran",UTC+03:30
MHE,KMHE,Mitchell Municipal Airport,"Mitchell, South Dakota, United States",UTC−06:00
MHF,,Morichal Airport,"Morichal, Colombia",UTC−05:00
MHG,EDFM,Mannheim City Airport,"Mannheim, Baden-Württemberg, Germany",UTC+01:00
MHH,MYAM,Marsh Harbour Airport,"Marsh Harbour, Abaco Islands, Bahamas",UTC−05:00
MHI,HDMO,Moucha Airport,"Moucha Island, Djibouti",UTC+03:00
MHK,KMHK,Manhattan Regional Airport,"Manhattan, Kansas, United States",UTC−06:00
MHL,KMHL,Marshall Memorial Municipal Airport,"Marshall, Missouri, United States",UTC−06:00
MHN,KMHN,Hooker County Airport,"Mullen, Nebraska, United States",UTC−07:00
MHO,YMHO,Mount House Airport,"Mount House Station, Western Australia, Australia",UTC+08:00
MHP,UMMM,Minsk-1 Airport  (closed 2015),"Minsk, Belarus",UTC+03:00
MHQ,EFMA,Mariehamn Airport,"Mariehamn, Åland, Finland",UTC+02:00
MHR,KMHR,Sacramento Mather Airport,"Sacramento, California, United States",UTC−08:00
MHS,,Dunsmuir Municipal-Mott Airport[1] (FAA: 1O6),"Mount Shasta, California, United States",UTC−08:00
MHT,KMHT,Manchester–Boston Regional Airport,"Manchester, New Hampshire, United States",UTC−05:00
MHU,YHOT,Mount Hotham Airport,"Mount Hotham, Victoria, Australia",UTC+10:00
MHV,KMHV,Mojave Air and Space Port,"Mojave, California, United States",UTC−08:00
MHW,SLAG,Monteagudo Airport[1],"Monteagudo, Bolivia",UTC−04:00
MHX,NCMH,Manihiki Island Airport,"Manihiki, Cook Islands",UTC−10:00
MHY,,Morehead Airport,"Morehead, Papua New Guinea",UTC+10:00
MHZ,EGUN,RAF Mildenhall,"Mildenhall, England, United Kingdom",UTC±00:00
MIA,KMIA,Miami International Airport,"Miami, Florida, United States",UTC−05:00
MIB,KMIB,Minot Air Force Base,"Minot, North Dakota, United States",UTC−06:00
MIC,KMIC,Crystal Airport,"Minneapolis / St Paul, Minnesota, United States",UTC−06:00
MID,MMMD,Manuel Crescencio Rejón International Airport,"Mérida, Yucatán, Mexico",UTC−06:00
MIE,KMIE,Delaware County Regional Airport,"Muncie, Indiana, United States",UTC−05:00
MIF,,Roy Hurd Memorial Airport (FAA: E01),"Monahans, Texas, United States",UTC−06:00
MIG,ZUMY,Mianyang Nanjiao Airport,"Mianyang, Sichuan, China",UTC+08:00
MIH,YMIP,Mitchell Plateau Airport,"Mitchell Plateau, Western Australia, Australia",UTC+08:00
MII,SBML,Frank Miloye Milenkowichi–Marília State Airport,"Marília, São Paulo, Brazil",UTC−03:00
MIJ,MLIP,Mili Airport (FAA: 1Q9),"Mili Atoll, Marshall Islands",UTC+12:00
MIK,EFMI,Mikkeli Airport,"Mikkeli, Finland",UTC+02:00
MIL[1],,metropolitan area1,"Milan, Lombardy, Italy",UTC+01:00
MIM,YMER,Merimbula Airport,"Merimbula, New South Wales, Australia",UTC+10:00
MIN,YMPA,Minnipa Airport,"Minnipa, South Australia, Australia",UTC+09:30
MIO,KMIO,Miami Municipal Airport,"Miami, Oklahoma, United States",UTC−06:00
MIP,LLMR,Mitzpe Ramon Airport,"Mitzpe Ramon, Israel",UTC+02:00
MIQ,KMLE,Millard Airport (FAA: MLE),"Omaha, Nebraska, United States",UTC−06:00
MIR,DTMB,Monastir Habib Bourguiba International Airport,"Monastir, Tunisia",UTC+01:00
MIS,AYMS,Misima Island Airport,"Misima Island, Papua New Guinea",UTC+10:00
MIT,KMIT,Shafter Airport (Minter Field),"Shafter, California, United States",UTC−08:00
MIU,DNMA,Maiduguri International Airport,"Maiduguri, Nigeria",UTC+01:00
MIV,KMIV,Millville Municipal Airport,"Millville, New Jersey, United States",UTC−05:00
MIW,KMIW,Marshalltown Municipal Airport,"Marshalltown, Iowa, United States",UTC−06:00
MIX,,Mirití-Paraná Airport,"Mirití-Paraná, Colombia",UTC−05:00
MIY,,Mittiebah Airport[1],"Mittiebah Station, Northern Territory, Australia",UTC+09:30
MIZ,,Mainoru Airport[1],"Mainoru, Northern Territory, Australia",UTC+09:30
MJA,FMSJ,Manja Airport,"Manja, Madagascar",UTC+03:00
MJB,,Mejit Airport (FAA: Q30),"Mejit Island, Marshall Islands",UTC+12:00
MJC,DIMN,Man Airport,"Man, Ivory Coast",UTC±00:00
MJD,OPMJ,Moenjodaro Airport,"Mohenjo-daro, Pakistan",UTC+05:00
MJE,,Majkin Airport,"Majkin, Marshall Islands",UTC+12:00
MJF,ENMS,"Mosjøen Airport, Kjærstad","Mosjøen, Norway",UTC+01:00
MJI,HLLM,Mitiga International Airport,"Tripoli, Libya",UTC+02:00
MJJ,,Moki Airport,"Moki, Papua New Guinea",UTC+10:00
MJK,YSHK,Shark Bay Airport,"Monkey Mia, Western Australia, Australia",UTC+08:00
MJL,FOGM,Mouila Airport,"Mouila, Gabon",UTC+01:00
MJM,FZWA,Mbuji Mayi Airport,"Mbuji-Mayi, Democratic Republic of the Congo",UTC+02:00
MJN,FMNM,Amborovy Airport (Philibert Tsiranana Airport),"Mahajanga, Madagascar",UTC+03:00
MJO,FYME,Mount Etjo Airport[1],"Mount Etjo, Namibia",UTC+01:00
MJP,YMJM,Manjimup Airport,"Manjimup, Western Australia, Australia",UTC+08:00
MJQ,KMJQ,Jackson Municipal Airport,"Jackson, Minnesota, United States",UTC−06:00
MJR,,Miramar Airport,"Miramar, Buenos Aires, Argentina",UTC−03:00
MJS,,Maganja da Costa Airport[1],"Maganja da Costa, Mozambique",UTC+02:00
MJT,LGMT,Mytilene International Airport,"Mytilene, Lesbos, Greece",UTC+02:00
MJU,WAAJ,Tampa Padang Airport,"Mamuju, Indonesia",UTC+08:00
MJV,LELC,Murcia–San Javier Airport,"Murcia, Region of Murcia, Spain",UTC+01:00
MJW,FVMH[2],Mahenye Airport[1],"Mahenye, Zimbabwe",UTC+02:00
MJX,KMJX,Robert J. Miller Air Park (Ocean County Airport),"Toms River, New Jersey, United States",UTC−05:00
MJZ,UERR,Mirny Airport,"Mirny, Yakutia, Russia",UTC+09:00
MKA,LKMR,Mariánské Lázně Airport,"Mariánské Lázně, Czech Republic",UTC+01:00
MKB,FOOE,Mékambo Airport,"Mékambo, Gabon",UTC+01:00
MKC,KMKC,Charles B. Wheeler Downtown Airport,"Kansas City, Missouri, United States",UTC−06:00
MKE,KMKE,Milwaukee Mitchell International Airport,"Milwaukee, Wisconsin, United States",UTC−06:00
MKG,KMKG,Muskegon County Airport,"Muskegon, Michigan, United States",UTC−05:00
MKH,FXMK,Mokhotlong Airport,"Mokhotlong, Lesotho",UTC+02:00
MKI,FEGE,M'Boki Airport,"Obo, Central African Republic",UTC+01:00
MKJ,FCOM,Makoua Airport,"Makoua, Republic of the Congo",UTC+01:00
MKK,PHMK,Molokai Airport,"Kaunakakai, Hawaii, United States",UTC−10:00
MKL,KMKL,McKellar–Sipes Regional Airport,"Jackson, Tennessee, United States",UTC−06:00
MKM,WBGK,Mukah Airport,"Mukah, Sarawak, Malaysia",UTC+08:00
MKN,,Malekolon Airport,"Malekolon, Papua New Guinea",UTC+10:00
MKO,KMKO,Davis Field,"Muskogee, Oklahoma, United States",UTC−06:00
MKP,NTGM,Makemo Airport,"Makemo, French Polynesia",UTC−10:00
MKQ,WAKK,Mopah Airport,"Merauke, Indonesia",UTC+09:00
MKR,YMEK,Meekatharra Airport,"Meekatharra, Western Australia, Australia",UTC+08:00
MKS,HAMA,Mekane Selam Airport,"Mekane Selam, Ethiopia",UTC+03:00
MKT,KMKT,Mankato Regional Airport,"Mankato, Minnesota, United States",UTC−06:00
MKU,FOOK,Makokou Airport,"Makokou, Gabon",UTC+01:00
MKV,YMVG,Mount Cavenagh Airport,"Mount Cavenagh, Northern Territory, Australia",UTC+09:30
MKW,WASR,Rendani Airport,"Manokwari, Indonesia",UTC+09:00
MKY,YBMK,Mackay Airport,"Mackay, Queensland, Australia",UTC+10:00
MKZ,WMKM,Malacca International Airport,"Malacca City, Malacca, Malaysia",UTC+08:00
MLA,LMML,Malta International Airport (Luqa Airport),"Luqa, Malta",UTC+01:00
MLB,KMLB,Melbourne Orlando International Airport,"Melbourne, Florida, United States",UTC−05:00
MLC,KMLC,McAlester Regional Airport,"McAlester, Oklahoma, United States",UTC−06:00
MLD,KMLD,Malad City Airport,"Malad City, Idaho, United States",UTC−07:00
MLE,VRMM,Ibrahim Nasir International Airport,"Malé, Maldives",UTC+05:00
MLF,KMLF,Milford Municipal Airport (Ben and Judy Briscoe Field),"Milford, Utah, United States",UTC−07:00
MLG,WARA,Abdul Rachman Saleh Airport,"Malang, Indonesia",UTC+07:00
MLH,LFSB,EuroAirport Basel Mulhouse Freiburg,"Mulhouse, Alsace, France",UTC+01:00
MLI,KMLI,Quad Cities International Airport,"Moline, Illinois, United States",UTC−06:00
MLJ,KMLJ,Baldwin County Airport,"Milledgeville, Georgia, United States",UTC−05:00
MLK,,Malta Airport[1] (FAA: M75),"Malta, Montana, United States",UTC−07:00
MLL,PADM,Marshall Don Hunter Sr. Airport (FAA: MDM),"Marshall, Alaska, United States",UTC−09:00
MLM,MMMM,General Francisco J. Mujica International Airport,"Morelia, Michoacán, Mexico",UTC−06:00
MLN,GEML,Melilla Airport,"Melilla, Spain",UTC+01:00
MLO,LGML,Milos Island National Airport,"Milos, Greece",UTC+02:00
MLP,RPMM,Malabang Airport,"Malabang, Philippines",UTC+08:00
MLQ,,Malalaua Airport[1],"Malalaua, Papua New Guinea",UTC+10:00
MLR,YMCT,Millicent Airport,"Millicent, South Australia, Australia",UTC+09:30
MLS,KMLS,Miles City Airport (Frank Wiley Field),"Miles City, Montana, United States",UTC−07:00
MLT,KMLT,Millinocket Municipal Airport,"Millinocket, Maine, United States",UTC−05:00
MLU,KMLU,Monroe Regional Airport,"Monroe, Louisiana, United States",UTC−06:00
MLV,YMEU,Merluna Airport,"Merluna, Queensland, Australia",UTC+10:00
MLW,GLMR,Spriggs Payne Airport,"Monrovia, Liberia",UTC±00:00
MLX,LTAT,Malatya Erhaç Airport,"Malatya, Turkey",UTC+03:00
MLY,PAML,Manley Hot Springs Airport,"Manley Hot Springs, Alaska, United States",UTC−09:00
MLZ,SUMO,Cerro Largo International Airport,"Melo, Uruguay",UTC−03:00
MMA[1],,metropolitan area2,"Malmö, Sweden",UTC+01:00
MMB,RJCM,Memanbetsu Airport,"Ōzora, Hokkaido, Japan",UTC+09:00
MMC,MMDM,Ciudad Mante National Airport,"Ciudad Mante, Tamaulipas, Mexico",UTC−06:00
MMD,ROMD,Minami-Daito Airport,"Minamidaitō, Daitō Islands, Japan",UTC+09:00
MME,EGNV,Teesside International Airport,"Teesside, England, United Kingdom",UTC±00:00
MMF,FKKF,Mamfe Airport,"Mamfe, Cameroon",UTC+01:00
MMG,YMOG,Mount Magnet Airport,"Mount Magnet, Western Australia, Australia",UTC+08:00
MMH,KMMH,Mammoth Yosemite Airport,"Mammoth Lakes, California, United States",UTC−08:00
MMI,KMMI,McMinn County Airport,"Athens, Tennessee, United States",UTC−05:00
MMJ,RJAF,Matsumoto Airport,"Matsumoto, Honshu, Japan",UTC+09:00
MMK,ULMM,Murmansk Airport,"Murmansk, Murmansk Oblast, Russia",UTC+03:00
MML,KMML,Southwest Minnesota Regional Airport (Marshall/Ryan Field),"Marshall, Minnesota, United States",UTC−06:00
MMM,YMMU,Middlemount Airport,"Middlemount, Queensland, Australia",UTC+10:00
MMN,,Minute Man Air Field[1] (FAA: 6B6),"Stow, Massachusetts, United States",UTC−05:00
MMO,GVMA,Maio Airport,"Maio Island, Cape Verde",UTC−01:00
MMP,SKMP,San Bernardo Airport,"Mompós (Mompóx), Colombia",UTC−05:00
MMQ,FLBA,Mbala Airport,"Mbala, Zambia",UTC+02:00
MMS,KMMS,Selfs Airport,"Marks, Mississippi, United States",UTC−06:00
MMT,KMMT,McEntire Joint National Guard Base,"Columbia, South Carolina, United States",UTC−05:00
MMU,KMMU,Morristown Municipal Airport,"Morristown, New Jersey, United States",UTC−05:00
MMV,,Mal Island Airport,"Mal Island, Papua New Guinea",UTC+10:00
MMW,,Moma Airport,"Moma, Mozambique",UTC+02:00
MMX,ESMS,Malmö Airport,"Malmö, Sweden",UTC+01:00
MMY,ROMY,Miyako Airport,"Miyakojima, Miyako Islands, Japan",UTC+09:00
MMZ,OAMN,Maymana Airport,"Maymana, Afghanistan",UTC+04:30
MNA,WAMN,Melangguane Airport,"Melonguane, Indonesia",UTC+08:00
MNB,FZAG,Muanda Airport (Moanda Airport),"Moanda, Democratic Republic of the Congo",UTC+01:00
MNC,FQNC,Nacala Airport,"Nacala, Mozambique",UTC+02:00
MND,,Medina Airport[1],"Medina, Colombia",UTC−05:00
MNE,YMUG,Mungeranie Airport,"Mungeranie, South Australia, Australia",UTC+09:30
MNF,NFMA,Mana Island Airport,"Mana Island, Fiji",UTC+12:00
MNG,YMGD,Maningrida Airport,"Maningrida, Northern Territory, Australia",UTC+09:30
MNH,,Al-Musannah Airport[1],"Al-Musannah, Oman",UTC+04:00
MNI,TRPG,John A. Osborne Airport,British Overseas Territory of Montserrat,UTC−04:00
MNJ,FMSM,Mananjary Airport,"Mananjary, Madagascar",UTC+03:00
MNK,NGMA,Maiana Airport,"Maiana, Kiribati",UTC+12:00
MNL,RPLL,Ninoy Aquino International Airport / Villamor Air Base,"Manila, Philippines",UTC+08:00
MNM,KMNM,Menominee-Marinette Twin County Airport,"Menominee, Michigan, United States",UTC−06:00
MNN,KMNN,Marion Municipal Airport,"Marion, Ohio, United States",UTC−05:00
MNO,FZRA,Manono Airport,"Manono, Democratic Republic of the Congo",UTC+02:00
MNP,,Maron Island Airport[1],"Maron Island, Papua New Guinea",UTC+10:00
MNQ,YMTO,Monto Airport,"Monto, Queensland, Australia",UTC+10:00
MNR,FLMG,Mongu Airport,"Mongu, Zambia",UTC+02:00
MNS,FLMA,Mansa Airport,"Mansa, Zambia",UTC+02:00
MNT,,Minto Al Wright Airport (FAA: 51Z),"Minto, Alaska, United States",UTC−09:00
MNU,VYMM,Mawlamyaing Airport,"Mawlamyine (Mawlamyaing), Myanmar",UTC+06:30
MNV,,Mount Valley Airport[1],"Mount Valley, Northern Territory, Australia",UTC+09:30
MNW,YMDS,MacDonald Downs Airport,"MacDonald Downs, Northern Territory, Australia",UTC+09:30
MNX,SBMY,Manicoré Airport,"Manicoré, Amazonas, Brazil",UTC−04:00
MNY,AGGO,Mono Airport,"Mono Island, Treasury Islands, Solomon Islands",UTC+11:00
MNZ,KHEF,Manassas Regional Airport (FAA: HEF),"Manassas, Virginia, United States",UTC−05:00
MOA,MUMO,Orestes Acosta Airport,"Moa, Cuba",UTC−05:00
MOB,KMOB,Mobile Regional Airport,"Mobile, Alabama, United States",UTC−06:00
MOC,SBMK,Montes Claros/Mário Ribeiro Airport,"Montes Claros, Minas Gerais, Brazil",UTC−03:00
MOD,KMOD,Modesto City–County Airport (Harry Sham Field),"Modesto, California, United States",UTC−08:00
MOE,VYMO,Momeik Airport,"Momeik, Myanmar",UTC+06:30
MOF,WATC,Frans Seda Airport (Wai Oti Airport),"Maumere, Indonesia",UTC+08:00
MOG,VYMS,Monghsat Airport,"Mong Hsat (Monghsat), Myanmar",UTC+06:30
MOH,,Maleo Airport,"Morowali, Indonesia",UTC+08:00
MOI,NCMR,Mitiaro Airport (Nukuroa Airport),"Mitiaro Island, Cook Islands",UTC−10:00
MOJ,MEMO,Moengo Airstrip,"Moengo, Suriname",UTC−03:00
MOK,UNTM,Muynak Airport,"Muynak, Uzbekistan",UTC+05:00
MOL,ENML,"Molde Airport, Årø","Molde, Norway",UTC+01:00
MOM,GQNL,Letfotar Airport,"Moudjeria, Mauritania",UTC±00:00
MON,NZMC,Mount Cook Aerodrome,"Mount Cook, New Zealand",UTC+12:00
MOO,YOOM,Moomba Airport,"Moomba, South Australia, Australia",UTC+09:30
MOP,KMOP,Mount Pleasant Municipal Airport,"Mount Pleasant, Michigan, United States",UTC−05:00
MOQ,FMMV,Morondava Airport[1],"Morondava, Madagascar",UTC+03:00
MOR,KMOR,Morristown Regional Airport (Moore–Murrell Airport),"Morristown, Tennessee, United States",UTC−05:00
MOS,,Moses Point Airport[1],"Elim, Alaska, United States",UTC−09:00
MOT,KMOT,Minot International Airport,"Minot, North Dakota, United States",UTC−06:00
MOU,PAMO,Mountain Village Airport,"Mountain Village, Alaska, United States",UTC−09:00
MOV,YMRB,Moranbah Airport,"Moranbah, Queensland, Australia",UTC+10:00
MOW[1],,metropolitan area3,"Moscow, Russia",UTC+03:00
MOX,KMOX,Morris Municipal Airport,"Morris, Minnesota, United States",UTC−06:00
MOY,,Monterrey Airport,"Monterrey, Colombia",UTC−05:00
MOZ,NTTM,Moorea Airport (Temae Airport),"Mo'orea, Windward Islands, French Polynesia",UTC−10:00
MPA,FYKM,Katima Mulilo Airport (Mpacha Airport),"Katima Mulilo, Namibia",UTC+01:00
MPB,,Miami Seaplane Base (FAA: X44),"Miami, Florida, United States",UTC−05:00
MPC,WIPU,Mukomuko Airport,"Muko-Muko, Indonesia",UTC+07:00
MPD,OPMP,Sindhri Airport,"Mirpur Khas, Pakistan",UTC+05:00
MPF,,Mapoda Airport,"Mapoda, Papua New Guinea",UTC+10:00
MPG,,Makini Airport,"Makini, Papua New Guinea",UTC+10:00
MPH,RPVE,Godofredo P. Ramos Airport (Caticlan Airport),"Malay, Philippines",UTC+08:00
MPI,,Mamitupu Airport,"Mamitupo, Panama",UTC−05:00
MPJ,KMPJ,Petit Jean Park Airport,"Morrilton, Arkansas, United States",UTC−06:00
MPL,LFMT,Montpellier–Méditerranée Airport (Fréjorgues Airport),"Montpellier, Languedoc-Roussillon, France",UTC+01:00
MPM,FQMA,Maputo International Airport,"Maputo, Mozambique",UTC+02:00
MPN,EGYP,RAF Mount Pleasant,British Overseas Territory of Falkland Islands,UTC−03:00
MPO,KMPO,Pocono Mountains Municipal Airport,"Mount Pocono, Pennsylvania, United States",UTC−05:00
MPP,,Mulatupo Airport,"Mulatupo, Panama",UTC−05:00
MPQ,OJMN,Ma'an Airport,"Ma'an, Jordan",UTC+02:00
MPR,KMPR,McPherson Airport,"McPherson, Kansas, United States",UTC−06:00
MPS,KOSA,Mount Pleasant Regional Airport[1] (FAA: OSA),"Mount Pleasant, Texas, United States",UTC−06:00
MPT,WPMN,Maliana Airport,"Maliana, East Timor",UTC+09:00
MPU,,Mabua Airstrip,"Mabua, Papua New Guinea",UTC+10:00
MPV,KMPV,Edward F. Knapp State Airport,"Barre / Montpelier, Vermont, United States",UTC−05:00
MPW,UKCM,Mariupol International Airport,"Mariupol, Ukraine",UTC+03:00
MPX,,Miyanmin Airport,"Miyanmin, Papua New Guinea",UTC+10:00
MPY,SOOA,Maripasoula Airport,"Maripasoula, French Guiana",UTC−03:00
MPZ,KMPZ,Mount Pleasant Municipal Airport,"Mount Pleasant, Iowa, United States",UTC−06:00
MQA,YMDI,Mandora Station Airport,"Mandora Station, Western Australia, Australia",UTC+08:00
MQB,KMQB,Macomb Municipal Airport,"Macomb, Illinois, United States",UTC−06:00
MQC,LFVM,Miquelon Airport,"Miquelon, Saint Pierre and Miquelon",UTC−03:00
MQD,SAVQ,Maquinchao Airport,"Maquinchao, Río Negro, Argentina",UTC−03:00
MQE,YMQA,Marqua Airport[1],"Marqua, Northern Territory, Australia",UTC+09:30
MQF,USCM,Magnitogorsk International Airport,"Magnitogorsk, Chelyabinsk Oblast5, Russia",UTC+05:00
MQG,FYMG,Midgard Airport[1],"Midgard, Namibia",UTC+01:00
MQH,SBMC,Minaçu Airport,"Minaçu, Goiás, Brazil",UTC−03:00
MQJ,UEMA,Moma Airport[1],"Khonuu, Yakutia, Russia",UTC+11:00
MQK,SLTI,San Matías Airport[1],"San Matías, Bolivia",UTC−04:00
MQL,YMIA,Mildura Airport,"Mildura, Victoria, Australia",UTC+10:00
MQM,LTCR,Mardin Airport,"Mardin, Turkey",UTC+03:00
MQN,ENRA,"Mo i Rana Airport, Røssvoll","Mo i Rana, Norway",UTC+01:00
MQO,,Malam Airport[1],"Malam, Papua New Guinea",UTC+10:00
MQP,FAKN,Kruger Mpumalanga International Airport,"Mbombela, South Africa",UTC+02:00
MQQ,FTTD,Moundou Airport,"Moundou, Chad",UTC+01:00
MQR,,Mosquera Airport[1],"Mosquera, Colombia",UTC−05:00
MQS,TVSM,Mustique Airport,"Mustique Island, Saint Vincent and the Grenadines",UTC−04:00
MQT,KSAW,Sawyer International Airport (FAA: SAW),"Marquette, Michigan, United States",UTC−05:00
MQU,SKQU,Mariquita Airport,"Mariquita, Colombia",UTC−05:00
MQV,,Mostaganem Airport[1],"Mostaganem, Algeria",UTC+01:00
MQW,KMQW,Telfair–Wheeler Airport,"McRae, Georgia, United States",UTC−05:00
MQX,HAMK,Alula Aba Nega Airport,"Mek'ele (Mekelle), Ethiopia",UTC+03:00
MQY,KMQY,Smyrna Airport,"Smyrna, Tennessee, United States",UTC−06:00
MQZ,YMGT,Margaret River Airport[1],"Margaret River, Western Australia, Australia",UTC+08:00
MRA,,Misrata Airport,"Misrata, Libya",UTC+02:00
MRB,KMRB,Eastern WV Regional Airport (Shepherd Field),"Martinsburg, West Virginia, United States",UTC−05:00
MRC,KMRC,Maury County Airport,"Columbia/Mount Pleasant, Tennessee, United States",UTC−06:00
MRD,SVMD,Alberto Carnevalli Airport,"Mérida, Venezuela",UTC−04:00
MRE,,Mara Serena Airport,"Maasai Mara, Kenya",UTC+03:00
MRF,KMRF,Marfa Municipal Airport,"Marfa, Texas, United States",UTC−06:00
MRG,YMBA,Mareeba Airfield,"Mareeba, Queensland, Australia",UTC+10:00
MRH,,May River Airport[1],"May River, Papua New Guinea",UTC+10:00
MRI,PAMR,Merrill Field,"Anchorage, Alaska, United States",UTC−09:00
MRJ,MHMA,Marcala Airport,"Marcala, Honduras",UTC−06:00
MRK,KMKY,Marco Island Airport (FAA: MKY),"Marco Island, Florida, United States",UTC−05:00
MRL,,Miners Lake Airport[1],"Miners Lake, Queensland, Australia",UTC+10:00
MRM,AYMA,Manari Airport,"Manari, Papua New Guinea",UTC+10:00
MRN,KMRN,Foothills Regional Airport (was Morganton-Lenoir Airport),"Morganton, North Carolina, United States",UTC−05:00
MRO,NZMS,Hood Aerodrome,"Masterton, New Zealand",UTC+12:00
MRP,YALA,Marla Airport,"Marla, South Australia, Australia",UTC+09:30
MRQ,RPUW,Marinduque Airport,"Marinduque Island, Philippines",UTC+08:00
MRR,SEMA,José María Velasco Ibarra Airport,"Macará, Ecuador",UTC−05:00
MRS,LFML,Marseille Provence Airport,"Marseille, Provence-Alpes-Côte d'Azur, France",UTC+01:00
MRT,,Moroak Airport,"Moroak, Northern Territory, Australia",UTC+09:30
MRU,FIMP,Sir Seewoosagur Ramgoolam International Airport,"Plaine Magnien, Mauritius",UTC+04:00
MRV,URMM,Mineralnye Vody Airport,"Mineralnye Vody, Stavropol Krai, Russia",UTC+03:00
MRW,EKMB,Lolland Falster Airport,"Maribo, Denmark",UTC+01:00
MRX,OIAM,Mahshahr Airport,"Bandar-e Mahshahr, Iran",UTC+03:30
MRY,KMRY,Monterey Regional Airport,"Monterey, California, United States",UTC−08:00
MRZ,YMOR,Moree Airport,"Moree, New South Wales, Australia",UTC+10:00
MSA,CZMD,Muskrat Dam Airport,"Muskrat Dam, Ontario, Canada",UTC−06:00
MSC,KFFZ,Falcon Field Airport (FAA: FFZ),"Phoenix, Arizona, United States",UTC−07:00
MSD,,Mount Pleasant Airport (FAA: 43U),"Mount Pleasant, Utah, United States",UTC−07:00
MSE,EGMH,Manston Airport (Kent International Airport),"Manston, England, United Kingdom",UTC±00:00
MSF,YMNS,Mount Swan Airport,"Mount Swan, Northern Territory, Australia",UTC+09:30
MSG,FXMA,Matsaile Airport[1],"Matsaile, Lesotho",UTC+02:00
MSH,OOMA,Masirah Air Base,"Masirah Island, Oman",UTC+04:00
MSI,,Masalembo Airport[1],"Masalembo, Indonesia",UTC+07:00
MSJ,RJSM,Misawa Airport,"Misawa, Honshu, Japan",UTC+09:00
MSL,KMSL,Northwest Alabama Regional Airport,"Muscle Shoals / Florence, Alabama, United States",UTC−06:00
MSM,FZCV,Masi-Manimba Airport,"Masi-Manimba, Democratic Republic of the Congo",UTC+01:00
MSN,KMSN,Dane County Regional Airport (Truax Field),"Madison, Wisconsin, United States",UTC−06:00
MSO,KMSO,Missoula International Airport,"Missoula, Montana, United States",UTC−07:00
MSP,KMSP,Minneapolis–Saint Paul International Airport (Wold–Chamberlain Field),"Minneapolis / St Paul, Minnesota, United States",UTC−06:00
MSQ,UMMS,Minsk National Airport,"Minsk, Belarus",UTC+03:00
MSR,LTCK,Muş Airport,"Muş, Turkey",UTC+03:00
MSS,KMSS,Massena International Airport (Richards Field),"Massena, New York, United States",UTC−05:00
MST,EHBK,Maastricht Aachen Airport,"Maastricht, Netherlands",UTC+01:00
MSU,FXMM,Moshoeshoe I International Airport,"Maseru, Lesotho",UTC+02:00
MSV,KMSV,Sullivan County International Airport,"Monticello, New York, United States",UTC−05:00
MSW,HHMS,Massawa International Airport,"Massawa, Eritrea",UTC+03:00
MSX,FCMM,Mossendjo Airport,"Mossendjo, Republic of the Congo",UTC+01:00
MSY,KMSY,Louis Armstrong New Orleans International Airport,"New Orleans, Louisiana, United States",UTC−06:00
MSZ,FNMO,Moçâmedes Airport (Yuri Gagarin Airport),"Moçâmedes, Angola",UTC+01:00
MTA,NZMA,Matamata Airport,"Matamata, New Zealand",UTC+12:00
MTB,SKML,Montelíbano Airport,"Montelíbano, Colombia",UTC−05:00
MTC,KMTC,Selfridge Air National Guard Base,"Mount Clemens, Michigan, United States",UTC−05:00
MTD,YMSF,Mount Sandford Station Airport[1],"Mount Sandford Station, Northern Territory, Australia",UTC+09:30
MTE,SNMA,Monte Alegre Airport,"Monte Alegre, Pará, Brazil",UTC−03:00
MTF,HAMT,Mizan Teferi Airport,"Mizan Teferi, Ethiopia",UTC+03:00
MTG,,Mato Grosso Airport,"Mato Grosso, Brazil",UTC−04:00
MTH,KMTH,Florida Keys Marathon Airport,"Marathon, Florida, United States",UTC−05:00
MTI,GVMT,Mosteiros Airport,"Mosteiros, Cape Verde",UTC−01:00
MTJ,KMTJ,Montrose Regional Airport,"Montrose, Colorado, United States",UTC−07:00
MTK,NGMN,Makin Airport,"Makin Island (Butaritari), Kiribati",UTC+12:00
MTL,YMND,Maitland Airport,"Maitland, New South Wales, Australia",UTC+10:00
MTM,PAMM,Metlakatla Seaplane Base,"Metlakatla, Alaska, United States",UTC−09:00
MTN,KMTN,Martin State Airport,"Baltimore, Maryland, United States",UTC−05:00
MTO,KMTO,Coles County Memorial Airport,"Mattoon / Charleston, Illinois, United States",UTC−06:00
MTP,KMTP,Montauk Airport,"Montauk, New York, United States",UTC−05:00
MTQ,YMIT,Mitchell Airport,"Mitchell, Queensland, Australia",UTC+10:00
MTR,SKMR,Los Garzones Airport,"Montería, Colombia",UTC−05:00
MTS,FDMS,Matsapha Airport,"Manzini, Eswatini",UTC+02:00
MTT,MMMT,Minatitlán/Coatzacoalcos International Airport,"Minatitlán, Veracruz, Mexico",UTC−06:00
MTU,,Montepuez Airport,"Montepuez, Mozambique",UTC+02:00
MTV,NVSA,Mota Lava Airport,"Mota Lava, Vanuatu",UTC+11:00
MTW,KMTW,Manitowoc County Airport,"Manitowoc, Wisconsin, United States",UTC−06:00
MTX,PABK,Metro Field (FAA: MTF),"Fairbanks, Alaska, United States",UTC−09:00
MTY,MMMY,General Mariano Escobedo International Airport,"Monterrey, Nuevo León, Mexico",UTC−06:00
MTZ,LLMZ,Bar Yehuda Airfield (Masada Airfield),"Masada, Israel",UTC+02:00
MUA,AGGM,Munda Airport,"Munda, New Georgia, Solomon Islands",UTC+11:00
MUB,FBMN,Maun Airport,"Maun, Botswana",UTC+02:00
MUC,EDDM,Munich Airport,"Munich, Bavaria, Germany",UTC+01:00
MUD,FQMD,Mueda Airport,"Mueda, Mozambique",UTC+02:00
MUE,PHMU,Waimea-Kohala Airport,"Kamuela, Hawaii, United States",UTC−10:00
MUF,,Muting Airport,"Muting, Indonesia",UTC+09:00
MUG,MMMG,Mulegé Airstrip,"Mulegé, Baja California Sur, Mexico",UTC−07:00
MUH,HEMM,Marsa Matruh International Airport,"Mersa Matruh, Egypt",UTC+02:00
MUI,KMUI,Muir Army Airfield,"Fort Indiantown Gap, Pennsylvania, United States",UTC−05:00
MUJ,HAMR,Mui Airport,"Mui, Ethiopia",UTC+03:00
MUK,NCMK,Mauke Airport,"Mauke Island, Cook Islands",UTC−10:00
MUL,KMUL,Spence Airport,"Moultrie, Georgia, United States",UTC−05:00
MUN,SVMT,José Tadeo Monagas International Airport,"Maturín, Venezuela",UTC−04:00
MUO,KMUO,Mountain Home Air Force Base,"Mountain Home, Idaho, United States",UTC−07:00
MUP,YMUP,Mulga Park Airport,"Mulga Park, Northern Territory, Australia",UTC+09:30
MUQ,YMUC,Muccan Station Airport,"Muccan Station, Western Australia, Australia",UTC+08:00
MUR,WBGM,Marudi Airport,"Marudi, Sarawak, Malaysia",UTC+08:00
MUS,RJAM,Minami Torishima Airport,"Minami-Tori-shima, Japan",UTC+09:00
MUT,KMUT,Muscatine Municipal Airport,"Muscatine, Iowa, United States",UTC−06:00
MUW,DAOV,Ghriss Airport,"Ghriss, Algeria",UTC+01:00
MUX,OPMT,Multan International Airport,"Multan, Pakistan",UTC+05:00
MUY,FCBM,Mouyondzi Airport,"Mouyondzi, Republic of the Congo",UTC+01:00
MUZ,HTMU,Musoma Airport,"Musoma, Tanzania",UTC+03:00
MVA,BIRL,Mývatn Airport,"Mývatn, Iceland",UTC±00:00
MVB,FOON,M'Vengue El Hadj Omar Bongo Ondimba International Airport,"Franceville, Gabon",UTC+01:00
MVC,KMVC,Monroe County Airport,"Monroeville, Alabama, United States",UTC−06:00
MVD,SUMU,Carrasco Gral. Cesáreo L. Berisso International Airport,"Montevideo, Uruguay",UTC−03:00
MVE,KMVE,Montevideo–Chippewa County Airport,"Montevideo, Minnesota, United States",UTC−06:00
MVF,SBMS,Gov. Dix-Sept Rosado Airport,"Mossoró, Rio Grande do Norte, Brazil",UTC−03:00
MVG,,Mevang Airport,"Mevang, Gabon",UTC+01:00
MVH,,Macksville Airport[1],"Macksville, New South Wales, Australia",UTC+10:00
MVI,,Manetai Airport[1],"Manetai, Papua New Guinea",UTC+11:00
MVK,YMUK,Mulka Airport,"Mulka, South Australia, Australia",UTC+09:30
MVL,KMVL,Morrisville–Stowe State Airport,"Morrisville / Stowe, Vermont, United States",UTC−05:00
MVM,,Kayenta Airport (FAA: 0V7),"Kayenta, Arizona, United States",UTC−07:00
MVN,KMVN,Mount Vernon Airport,"Mount Vernon, Illinois, United States",UTC−06:00
MVO,FTTM,Mongo Airport,"Mongo, Chad",UTC+01:00
MVP,SKMU,Fabio Alberto León Bentley Airport,"Mitú, Colombia",UTC−05:00
MVQ,UMOO,Mogilev Airport,"Mogilev, Belarus",UTC+03:00
MVR,FKKL,Salak Airport,"Maroua, Cameroon",UTC+01:00
MVS,SNMU,Mucuri Airport,"Mucuri, Bahia, Brazil",UTC−03:00
MVT,NTGV,Mataiva Airport,"Mataiva, Tuamotus, French Polynesia",UTC−10:00
MVU,YMGV,Musgrave Airport,"Musgrave, Queensland, Australia",UTC+08:00
MVV,LFHM,Megève Altiport,"Megève, Rhône-Alpes, France",UTC+01:00
MVW,KBVS,Skagit Regional Airport (FAA: BVS),"Burlington / Mount Vernon, Washington, United States",UTC−08:00
MVX,FOGV,Minvoul Airport,"Minvoul, Gabon",UTC+01:00
MVY,KMVY,Martha's Vineyard Airport,"Vineyard Haven, Massachusetts, United States",UTC−05:00
MVZ,FVMV,Masvingo Airport,"Masvingo, Zimbabwe",UTC+02:00
MWA,KMWA,Williamson County Regional Airport,"Marion, Illinois, United States",UTC−06:00
MWB,YMRW,Morawa Airport,"Morawa, Western Australia, Australia",UTC+08:00
MWC,KMWC,Lawrence J. Timmerman Airport,"Milwaukee, Wisconsin, United States",UTC−06:00
MWD,OPMI,PAF Base M.M. Alam,"Mianwali, Pakistan",UTC+05:00
MWE,HSMR,Merowe Airport,"Merowe, Sudan",UTC+03:00
MWF,NVSN,Maewo-Naone Airport,"Maewo, Vanuatu",UTC+11:00
MWG,,Marawaka Airport,"Marawaka, Papua New Guinea",UTC+10:00
MWH,KMWH,Grant County International Airport,"Moses Lake, Washington, United States",UTC−08:00
MWI,,Maramuni Airport[1],"Maramuni, Papua New Guinea",UTC+10:00
MWJ,SYMR,Matthews Ridge Airport,"Matthew's Ridge, Guyana",UTC−04:00
MWK,WIOM,Matak Airport (Tarempa Airport),"Matak, Indonesia",UTC+07:00
MWL,KMWL,Mineral Wells Airport,"Mineral Wells, Texas, United States",UTC−06:00
MWM,KMWM,Windom Municipal Airport,"Windom, Minnesota, United States",UTC−06:00
MWN,HTMD,Mwadui Airport[1],"Mwadui, Tanzania",UTC+03:00
MWO,KMWO,Middletown Regional Airport (Hook Field),"Middletown, Ohio, United States",UTC−05:00
MWQ,VYMW,Magway Airport,"Magway, Myanmar",UTC+06:30
MWR,,Motswari Airstrip[1],"Motswari, South Africa",UTC+02:00
MWT,YMWT,Moolawatana Airport,"Moolawatana Station, South Australia, Australia",UTC+09:30
MWU,,Mussau Island Airport,"Mussau Island, Papua New Guinea",UTC+10:00
MWV,VDMK,Mondulkiri Airport[1],"Senmonorom, Cambodia",UTC+07:00
MWX,RKJB,Muan International Airport[1],"Muan, South Korea",UTC+09:00
MWY,YMIR,Miranda Downs Airport,"Miranda Downs, Queensland, Australia",UTC+10:00
MWZ,HTMW,Mwanza Airport,"Mwanza, Tanzania",UTC+03:00
MXA,KMXA,Manila Municipal Airport,"Manila, Arkansas, United States",UTC−06:00
MXB,WAWM,Andi Jemma Airport,"Masamba, Indonesia",UTC+08:00
MXC,,Monticello Airport (FAA: U43),"Monticello, Utah, United States",UTC−07:00
MXD,YMWX,Marion Downs Airport,"Marion Downs Station, Queensland, Australia",UTC+10:00
MXE,KMEB,Laurinburg–Maxton Airport (FAA: MEB),"Laurinburg / Maxton, North Carolina, United States",UTC−05:00
MXF,KMXF,Maxwell Air Force Base,"Montgomery, Alabama, United States",UTC−06:00
MXG,,Marlboro Airport[1] (FAA: 9B1),"Marlborough, Massachusetts, United States",UTC−05:00
MXH,AYMR,Moro Airport,"Moro, Papua New Guinea",UTC+10:00
MXI,RPMQ,Mati Airport (Imelda R. Marcos Airport),"Mati, Philippines",UTC+08:00
MXJ,DNMN,Minna Airport,"Minna, Nigeria",UTC+01:00
MXK,,Mindik Airport,"Mindik, Papua New Guinea",UTC+10:00
MXL,MMML,General Rodolfo Sánchez Taboada International Airport,"Mexicali, Baja California, Mexico",UTC−08:00
MXM,FMSR,Morombe Airport,"Morombe, Madagascar",UTC+03:00
MXN,LFRU,Morlaix – Ploujean Airport,"Morlaix, Brittany, France",UTC+01:00
MXO,KMXO,Monticello Regional Airport,"Monticello, Iowa, United States",UTC−06:00
MXP,LIMC,Milan–Malpensa Airport,"Milan, Lombardy, Italy",UTC+01:00
MXR,,Myrhorod Air Base,"Myrhorod, Ukraine",UTC+02:00
MXS,NSMA,Maota Airport,"Maota, Samoa",UTC+13:00
MXT,FMMO,Maintirano Airport,"Maintirano, Madagascar",UTC+03:00
MXU,YMWA,Mullewa Airport,"Mullewa, Western Australia, Australia",UTC+08:00
MXV,ZMMN,Mörön Airport,"Mörön, Mongolia",UTC+08:00
MXW,ZMMG,Mandalgovi Airport,"Mandalgovi, Mongolia",UTC+08:00
MXX,ESKM,Mora–Siljan Airport,"Mora, Sweden",UTC+01:00
MXY,PAMX,McCarthy Airport (FAA: 15Z),"McCarthy, Alaska, United States",UTC−09:00
MXZ,ZGMX,Meixian Airport,"Meizhou, Guangdong, China",UTC+08:00
MYA,YMRY,Moruya Airport,"Moruya, New South Wales, Australia",UTC+10:00
MYB,FOOY,Mayumba Airport,"Mayumba, Gabon",UTC+01:00
MYC,SVBS,Mariscal Sucre Airport[1],"Maracay, Venezuela",UTC−04:00
MYD,HKML,Malindi Airport,"Malindi, Kenya",UTC+03:00
MYE,RJTQ,Miyakejima Airport,"Miyake-jima, Japan",UTC+09:00
MYF,KMYF,Montgomery Field Airport,"San Diego, California, United States",UTC−08:00
MYG,MYMM,Mayaguana Airport (Abraham's Bay Airport),"Mayaguana, Bahamas",UTC−05:00
MYH,,Marble Canyon Airport[1] (FAA: L41),"Marble Canyon, Arizona, United States",UTC−07:00
MYI,YMUI,Murray Island Airport,"Murray Island, Queensland, Australia",UTC+10:00
MYJ,RJOM,Matsuyama Airport,"Matsuyama, Shikoku, Japan",UTC+09:00
MYK,,May Creek Airport,"May Creek, Alaska, United States",UTC−09:00
MYL,KMYL,McCall Municipal Airport,"McCall, Idaho, United States",UTC−07:00
MYM,SYMM,Monkey Mountain Airport,"Monkey Mountain, Guyana",UTC−04:00
MYN,OYMB,Marib Airport,"Ma'rib, Yemen",UTC+03:00
MYO,YMYR,Myroodah Airport,"Myroodah Station, Western Australia, Australia",UTC+08:00
MYP,UTAM,Mary International Airport,"Mary, Turkmenistan",UTC+05:00
MYQ,VOMY,Mysore Airport (Mandakalli Airport),"Mysore, Karnataka, India",UTC+05:30
MYR,KMYR,Myrtle Beach International Airport,"Myrtle Beach, South Carolina, United States",UTC−05:00
MYT,VYMK,Myitkyina Airport,"Myitkyina, Myanmar",UTC+06:30
MYU,PAMY,Mekoryuk Airport,"Mekoryuk, Alaska, United States",UTC−09:00
MYV,KMYV,Yuba County Airport,"Marysville, California, United States",UTC−08:00
MYW,HTMT,Mtwara Airport,"Mtwara, Tanzania",UTC+03:00
MYX,,Menyamya Airport,"Menyamya, Papua New Guinea",UTC+10:00
MYY,WBGR,Miri Airport,"Miri, Sarawak, Malaysia",UTC+08:00
MYZ,FWMY,Monkey Bay Airport,"Monkey Bay, Malawi",UTC+02:00
MZA,SPMF,Manuel Prado Ugarteche Airport[1],"Mazamari, Peru",UTC−05:00
MZB,FQMP,Mocímboa da Praia Airport,"Mocímboa da Praia, Mozambique",UTC+02:00
MZC,FOOM,Mitzic Airport,"Mitzic, Gabon",UTC+01:00
MZD,,Méndez Airport,"Santiago de Méndez, Ecuador",UTC−05:00
MZE,MZSL,Manatee Airport[1],"Spanish Lookout, Belize",UTC−06:00
MZF,FAMW,Wild Coast Sun Airport,"Mzamba, South Africa",UTC+02:00
MZG,RCQC,Magong Airport,"Magong, Taiwan",UTC+08:00
MZH,LTAP,Amasya Merzifon Airport,"Amasya, Turkey",UTC+03:00
MZI,GAMB,Mopti Airport (Ambodedjo Airport),"Mopti, Mali",UTC±00:00
MZJ,KMZJ,Pinal Airpark,"Marana, Arizona, United States",UTC−07:00
MZK,NGMK,Marakei Airport,"Marakei, Kiribati",UTC+12:00
MZL,SKMZ,La Nubia Airport (Santaguida Airport),"Manizales, Colombia",UTC−05:00
MZM,LFSF,Metz-Frescaty Air Base,"Metz, Lorraine, France",UTC+01:00
MZN,,Minj Airport,"Minj, Papua New Guinea",UTC+10:00
MZO,MUMZ,Sierra Maestra Airport,"Manzanillo, Cuba",UTC−05:00
MZP,NZMK,Motueka Aerodrome,"Motueka, New Zealand",UTC+12:00
MZQ,FAMU,Mkuze Airport[1],"Mkuze, South Africa",UTC+02:00
MZR,OAMS,Mazar-e Sharif International Airport,"Mazar-i-Sharif, Afghanistan",UTC+04:30
MZT,MMMZ,General Rafael Buelna International Airport,"Mazatlán, Sinaloa, Mexico",UTC−07:00
MZU,VEMZ,Muzaffarpur Airport,"Muzaffarpur, Bihar, India",UTC+05:30
MZV,WBMU,Mulu Airport,"Mulu, Sarawak, Malaysia",UTC+08:00
MZW,DAAY,Mécheria Airport,"Mécheria, Algeria",UTC+01:00
MZX,HAML,Mena Airport,"Mena, Ethiopia",UTC+03:00
MZY,FAMO,Mossel Bay Airport,"Mossel Bay, South Africa",UTC+02:00
MZZ,KMZZ,Marion Municipal Airport,"Marion, Indiana, United States",UTC−05:00
NAA,YNBR,Narrabri Airport[1],"Narrabri, New South Wales, Australia",
NAC,YNRC,Naracoorte Airport[1],"Naracoorte, South Australia, Australia",
NAD,,Macanal Airport[1],"Macanal, Colombia",
NAE,DBBN,Boundétingou Airport,"Natitingou, Benin",
NAF,,Banaina Airport[1],"Banaina, Indonesia",
NAG,VANP,Dr. Babasaheb Ambedkar International Airport,"Nagpur, Maharashtra, India",
NAH,WAMH,Naha Airport,"Tahuna, Indonesia",
NAI,SYAN,Annai Airport,"Annai, Guyana",
NAJ,UBBN,Nakhchivan International Airport,"Nakhchivan, Azerbaijan",
NAK,VTUQ,Nakhon Ratchasima Airport,"Nakhon Ratchasima, Thailand",
NAL,URMN,Nalchik Airport,"Nalchik, Kabardino-Balkaria, Russia",
NAM,WAPR,Namlea Airport[1],"Namlea, Indonesia",
NAN,NFFN,Nadi International Airport,"Nadi, Fiji",
NAO,ZUNC,Nanchong Gaoping Airport,"Nanchong, Sichuan, China",
NAP,LIRN,Naples International Airport,"Naples, Campania, Italy",
NAQ,BGQQ,Qaanaaq Airport[1],"Qaanaaq, Greenland",UTC-04:00
NAR,SKPN,Puerto Nare Airport[1],"Puerto Nare, Colombia",
NAS,MYNN,Lynden Pindling International Airport,"Nassau, New Providence, Bahamas",
NAT,SBNT,São Gonçalo do Amarante–Governador Aluízio Alves International Airport,"Natal, Rio Grande do Norte, Brazil",
NAU,NTGN,Napuka Airport[1],"Napuka, Tuamotus, French Polynesia",
NAV,LTAZ,Nevşehir Kapadokya Airport,"Nevşehir, Turkey",
NAW,VTSC,Narathiwat Airport[1],"Narathiwat, Thailand",
NAY,ZBNY,Beijing Nanyuan Airport,"Beijing, China",
NAZ,AGNA,Nana Airport[1],"Star Harbour, Solomon Islands",
NBA,,Nambaiyufa Airport[1],"Nambaiyufa, Papua New Guinea",
NBB,SKBM,Barranco Minas Airport[1],"Barranco Minas, Colombia",
NBC,UWKE,Begishevo Airport,"Nizhnekamsk / Naberezhnye Chelny, Tatarstan, Russia",
NBE,DTNH,Enfidha-Hammamet International Airport,"Enfidha, Tunisia",
NBG,KNBG,NAS JRB New Orleans (Alvin Callender Field),"New Orleans, Louisiana, United States",
NBH,YNHS,Nambucca Heads Airport[1],"Nambucca Heads, New South Wales, Australia",
NBL,MPWN,Wannukandi Airport[1],"San Blas, Panama",
NBN,FGAB,Annobón Airport,"Annobón, Equatorial Guinea",
NBO,HKJK,Jomo Kenyatta International Airport,"Nairobi, Kenya",
NBS,ZYBS,Changbaishan Airport,"Baishan, Jilin, China",
NBW,KNBW,Leeward Point Field,"Guantánamo Bay, Cuba",
NBX,WABI,Nabire Airport,"Nabire, Indonesia",
NCA,MBNC,North Caicos Airport,"North Caicos, British Overseas Territory of Turks and Caicos Islands",
NCE,LFMN,Nice Côte d'Azur Airport,"Nice, Provence-Alpes-Côte d'Azur, France",
NCG,MMCG,Nuevo Casas Grandes Municipal Airport,"Nuevo Casas Grandes, Chihuahua, Mexico",
NCH,HTNA,Nachingwea Airport[1],"Nachingwea, Tanzania",
NCI,SKNC,Antioquia Airport[1],"Necoclí, Colombia",
NCJ,SAFS,Sunchales Aeroclub Airport[1],"Sunchales, Santa Fe, Argentina",
NCL,EGNT,Newcastle Airport,"Newcastle upon Tyne, England, United Kingdom",
NCN,PFCB,Chenega Bay Airport (FAA: C05),"Chenega, Alaska, United States",
NCO,KOQU,Quonset State Airport[1] (FAA: OQU),"North Kingstown, Rhode Island, United States",
NCR,MNSC,San Carlos Airport[1],"San Carlos, Nicaragua",
NCS,FANC,Newcastle Airport[1],"Newcastle, South Africa",
NCT,MRNC,Nicoya Guanacaste Airport[1],"Nicoya, Costa Rica",
NCU,UTNN,Nukus Airport,"Nukus, Uzbekistan",
NCY,LFLP,Annecy – Haute-Savoie – Mont Blanc Airport,"Annecy, Rhône-Alpes, France",
NDA,WAPC,Bandanaira Airport[1],"Banda Islands, Indonesia",
NDB,GQPP,Nouadhibou International Airport,"Nouadhibou, Mauritania",
NDC,VAND,Shri Guru Gobind Singh Ji Airport,"Nanded, Maharashtra, India",
NDD,FNSU,Sumbe Airport[1],"Sumbe, Angola",
NDE,HKMA,Mandera Airport[1],"Mandera, Kenya",
NDF,,N'dalatando Airport[1],"N'dalatando, Angola",
NDG,ZYQQ,Qiqihar Sanjiazi Airport[1],"Qiqihar, Heilongjiang, China",
NDI,,Namudi Airport[1],"Namudi, Papua New Guinea",
NDJ,FTTJ,N'Djamena International Airport,"N'Djamena, Chad",
NDK,,Namorik Airport (Namdrik Airport) (FAA: 3N0),"Namdrik Atoll, Marshall Islands",
NDL,FEFN,N'Délé Airport[1],"N'Délé (Ndele), Central African Republic",
NDM,HAMN,Mendi Airport,"Mendi, Ethiopia",
NDN,,Nadunumu Airport[1],"Nadunumu, Papua New Guinea",
NDP,,Naval Air Station Ellyson Field[2] (now retired),"Pensacola, Florida, United States",
NDR,GMMW,Nador International Airport,"Nador, Morocco",
NDS,YSAN,Sandstone Airport[1],"Sandstone, Western Australia, Australia",
NDU,FYRU,Rundu Airport,"Rundu, Namibia",
NDY,EGES,Sanday Airport,"Sanday, Scotland, United Kingdom",
NEC,SAZO,Necochea Airport,"Necochea, Buenos Aires, Argentina",
NEF,UWUF,Neftekamsk Airport,"Neftekamsk, Bashkortostan, Russia",
NEG,MKNG,Negril Aerodrome,"Negril, Jamaica",
NEJ,HANJ,Nejjo Airport[1],"Nejo, Ethiopia",
NEK,HANK,Nekemte Airport[1],"Nekemte, Ethiopia",
NEL,KNEL,NAES Lakehurst (Maxfield Field),"Lakehurst, New Jersey, United States",
NEN,KNEN,NOLF Whitehouse,"Jacksonville, Florida, United States",
NER,UELL,Chulman Neryungri Airport,"Neryungri, Yakutia, Russia",
NEU,VLSN,Nathong Airport[1],"Xam Neua, Laos",
NEV,TKPN,Vance W. Amory International Airport,"Nevis, Saint Kitts and Nevis",
NEW,KNEW,Lakefront Airport,"New Orleans, Louisiana, United States",
NFG,USRN,Nefteyugansk Airport,"Nefteyugansk, Khanty-Mansi Autonomous Okrug, Russia",
NFL,KNFL,NAS Fallon (Van Voorhis Field),"Fallon, Nevada, United States",
NFO,NFTO,Niuafo'ou Airport,"Niuafo'ou, Tonga",
NFR,HLNR,Nafoora Airport,"Nafoora, Libya",
NGA,YYNG,Young Airport[1],"Young, New South Wales, Australia",
NGB,ZSNB,Ningbo Lishe International Airport,"Ningbo, Zhejiang, China",
NGD,TUPA,Auguste George Airport,"Anegada, British Overseas Territory of Virgin Islands",
NGE,FKKN,Ngaoundéré Airport[1],"Ngaoundéré, Cameroon",
NGF,PHNG,MCAS Kaneohe Bay[1],"Kaneohe, Hawaii, United States",
NGI,NFNG,Gau Airport[1],"Gau Island, Fiji",
NGK,UHSN,Nogliki Airport[1],"Nogliki, Sakhalin Oblast, Russia",
NGL,FANG,Ngala Airfield[1],"Ngala, South Africa",
NGN,,Narganá Airport[1],"Narganá, Panama",
NGO,RJGG,Chūbu Centrair International Airport,"Nagoya, Honshu, Japan",
NGP,KNGP,NAS Corpus Christi (Truax Field),"Corpus Christi, Texas, United States",
NGQ,ZUAL,Ngari Gunsa Airport,"Shiquanhe, Tibet Autonomous Region, China",
NGR,,Ningerum Airport[1],"Ningerum, Papua New Guinea",
NGS,RJFU,Nagasaki Airport,"Nagasaki, Kyushu, Japan",
NGU,KNGU,NS Norfolk (Chambers Field),"Norfolk, Virginia, United States",
NGW,KNGW,NOLF Cabaniss Field,"Corpus Christi, Texas, United States",
NGX,VNMA,Manang Airport[1],"Manang, Nepal",
NHA,VVNT,Nha Trang Air Base[1],"Nha Trang, Vietnam",
NHD,OMDM,Al Minhad Air Base[1],"Dubai, United Arab Emirates",
NHF,HSNW,New Halfa Airport[1],"New Halfa, Sudan",
NHK,KNHK,NAS Patuxent River (Trapnell Field),"Patuxent River, Maryland, United States",
NHS,,Nushki Airport[1],"Nushki, Pakistan",
NHT,EGWU,RAF Northolt,"Northolt, England, United Kingdom",
NHV,NTMD,Nuku Hiva Airport[1],"Nuku Hiva, Marquesas Islands, French Polynesia",
NHX,KNBJ,NOLF Barin (FAA: NBJ),"Foley, Alabama, United States",
NHZ,KBXM,Brunswick Executive Airport,"Brunswick, Maine, United States",
NIA,GLNA,Nimba Airport,"Nimba, Liberia",
NIB,PAFS,Nikolai Airport (FAA: FSP),"Nikolai, Alaska, United States",
NIC,LCNC,Nicosia International Airport1,"Nicosia, Cyprus",
NIF,YCNF,Nifty Airport[1],"Nifty Copper Mine, Telfer, Western Australia, Australia",
NIG,NGNU,Nikunau Airport[1],"Nikunau, Kiribati",
NIK,,Niokolo-Koba Airport[1],"Niokolo-Koba, Senegal",
NIM,DRRN,Diori Hamani International Airport,"Niamey, Niger",
NIN,,Ninilchik Airport,"Ninilchik, Alaska, United States",
NIO,FZBI,Nioki Airport,"Nioki, Democratic Republic of the Congo",
NIP,KNIP,NAS Jacksonville (Towers Field),"Jacksonville, Florida, United States",
NIR,,Chase Field Industrial Complex[1] (FAA: 1XA2),"Beeville, Texas, United States",
NIS,,Simberi Airport,"Simberi Island, Papua New Guinea",
NIT,LFBN,Niort - Souché Airport[1],"Niort, Poitou-Charentes, France",
NIU,NTKN,Niau Airport[1],"Niau, Tuamotus, French Polynesia",
NIX,GANR,Nioro Airport,"Nioro du Sahel, Mali",
NJA,RJTA,Naval Air Facility Atsugi[1],"Atsugi, Honshu, Japan",
NJC,USNN,Nizhnevartovsk Airport,"Nizhnevartovsk, Khanty-Mansi Autonomous Okrug, Russia",
NJF,ORNI,Al Najaf International Airport,"Al Najaf, Iraq",
NJK,KNJK,NAF El Centro,"El Centro, California, United States",
NKA,,Nkan Airport[1],"Ntoum (Nkan), Gabon",
NKB,,Noonkanbah Airport[1],"Noonkanbah Station, Western Australia, Australia",
NKC,GQNO,Nouakchott–Oumtounsy International Airport,"Nouakchott, Mauritania",
NKD,,Sinak Airport[1],"Sinak, Indonesia",
NKG,ZSNJ,Nanjing Lukou International Airport,"Nanjing, Jiangsu, China",
NKI,,Naukati Bay Seaplane Base[1] (FAA: AK62),"Naukati Bay, Alaska, United States",
NKL,FZAR,Nkolo-Fuma Airport,"Kolo Fuma, Democratic Republic of the Congo",
NKM,RJNA,Nagoya Airfield (Komaki Airport),"Nagoya, Honshu, Japan",
NKN,,Nankina Airport[1],"Nankina, Papua New Guinea",
NKO,,Ankokoambo Airport[1],"Ankokoambo, Madagascar",
NKP,,Nukutepipi Airport[1],"Nukutepipi, Tuamotus, French Polynesia",
NKS,FKAN,Nkongsamba Airport,"Nkongsamba, Cameroon",
NKT,LTCV,Şırnak Airport,"Şırnak / Cizre, Turkey",
NKU,FXNK,Nkaus Airport[1],"Nkau, Lesotho",
NKX,KNKX,MCAS Miramar,"San Diego, California, United States",
NKY,FCBY,Yokangassi Airport,"Nkayi (N'kayi), Republic of the Congo",
NLA,FLND,Simon Mwansa Kapwepwe International Airport,"Ndola, Zambia",
NLC,KNLC,NAS Lemoore (Reeves Field),"Lemoore, California, United States",
NLD,MMNL,Quetzalcóatl International Airport,"Nuevo Laredo, Tamaulipas, Mexico",
NLE,,Jerry Tyler Memorial Airport (FAA: 3TR),"Niles, Michigan, United States",
NLF,YDNI,Darnley Island Airport[1],"Darnley Island, Queensland, Australia",
NLG,PAOU,Nelson Lagoon Airport (FAA: OUL),"Nelson Lagoon, Alaska, United States",
NLH,,Ninglang Luguhu Airport[1],"Ninglang, Yunnan, China",
NLI,UHNN,Nikolayevsk-on-Amur Airport,"Nikolayevsk-on-Amur, Khabarovsk Krai, Russia",
NLK,YSNF,Norfolk Island Airport,"Norfolk Island, Australia",
NLL,YNUL,Nullagine Airport[1],"Nullagine, Western Australia, Australia",
NLN,,Kneeland Airport[1] (FAA: O19),"Arcata / Eureka, California, United States",
NLO,FZAB,N'Dolo Airport[1],"Kinshasa, Democratic Republic of the Congo",
NLP,FANS,Nelspruit Airport[1],"Mbombela, South Africa",
NLS,,Nicholson Airport[1],"Nicholson, Western Australia, Australia",
NLT,ZWNL,Xinyuan Nalati Airport,"Xinyuan, Xinjiang, China",
NLU,MMSM,"Santa Lucía Air Force Base Num 1, Felipe Ángeles International Airport","Zumpango, State of Mexico, Mexico",
NLV,UKON,Mykolaiv International Airport,"Mykolaiv, Ukraine",
NMA,UTFN,Namangan Airport[1],"Namangan, Uzbekistan",
NMB,VADN,Daman Airport,"Daman, Daman and Diu, India",
NMC,MYEN,Norman's Cay Airport[1],"Norman's Cay, Exuma Islands, Bahamas",
NME,PAGT,Nightmute Airport (FAA: IGT),"Nightmute, Alaska, United States",
NMF,VRDA,Maafaru International Airport[1],"Maafaru, Noonu, Maldives",
NMG,,San Miguel Airport[1],"San Miguel, Panama",
NML,,Fort McMurray/Mildred Lake Airport[1] (TC: CAJ3),"Fort McMurray, Alberta, Canada",
NMN,,Nomane Airport[1],"Nomane, Papua New Guinea",
NMP,,New Moon Airport[1],"New Moon, Queensland, Australia",
NMR,YNAP,Nappa Merrie Airport[1],"Nappa Merrie, Queensland, Australia",
NMS,VYNS,Nansang Airport[1],"Nansang (Namsang), Myanmar",
NMT,VYNT,Namtu Airport[1],"Namtu, Myanmar",
NNA,GMMY,Kenitra Air Base,"Kenitra, Morocco",
NNB,AGGT,Santa Ana Airport[1],"Santa Ana Island (Owaraha), Solomon Islands",
NND,,Nangade Airport[1],"Nangade, Mozambique",
NNG,ZGNN,Nanning Wuxu International Airport,"Nanning, Guangxi, China",
NNI,FYNA,Namutoni Airport[1],"Namutoni, Namibia",
NNK,,Naknek Airport (FAA: 5NK),"Naknek, Alaska, United States",
NNL,PANO,Nondalton Airport (FAA: 5NN),"Nondalton, Alaska, United States",
NNM,ULAM,Naryan-Mar Airport,"Naryan-Mar, Nenets Autonomous Okrug, Russia",
NNR,EICA,Connemara Airport,"Spiddal, Ireland",
NNT,VTCN,Nan Nakhon Airport[1],"Nan, Thailand",
NNU,SNNU,Nanuque Airport[1],"Nanuque, Minas Gerais, Brazil",
NNX,WRLF,Nunukan Airport,"Nunukan, Indonesia",
NNY,ZHNY,Nanyang Jiangying Airport,"Nanyang, Henan, China",
NOA,YSNW,NAS Nowra[1],"Nowra, New South Wales, Australia",
NOB,MRNS,Nosara Airport,"Nosara, Costa Rica",
NOC,EIKN,Ireland West Airport Knock,"Knock, Ireland",
NOD,EDWS,Norddeich Airport,"Norden, Lower Saxony, Germany",
NOG,MMNG,Nogales International Airport,"Nogales, Sonora, Mexico",
NOI,,Novorossiysk Airport[1],"Novorossiysk, Krasnodar Krai, Russia",
NOJ,USRO,Noyabrsk Airport,"Noyabrsk, Yamalo-Nenets Autonomous Okrug, Russia",
NOK,SWXV,Nova Xavantina Airport[1],"Nova Xavantina, Mato Grosso, Brazil",
NOM,ATNR,Nomad River Airport[1],"Nomad River, Papua New Guinea",
NON,NGTO,Nonouti Airport[1],"Nonouti, Kiribati",
NOO,,Naoro Airport[1],"Naoro, Papua New Guinea",
NOP,LTCM,Sinop Airport,"Sinop, Turkey",
NOR,BINF,Norðfjörður Airport[1],"Nordfjordur, Iceland",
NOS,FMNN,Fascene Airport[1],"Nosy Be, Madagascar",
NOT,KDVO,Marin County Airport (Gnoss Field) (FAA: DVO),"Novato, California, United States",
NOU,NWWW,La Tontouta International Airport,"Nouméa, New Caledonia",
NOV,FNHU,Albano Machado Airport,"Huambo, Angola",
NOZ,UNWW,Spichenkovo Airport,"Novokuznetsk, Kemerovo Oblast, Russia",
NPA,KNPA,NAS Pensacola (Forrest Sherman Field),"Pensacola, Florida, United States",
NPE,NZNR,Hawke's Bay Airport,"Napier / Hastings, New Zealand",
NPG,,Nipa Airport[1],"Nipa, Papua New Guinea",
NPH,,Nephi Municipal Airport (FAA: U14),"Nephi, Utah, United States",
NPL,NZNP,New Plymouth Airport,"New Plymouth, New Zealand",
NPO,WIOG,Nanga Pinoh Airport[1],"Nanga Pinoh, Indonesia",
NPP,,Napperby Airport[1],"Napperby Station, Northern Territory, Australia",
NPR,SJNP,Novo Progresso Airport[1],"Novo Progresso, Pará, Brazil",
NPT,KUUU,Newport State Airport (FAA: UUU),"Newport, Rhode Island, United States",
NPU,,San Pedro de Urabá Airport[1],"San Pedro de Urabá, Colombia",
NPY,HTMP,Mpanda Airport,"Mpanda, Katavi Region, Tanzania",
NQA,KNQA,Millington Regional Jetport,"Millington, Tennessee, United States",
NQI,KNQI,NAS Kingsville,"Kingsville, Texas, United States",
NQL,SWNQ,Niquelândia Airport[1],"Niquelândia, Goiás, Brazil",
NQN,SAZN,Presidente Perón International Airport,"Neuquén, Neuquén, Argentina",
NQT,EGBN,Nottingham Airport[1],"Nottingham, England, United Kingdom",
NQU,SKNQ,Reyes Murillo Airport,"Nuquí, Colombia",
NQX,KNQX,NAS Key West (Boca Chica Field),"Key West, Florida, United States",
NQY,EGHQ,Newquay Airport,"Newquay, England, United Kingdom",
NQZ,UACC,"Nursultan Nazarbayev International Airport (since June 8, 2020)","Astana, Kazakhstan",
NRA,YNAR,Narrandera Airport[1],"Narrandera, New South Wales, Australia",
NRB,KNRB,NS Mayport (Admiral David L. McDonald Field),"Mayport, Florida, United States",
NRC,KNRC,NASA Crows Landing Airport,"Crows Landing, California, United States",
NRD,EDWY,Norderney Airfield,"Norderney, Lower Saxony, Germany",
NRE,WAPG,Namrole Airport,"Namrole, Indonesia",
NRG,YNRG,Narrogin Airport,"Narrogin, Western Australia, Australia",
NRI,,Grand Lake Regional Airport[1] (FAA: 3O9),"Afton, Oklahoma, United States",
NRK,ESSP,Norrköping Airport,"Norrköping, Sweden",
NRL,EGEN,North Ronaldsay Airport[1],"North Ronaldsay, Scotland, United Kingdom",
NRM,GANK,Keibane Airport,"Nara, Mali",
NRN,EDLV,Weeze Airport (Niederrhein Airport),"Weeze, North Rhine-Westphalia, Germany",
NRR,TJRV,José Aponte de la Torre Airport[1] (FAA: RVR),"Ceiba, Puerto Rico, United States",
NRS,KNRS,NOLF Imperial Beach (Ream Field),"Imperial Beach, California, United States",
NRT,RJAA,Narita International Airport,"Chiba, Honshu, Japan",
NRY,,Newry Airport[1],"Newry Station, Northern Territory, Australia",
NSB,,North Seaplane Base[1],"Bimini, Bahamas",
NSE,KNSE,NAS Whiting Field – North,"Milton, Florida, United States",
NSH,OINN,Noshahr Airport[1],"Nowshahr, Iran",
NSI,FKYS,Yaoundé Nsimalen International Airport,"Yaoundé, Cameroon",
NSK,UOOO,Alykel Airport,"Norilsk, Krasnoyarsk Krai, Russia",
NSL,KDVP,Slayton Municipal Airport[1] (FAA: DVP),"Slayton, Minnesota, United States",
NSM,YNSM,Norseman Airport[1],"Norseman, Western Australia, Australia",
NSN,NZNS,Nelson Airport,"Nelson, New Zealand",
NSO,YSCO,Scone Airport[1],"Scone, New South Wales, Australia",
NST,VTSF,Nakhon Si Thammarat Airport,"Nakhon Si Thammarat, Thailand",
NSV,YNSH,Noosa Airport[1],"Noosaville, Queensland, Australia",
NSY,LICZ,Naval Air Station Sigonella,"Catania, Sicily, Italy",
NTA,,Natadola Seaplane Base[1],"Natadola Bay, Fiji",
NTB,ENNO,"Notodden Airport, Tuven","Notodden, Norway",
NTC,,Santa Carolina Airport[1],"Santa Carolina, Mozambique",
NTD,KNTD,NAS Point Mugu (Naval Base Ventura County),"Point Mugu, California, United States",
NTE,LFRS,Nantes Atlantique Airport,"Nantes, Pays de la Loire, France",
NTG,ZSNT,Nantong Xingdong Airport,"Nantong, Jiangsu, China",
NTI,,Stenkool Airport[1],"Bintuni, Indonesia",
NTJ,,Manti-Ephraim Airport (FAA: 41U),"Manti, Utah, United States",
NTL,YWLM,Newcastle Airport / RAAF Base Williamtown,"Newcastle, New South Wales, Australia",
NTM,SNRW,Miracema do Tocantins Airport[1],"Miracema do Tocantins, Tocantins, Brazil",
NTN,YNTN,Normanton Airport[1],"Normanton, Queensland, Australia",
NTO,GVAN,Agostinho Neto Airport,"Santo Antão, Cape Verde",
NTQ,RJNW,Noto Airport[1],"Wajima, Honshu, Japan",
NTR,MMAN,Del Norte International Airport[1],"Monterrey, Nuevo León, Mexico",
NTT,NFTP,Niuatoputapu Airport,"Niuatoputapu, Tonga",
NTU,KNTU,NAS Oceana (Apollo Soucek Field),"Virginia Beach, Virginia, United States",
NTX,WION,Ranai Airport,"Natuna Islands, Indonesia",
NTY,FAPN,Pilanesberg International Airport,"Sun City, South Africa",
NUA,,Gregory Lake Seaplane Base[1],"Nuwara Eliya, Sri Lanka",
NUB,YNUM,Numbulwar Airport[1],"Numbulwar, Northern Territory, Australia",
NUD,HSNH,En Nahud Airport[1],"En Nahud, Sudan",
NUE,EDDN,Nuremberg Airport,"Nuremberg, Bavaria, Germany",
NUF,,Castlereigh Reservoir Seaplane Base[1],"Hatton, Sri Lanka",
NUG,,Nuguria Airstrip[1],"Nuguria, Papua New Guinea",
NUH,,Nunchía Airport[1],"Nunchía, Colombia",
NUI,PAQT,Nuiqsut Airport (FAA: AQT),"Nuiqsut, Alaska, United States",
NUJ,OIHS,Hamedan Air Base[1] (Nogeh Airport),"Hamadan, Iran",
NUK,NTGW,Nukutavake Airport,"Nukutavake, Tuamotus, French Polynesia",
NUL,PANU,Nulato Airport,"Nulato, Alaska, United States",
NUM,OENN,Neom Bay Airport,"Neom, Saudi Arabia",
NUN,KNUN,NOLF Saufley Field,"Pensacola, Florida, United States",
NUP,,Nunapitchuk Airport (FAA: 16A),"Nunapitchuk, Alaska, United States",
NUQ,KNUQ,Moffett Federal Airfield,"Mountain View, California, United States",
NUR,YNUB,Nullabor Motel Airport[1],"Nullarbor, South Australia, Australia",
NUS,NVSP,Norsup Airport,"Norsup, Malakula, Vanuatu",
NUT,,Nutuve Airport[1],"Nutuve, Papua New Guinea",
NUU,HKNK,Nakuru Airport[1],"Nakuru, Kenya",
NUW,KNUW,NAS Whidbey Island (Ault Field),"Oak Harbor, Washington, United States",
NUX,USMU,Novy Urengoy Airport,"Novy Urengoy, Yamalo-Nenets Autonomous Okrug, Russia",
NVA,SKNV,Benito Salas Airport,"Neiva, Colombia",
NVD,KNVD,Nevada Municipal Airport,"Nevada, Missouri, United States",
NVG,MNNG,Nueva Guinea Airport[1],"Nueva Guinea, Nicaragua",
NVI,UTSA,Navoiy International Airport[1],"Navoiy, Uzbekistan",
NVK,ENNK,"Narvik Airport, Framnes","Narvik, Norway",
NVN,,Nervino Airport (FAA: O02),"Beckwourth, California, United States",
NVP,,Novo Aripuanã Airport[1],"Novo Aripuanã, Amazonas, Brazil",
NVR,ULNN,Novgorod Airport,"Veliky Novgorod, Novgorod Oblast, Russia",
NVS,LFQG,Nevers - Fourchambault Airport[1],"Nevers, Burgundy, France",
NVT,SBNF,Navegantes–Ministro Victor Konder International Airport,"Navegantes, Santa Catarina, Brazil",
NVY,VONV,Neyveli Airport,"Neyveli, Tamil Nadu, India",
NWA,FMCI,Mohéli Bandar Es Eslam Airport[1],"Mohéli, Comoros",
NWH,,Parlin Field (FAA: 2B3),"Newport, New Hampshire, United States",
NWI,EGSH,Norwich International Airport,"Norwich, England, United Kingdom",
NWT,,Nowata Airport[1],"Nowata, Papua New Guinea",
NYA,USHN,Nyagan Airport,"Nyagan, Khanty-Mansi Autonomous Okrug, Russia",
NYC[1],,metropolitan area2,"New York City, New York, United States",
NYE,HKNI,Nyeri Airport[1],"Nyeri, Kenya",
NYG,KNYG,MCAF Quantico (Turner Field),"Quantico, Virginia, United States",
NYI,DGSN,Sunyani Airport,"Sunyani, Ghana",
NYK,HKNY,Nanyuki Airport,"Nanyuki, Kenya",
NYM,USMM,Nadym Airport,"Nadym, Yamalo-Nenets Autonomous Okrug, Russia",
NYN,YNYN,Nyngan Airport[1],"Nyngan, New South Wales, Australia",
NYO,ESKN,Stockholm Skavsta Airport,"Stockholm / Nyköping, Sweden",
NYR,UENN,Nyurba Airport,"Nyurba, Yakutia, Russia",
NYS,,New York Skyports Seaplane Base,"New York City, United States",
NYT,VYNT,Naypyidaw Airport,"Naypyidaw (Nay Pyi Taw), Myanmar",
NYU,VYBG,Nyaung U Airport,"Bagan / Nyaung-U, Myanmar",
NYW,VYMY,Monywa Airport[1],"Monywa, Myanmar",
NZA,FNZG,Nzagi Airport,"Nzagi, Angola",
NZC,SPZA,Maria Reiche Neuman Airport,"Nazca, Peru",
NZE,GUNZ,Nzérékoré Airport,"Nzérékoré, Guinea",
NZH,ZBMZ,Manzhouli Xijiao Airport[1],"Manzhouli, Inner Mongolia, China",
NZL,,Zhalantun Chengjisihan Airport[1],"Zhalantun, Inner Mongolia, China",
NZY,KNZY,NAS North Island (Halsey Field),"San Diego, California, United States",
OAA,OASH,Forward Operating Base Shank,"Gardez, Afghanistan",
OAG,YORG,Orange Airport[1],"Orange, New South Wales, Australia",
OAH,OASD,Shindand Air Base,"Shindand, Afghanistan",
OAI,OAIX,Bagram Airfield,"Bagram, Afghanistan",
OAJ,KOAJ,Albert J. Ellis Airport,"Jacksonville, North Carolina, United States",
OAK,KOAK,Oakland International Airport,"Oakland, California, United States",
OAL,SSKW,Capital do Café Airport[1],"Cacoal, Rondônia, Brazil",
OAM,NZOU,Oamaru Airport,"Oamaru, New Zealand",
OAN,MHEA,El Arrayán Airport[1],"Olanchito, Honduras",
OAR,KOAR,Marina Municipal Airport,"Monterey / Marina, California, United States",
OAS,OASA,Sharana Airstrip / Forward Operating Base Sharana,"Sharana, Afghanistan",
OAX,MMOX,Xoxocotlán International Airport,"Oaxaca de Juárez, Oaxaca, Mexico",
OAZ,OAZI,Camp Bastion Air Base,"Girishk (Gereshk), Afghanistan",
OBA,,Oban Airport[1],"Oban, Queensland, Australia",
OBC,HDOB,Obock Airport,"Obock, Djibouti",
OBD,,Obano Airport,"Obano, Indonesia",
OBE,KOBE,Okeechobee County Airport,"Okeechobee, Florida, United States",
OBF,EDMO,Oberpfaffenhofen Airport,"Oberpfaffenhofen, Bavaria, Germany",
OBI,SBTI,Óbidos Airport[1],"Óbidos, Pará, Brazil",
OBL,EBZR,Oostmalle Airfield,"Zoersel, Belgium",
OBM,,Morobe Airport[1],"Morobe, Papua New Guinea",
OBN,EGEO,Oban Airport[1] (North Connel Airport),"Oban, Scotland, United Kingdom",
OBO,RJCB,Tokachi–Obihiro Airport,"Obihiro, Hokkaido, Japan",
OBS,LFHO,Aubenas Aerodrome[1] (Ardèche Méridionale Aerodrome),"Aubenas, Rhône-Alpes, France",
OBU,PAOB,Kobuk Airport,"Kobuk, Alaska, United States",
OBX,AYOB,Obo Airport,"Obo, Papua New Guinea",
OCA,,Ocean Reef Club Airport (FAA: 07FA),"Key Largo, Florida, United States",
OCC,SECO,Francisco de Orellana Airport,"Puerto Francisco de Orellana (Coca), Ecuador",
OCE,KOXB,Ocean City Municipal Airport,"Ocean City, Maryland, United States",
OCF,KOCF,Ocala International Airport (Jim Taylor Field),"Ocala, Florida, United States",
OCH,KOCH,A.L. Mangham Jr. Regional Airport,"Nacogdoches, Texas, United States",
OCJ,MKBS,Ian Fleming International Airport,"Ocho Rios, Jamaica",
OCM,YBGD,Boolgeeda Airport[1],"Boolgeeda, Western Australia, Australia",
OCN,KOKB,Oceanside Municipal Airport (FAA: OKB),"Oceanside, California, United States",
OCS,,Corisco International Airport[1],"Corisco Island, Equatorial Guinea",
OCV,SKOC,Aguas Claras Airport[1],"Ocaña, Colombia",
OCW,KOCW,Washington–Warren Airport (Warren Field),"Washington, North Carolina, United States",
ODA,FEFW,Ouadda Airport[1],"Ouadda, Central African Republic",
ODB,LEBA,Córdoba Airport,"Córdoba, Andalusia, Spain",
ODC,,Oakdale Airport[1] (FAA: O27),"Oakdale, California, United States",
ODD,YOOD,Oodnadatta Airport[1],"Oodnadatta, South Australia, Australia",
ODE,EKOD,Hans Christian Andersen Airport,"Odense, Denmark",
ODH,EGVO,RAF Odiham,"Odiham, England, United Kingdom",
ODJ,FEGO,Ouanda Djallé Airport[1],"Ouanda Djallé, Central African Republic",
ODL,,Cordillo Downs Airport[1],"Cordillo Downs, South Australia, Australia",
ODM,,Garrett County Airport[1] (FAA: 2G4),"Oakland, Maryland, United States",
ODN,WBGI,Long Seridan Airport[1],"Long Seridan, Sarawak, Malaysia",
ODO,UIKB,Bodaybo Airport[1],"Bodaybo, Irkutsk Oblast, Russia",
ODR,YORV,Ord River Airport[1],"Ord River, Western Australia, Australia",
ODS,UKOO,Odesa International Airport,"Odesa, Ukraine",
ODW,KOKH,A.J. Eisenberg Airport (FAA: OKH),"Oak Harbor, Washington, United States",
ODY,VLOS,Oudomsay Airport,"Muang Xay (Oudomxai), Laos",
OEC,WPOC,Oecusse Airport,"Oecussi, East Timor",
OEL,UUOR,Oryol Yuzhny Airport,"Oryol (Orel), Oryol Oblast, Russia",
OEM,SMPA,Vincent Fayks Airport,"Paloemeu, Suriname",
OEO,KOEO,L.O. Simenstad Municipal Airport,"Osceola, Wisconsin, United States",
OER,ESNO,Örnsköldsvik Airport,"Örnsköldsvik, Sweden",
OES,SAVN,Antoine de Saint Exupéry Airport,"San Antonio Oeste, Río Negro, Argentina",
OFF,KOFF,Offutt Air Force Base,"Omaha, Nebraska, United States",
OFI,DIOF,Ouango Fitini Airport[1],"Ouango Fitini, Ivory Coast",
OFJ,BIOF,Ólafsfjörður Airport[1],"Ólafsfjörður, Iceland",
OFK,KOFK,Norfolk Regional Airport (Karl Stefan Memorial Field),"Norfolk, Nebraska, United States",
OFU,NSAS,Ofu Airport (FAA: Z08),"Ofu Island, American Samoa",
OGA,KOGA,Searle Field,"Ogallala, Nebraska, United States",
OGB,KOGB,Orangeburg Municipal Airport,"Orangeburg, South Carolina, United States",
OGD,KOGD,Ogden-Hinckley Airport,"Ogden, Utah, United States",
OGE,,Ogeramnang Airport[1],"Ogeramnang, Papua New Guinea",
OGG,PHOG,Kahului Airport,"Kahului, Hawaii, United States",
OGL,SYGO,Ogle Airport,"Georgetown, Guyana",
OGM,,Ustupu-Ogobsucum Airport[1],"Ustupo, Panama",
OGN,ROYN,Yonaguni Airport,"Yonaguni, Yaeyama Islands, Japan",
OGO,DIAU,Abengourou Airport[1],"Abengourou, Ivory Coast",
OGR,FTTB,Bongor Airport,"Bongor, Chad",
OGS,KOGS,Ogdensburg International Airport,"Ogdensburg, New York, United States",
OGU,LTCB,Ordu–Giresun Airport,"Ordu / Giresun, Turkey",
OGV,FYNG,Ongava Airstrip[1],"Ongava, Namibia",
OGX,DAUU,Ain Beida Airport,"Ouargla, Algeria",
OGZ,URMO,Beslan Airport,"Vladikavkaz, North Ossetia-Alania, Russia",
OHA,NZOH,RNZAF Base Ohakea[1],"Bulls, New Zealand",
OHB,,Ambohibary Airport[1],"Moramanga, Madagascar",
OHD,LWOH,"Ohrid ""St. Paul the Apostle"" Airport","Ohrid, North Macedonia",
OHE,ZYMH,Mohe Gulian Airport,"Mohe, Heilongjiang, China",
OHH,UHSH,Okha Airport (Novostroyka Airport),"Okha, Sakhalin Oblast, Russia",
OHI,FYOS,Oshakati Airport[1],"Oshakati, Namibia",
OHO,UHOO,Okhotsk Airport,"Okhotsk, Khabarovsk Krai, Russia",
OHR,EDXY,Wyk auf Föhr Airport[1],"Wyk auf Föhr, Schleswig-Holstein, Germany",
OHS,OOSH,Sohar Airport[1],"Sohar, Oman",
OHT,OPKT,PAF Base Kohat,"Kohat, Pakistan",
OIA,SDOW,Ourilândia do Norte Airport[1],"Ourilândia do Norte, Pará, Brazil",
OIC,KOIC,Lt. Warren Eaton Airport,"Norwich, New York, United States",
OIM,RJTO,Oshima Airport[1],"Ōshima, Izu Islands, Japan",
OIR,RJEO,Okushiri Airport,"Okushiri, Okushiri Island, Japan",
OIT,RJFO,Oita Airport,"Oita, Kyushu, Japan",
OJC,KOJC,Johnson County Executive Airport,"Olathe, Kansas, United States",
OJU,,Tanjung Api Airport,"Ampana, Tojo Una-Una Regency, Central Sulawesi, Indonesia",
OKA,ROAH,Naha Airport,"Okinawa, Ryukyu Islands, Japan",
OKB,YORC,Orchid Beach Airport,"Fraser Island, Queensland, Australia",
OKC,KOKC,Will Rogers World Airport,"Oklahoma City, Oklahoma, United States",
OKD,RJCO,Okadama Airport[1],"Sapporo, Hokkaido, Japan",
OKE,RJKB,Okinoerabu Airport[1],"Okinoerabujima, Amami Islands, Japan",
OKF,FYOO,Okaukuejo Airport[1],"Okaukuejo, Namibia",
OKG,,Okoyo Airport[1],"Okoyo, Republic of the Congo",
OKH,EGXJ,RAF Cottesmore,"Oakham, England, United Kingdom",
OKI,RJNO,Oki Airport[1],"Dogo, Oki Islands, Japan",
OKJ,RJOB,Okayama Airport,"Okayama, Honshu, Japan",
OKK,KOKK,Kokomo Municipal Airport,"Kokomo, Indiana, United States",
OKL,WAJO,Gunung Bintang Airport,"Oksibil, Indonesia",
OKM,KOKM,Okmulgee Regional Airport,"Okmulgee, Oklahoma, United States",
OKN,FOGQ,Okondja Airport[1],"Okondja, Gabon",
OKO,RJTY,Yokota Air Base[1],"Fussa, Honshu, Japan",
OKP,AYOJ,Oksapmin Airport[1],"Oksapmin, Papua New Guinea",
OKQ,WAKO,Okaba Airport[1],"Okaba, Indonesia",
OKR,YYKI,Yorke Island Airport[1],"Yorke Island, Queensland, Australia",
OKS,KOKS,Garden County Airport,"Oshkosh, Nebraska, United States",
OKT,UWUK,Oktyabrsky Airport,"Oktyabrsky, Bashkortostan, Russia",
OKU,FYMO,Mokuti Lodge Airport[1],"Mokuti Lodge, Namibia",
OKV,,Okao Airport[1],"Okao, Papua New Guinea",
OKY,YBOK,Oakey Army Aviation Centre[1],"Oakey, Queensland, Australia",
OLA,ENOL,Ørland Airport[1],"Ørland, Norway",
OLB,LIEO,Olbia Costa Smeralda Airport,"Olbia, Sardinia, Italy",
OLC,SDCG,Senadora Eunice Michiles Airport[1],"São Paulo de Olivença, Amazonas, Brazil",
OLD,KOLD,Old Town Municipal Airport and Seaplane Base (Dewitt Field),"Old Town, Maine, United States",
OLE,KOLE,Cattaraugus County-Olean Airport,"Olean, New York, United States",
OLF,KOLF,L. M. Clayton Airport,"Wolf Point, Montana, United States",
OLH,,Old Harbor Airport (FAA: 6R7),"Old Harbor, Alaska, United States",
OLI,BIRF,Rif Airport[1],"Ólafsvík, Iceland",
OLJ,NVSZ,Olpoi Airport[1] (North West Santo Airport),"Olpoi, Vanuatu",
OLK,SGOL,Fuerte Olimpo Airport,"Fuerte Olimpo, Paraguay",
OLL,,Oyo Ollombo Airport,"Oyo, Republic of the Congo",
OLM,KOLM,Olympia Regional Airport,"Olympia, Washington, United States",
OLN,SAVM,Lago Musters Airport[1],"Sarmiento, Chubut, Argentina",
OLO,LKOL,Olomouc Airport (Neředín Airport),"Olomouc, Czech Republic",
OLP,YOLD,Olympic Dam Airport[1],"Olympic Dam, South Australia, Australia",
OLQ,,Olsobip Airport[1],"Olsobip, Papua New Guinea",
OLR,OASL,Forward Operating Base Salerno,"Khost, Afghanistan",
OLS,KOLS,Nogales International Airport,"Nogales, Arizona, United States",
OLU,KOLU,Columbus Municipal Airport,"Columbus, Nebraska, United States",
OLV,KOLV,Olive Branch Airport,"Olive Branch, Mississippi, United States",
OLX,,Olkiombo Airstrip[1],"Olkiombo, Kenya",
OLY,KOLY,Olney-Noble Airport,"Olney / Noble, Illinois, United States",
OLZ,UEMO,Olyokminsk Airport,"Olyokminsk, Yakutia, Russia",
OMA,KOMA,Eppley Airfield,"Omaha, Nebraska, United States",
OMB,FOOH,Omboué Hospital Airport[1],"Omboué, Gabon",
OMC,RPVO,Ormoc Airport,"Ormoc, Philippines",
OMD,FYOG,Oranjemund Airport[1],"Oranjemund, Namibia",
OME,PAOM,Nome Airport,"Nome, Alaska, United States",
OMF,OJMF,King Hussein Air Base,"Mafraq, Jordan",
OMG,FYOE,Omega Airport[1],"Omega, Namibia",
OMH,OITR,Urmia Airport[1],"Urmia (Urūmiyeh), Iran",
OMI,OIAJ,Omidiyeh Air Base,"Omidiyeh, Iran",
OMJ,RJDU,Ōmura Airport[1],"Nagasaki / Ōmura, Kyushu, Japan",
OMK,KOMK,Omak Airport,"Omak, Washington, United States",
OML,,Omkalai Airport[1],"Omkalai, Papua New Guinea",
OMM,OOMX,Marmul Airport[1],"Marmul, Oman",
OMN,,Zomin Airport[1],"Zomin, Uzbekistan",
OMO,LQMO,Mostar Airport,"Mostar, Bosnia and Herzegovina",
OMR,LROD,Oradea International Airport,"Oradea, Romania",
OMS,UNOO,Omsk Tsentralny Airport,"Omsk, Omsk Oblast, Russia",
OMY,,Thbeng Meanchey Airport[1] (Preah Vinhear Airport),"Phnom Tbeng Meanchey, Cambodia",
ONA,KONA,Winona Municipal Airport (Max Conrad Field),"Winona, Minnesota, United States",
ONB,AYQQ,Ononge Airport[1],"Ononge, Papua New Guinea",
OND,FYOA,Ondangwa Airport[1],"Ondangwa, Namibia",
ONE,,Onepusu Airport[1],"Onepusu, Solomon Islands",
ONG,YMTI,Mornington Island Airport[1],"Mornington Island, Queensland, Australia",
ONH,,Oneonta Municipal Airport (FAA: N66),"Oneonta, New York, United States",
ONI,WABD,Moanamani Airport[1],"Moanemani (Moanamani), Indonesia",
ONJ,RJSR,Odate–Noshiro Airport,"Ōdate / Noshiro, Honshu, Japan",
ONK,UERO,Olenyok Airport,"Olenyok, Yakutia, Russia",
ONL,KONL,O'Neill Municipal Airport (John L. Baker Field),"O'Neill, Nebraska, United States",
ONM,KONM,Socorro Municipal Airport,"Socorro, New Mexico, United States",
ONO,KONO,Ontario Municipal Airport,"Ontario, Oregon, United States",
ONP,KONP,Newport Municipal Airport,"Newport, Oregon, United States",
ONQ,LTAS,Zonguldak Airport,"Zonguldak, Turkey",
ONR,YMNK,Monkira Airport[1],"Monkira, Queensland, Australia",
ONS,YOLW,Onslow Airport[1],"Onslow, Western Australia, Australia",
ONT,KONT,Ontario International Airport,"Ontario, California, United States",
ONU,NFOL,Ono-i-Lau Airport[1],"Ono-i-Lau, Fiji",
ONX,MPEJ,Enrique Adolfo Jiménez Airport,"Colón, Panama",
ONY,KONY,Olney Municipal Airport,"Olney, Texas, United States",
OOA,KOOA,Oskaloosa Municipal Airport,"Oskaloosa, Iowa, United States",
OOK,PAOO,Toksook Bay Airport,"Toksook Bay, Alaska, United States",
OOL,YBCG,Gold Coast Airport (Coolangatta Airport),"Gold Coast, Queensland, Australia",
OOM,YCOM,Cooma–Snowy Mountains Airport[1],"Cooma, New South Wales, Australia",
OOR,YMOO,Mooraberree Airport[1],"Mooraberree, Queensland, Australia",
OOT,NGON,Onotoa Airport[1],"Onotoa, Kiribati",
OPA,BIKP,Kópasker Airport[1],"Kópasker, Iceland",
OPB,,Open Bay Airport[1],"Open Bay, Papua New Guinea",
OPF,KOPF,Miami-Opa Locka Executive Airport,"Miami, Florida, United States",
OPI,YOEN,Oenpelli Airport[1],"Gunbalanya (Oenpelli), Northern Territory, Australia",
OPL,KOPL,St. Landry Parish Airport (Ahart Field),"Opelousas, Louisiana, United States",
OPO,LPPR,Francisco de Sá Carneiro Airport,"Porto, Portugal",
OPS,SWSI,Presidente João Figueiredo Airport,"Sinop, Mato Grosso, Brazil",
OPU,AYBM,Balimo Airport[1],"Balimo, Papua New Guinea",
OPW,FYOP,Opuwa Airport[1],"Opuwo, Namibia",
ORA,SASO,Orán Airport,"Orán, Salta, Argentina",
ORB,ESOE,Örebro Airport,"Örebro, Sweden",
ORC,SKOE,Orocue Airport[1],"Orocué, Colombia",
ORD,KORD,O'Hare International Airport,"Chicago, Illinois, United States",UTC−06:00
ORE,LFOZ,Orléans – Saint-Denis-de-l'Hôtel Airport[1],"Orléans, Centre-Val de Loire, France",
ORF,KORF,Norfolk International Airport,"Norfolk, Virginia, United States",
ORG,SMZO,Zorg en Hoop Airport,"Paramaribo, Suriname",
ORH,KORH,Worcester Regional Airport,"Worcester, Massachusetts, United States",
ORI,KORI,Port Lions Airport,"Port Lions, Alaska, United States",
ORJ,SYOR,Orinduik Airport,"Orinduik, Guyana",
ORK,EICK,Cork Airport,"Cork, Ireland",
ORL,KORL,Orlando Executive Airport,"Orlando, Florida, United States",
ORM,EGBK,Sywell Aerodrome,"Northampton, England, United Kingdom",
ORN,DAOO,Oran Es Sénia Airport,"Oran, Algeria",
ORO,MHYR,Yoro Airport[1],"Yoro, Honduras",
ORP,FBOR,Orapa Airport[1],"Orapa, Botswana",
ORR,YYOR,Yorketown Airport,"Yorketown, South Australia, Australia",
ORS,,Orpheus Island Resort Waterport,"Orpheus Island, Queensland, Australia",
ORT,PAOR,Northway Airport,"Northway, Alaska, United States",
ORU,SLOR,Juan Mendoza Airport,"Oruro, Bolivia",
ORV,PFNO,Robert (Bob) Curtis Memorial Airport (FAA: D76),"Noorvik, Alaska, United States",
ORW,OPOR,Ormara Airport[1],"Ormara, Pakistan",
ORX,SNOX,Oriximiná Airport[1],"Oriximiná, Pará, Brazil",
ORY,LFPO,Orly Airport,"Paris, Île-de-France, France",
ORZ,MZTH,Orange Walk Airport[1],"Orange Walk Town, Belize",
OSA[1],,metropolitan area1,"Osaka, Honshu, Japan",
OSB,,Grand Glaize-Osage Beach Airport (FAA: K15),"Osage Beach, Missouri, United States",
OSC,KOSC,Oscoda–Wurtsmith Airport,"Oscoda, Michigan, United States",
OSD,ESNZ,Åre Östersund Airport,"Östersund, Sweden",
OSE,,Omora Airport[1],"Omora, Papua New Guinea",
OSF,UUMO,Ostafyevo International Airport,"Moscow / Podolsk, Moscow Oblast, Russia",
OSG,,Ossima Airport[1],"Ossima, Papua New Guinea",
OSH,KOSH,Wittman Regional Airport,"Oshkosh, Wisconsin, United States",
OSI,LDOS,Osijek Airport,"Osijek, Croatia",
OSK,ESMO,Oskarshamn Airport,"Oskarshamn, Sweden",
OSL,ENGM,"Oslo Airport, Gardermoen","Oslo, Norway",
OSM,ORBM,Mosul International Airport[1],"Mosul, Iraq",
OSN,RKSO,Osan Air Base[1],"Osan, South Korea",
OSO,YOSB,Osborne Mine Airport[1],"Osborne Mine, Queensland, Australia",
OSR,LKMT,Leoš Janáček Airport Ostrava,"Ostrava, Czech Republic",
OSS,UAFO,Osh Airport,"Osh, Kyrgyzstan",
OST,EBOS,Ostend–Bruges International Airport,"Ostend / Bruges, Belgium",
OSU,KOSU,Ohio State University Airport,"Columbus, Ohio, United States",
OSW,UWOR,Orsk Airport,"Orsk, Orenburg Oblast, Russia",
OSX,KOSX,Kosciusko-Attala County Airport,"Kosciusko, Mississippi, United States",
OSY,ENNM,"Namsos Airport, Høknesøra","Namsos, Norway",
OSZ,EPKZ,Koszalin-Zegrze Pomorskie Airport[1],"Koszalin, Poland",
OTA,,Mota Airport[1],"Mota, Ethiopia",
OTC,FTTL,Bol-Bérim Airport,"Bol, Chad",
OTD,,Contadora Airport,"Contadora Island, Panama",
OTG,KOTG,Worthington Municipal Airport,"Worthington, Minnesota, United States",
OTH,KOTH,Southwest Oregon Regional Airport,"North Bend, Oregon, United States",
OTI,WAMR,Pitu Airport[1],"Morotai Island, Indonesia",
OTJ,FYOW,Otjiwarongo Airport[1],"Otjiwarongo, Namibia",
OTK,KTMK,Tillamook Airport[1] (FAA: TMK),"Tillamook, Oregon, United States",
OTL,GQNB,Boutilimit Airport,"Boutilimit, Mauritania",
OTM,KOTM,Ottumwa Regional Airport,"Ottumwa, Iowa, United States",
OTN,,Ed-Air Airport (FAA: 2IG4),"Oaktown, Indiana, United States",
OTP,LROP,Henri Coandă International Airport,"Bucharest, Romania",
OTR,MRCC,Coto 47 Airport,"Coto 47, Costa Rica",
OTS,,Anacortes Airport (FAA: 74S),"Anacortes, Washington, United States",
OTT,,Andre Maggi Airport[1],"Cotriguaçu, Mato Grosso, Brazil",
OTU,SKOT,Otú Airport[1],"Remedios, Colombia",
OTV,AGGQ,Ontong Java Airport[1],"Ontong Java Atoll, Solomon Islands",
OTY,,Oria Airport[1],"Oria, Papua New Guinea",
OTZ,PAOT,Ralph Wien Memorial Airport,"Kotzebue, Alaska, United States",
OUA,DFFD,Ouagadougou Airport,"Ouagadougou, Burkina Faso",
OUD,GMFO,Angads Airport,"Oujda, Morocco",
OUE,FCOU,Ouésso Airport[1],"Ouésso, Republic of the Congo",
OUG,DFCC,Ouahigouya Airport,"Ouahigouya, Burkina Faso",
OUH,FAOH,Oudtshoorn Airport[1],"Oudtshoorn, South Africa",
OUK,,Out Skerries Airport[1],"Out Skerries, Scotland, United Kingdom",
OUL,EFOU,Oulu Airport,"Oulu, Finland",
OUM,,Oum Hadjer Airport,"Oum Hadjer, Chad",
OUN,KOUN,University of Oklahoma Westheimer Airport (Max Westheimer Airport),"Norman, Oklahoma, United States",
OUR,FKKI,Batouri Airport,"Batouri, Cameroon",
OUS,SDOU,Jornalista Benedito Pimentel–Ourinhos State Airport[1],"Ourinhos, São Paulo, Brazil",
OUT,FTTS,Bousso Airport,"Bousso, Chad",
OUU,,Ouanga Airport[1],"Ouanga, Gabon",
OUZ,GQPZ,Tazadit Airport,"Zouerate, Mauritania",
OVA,FMSL,Bekily Airport[1],"Bekily, Madagascar",
OVB,UNNT,Tolmachevo Airport,"Novosibirsk, Novosibirsk Oblast, Russia",
OVD,LEAS,Asturias Airport (Oviedo Airport),"Oviedo, Asturias, Spain",
OVE,KOVE,Oroville Municipal Airport,"Oroville, California, United States",
OVG,FAOB,Air Force Base Overberg[1],"Bredasdorp, South Africa",
OVL,SCOV,El Tuqui Airport[1],"Ovalle, Chile",
OVR,SAZF,Olavarría Airport,"Olavarría, Buenos Aires, Argentina",
OVS,USHS,Sovetsky Airport,"Sovetsky, Khanty-Mansi Autonomous Okrug, Russia",
OWA,KOWA,Owatonna Degner Regional Airport,"Owatonna, Minnesota, United States",
OWB,KOWB,Owensboro–Daviess County Airport,"Owensboro, Kentucky, United States",
OWD,KOWD,Norwood Memorial Airport,"Norwood, Massachusetts, United States",
OWK,KOWK,Central Maine Airport of Norridgewock,"Norridgewock, Maine, United States",
OXB,GGOV,Osvaldo Vieira International Airport,"Bissau, Guinea-Bissau",
OXC,KOXC,Waterbury–Oxford Airport,"Oxford, Connecticut, United States",
OXD,KOXD,Miami University Airport,"Oxford, Ohio, United States",
OXF,EGTK,Oxford Airport (London Oxford Airport),"Oxford, England, United Kingdom",
OXO,,Orientos Airport[1],"Orientos, Queensland, Australia",
OXR,KOXR,Oxnard Airport,"Oxnard, California, United States",
OXY,YMNY,Morney Airport[1],"Morney, Queensland, Australia",
OYA,SATG,Goya Airport[1],"Goya, Corrientes, Argentina",
OYE,FOGO,Oyem Airport[1],"Oyem, Gabon",
OYG,,Moyo Airport[1],"Moyo Town, Uganda",
OYK,SBOI,Oiapoque Airport,"Oiapoque, Amapá, Brazil",
OYL,HKMY,Moyale Airport[1],"Moyale, Kenya",
OYN,YOUY,Ouyen Airport[1],"Ouyen, Victoria, Australia",
OYO,SAZH,Tres Arroyos Airport,"Tres Arroyos, Buenos Aires, Argentina",
OYP,SOOG,Saint-Georges-de-l'Oyapock Airport[1],"Saint-Georges-de-l'Oyapock, French Guiana",
OZA,KOZA,Ozona Municipal Airport,"Ozona, Texas, United States",
OZC,RPMO,Labo Airport,"Ozamiz, Philippines",
OZG,GMAZ,Zagora Airport[1],"Zagora, Morocco",
OZH,UKDE,Zaporizhzhia International Airport,"Zaporizhzhia, Ukraine",
OZP,LEMO,Morón Air Base[1],"Morón de la Frontera, Andalusia, Spain",
OZR,KOZR,Cairns Army Airfield,"Fort Novosel / Ozark, Alabama, United States",
OZZ,GMMZ,Ouarzazate Airport,"Ouarzazate, Morocco",
PAA,VYPA,Hpa-An Airport[1],"Hpa-An, Myanmar",
PAB,VEBU,Bilaspur Airport,"Bilaspur, Chhattisgarh, India",
PAC,MPMG,"Albrook ""Marcos A. Gelabert"" International Airport","Panama City, Panama",
PAD,EDLP,Paderborn Lippstadt Airport,"Paderborn / Lippstadt, North Rhine-Westphalia, Germany",
PAE,KPAE,Paine Field (Snohomish County Airport),"Everett, Washington, United States",
PAF,HUPA,Pakuba Airfield,"Pakuba, Uganda",
PAG,RPMP,Pagadian Airport,"Pagadian, Philippines",
PAH,KPAH,Barkley Regional Airport,"Paducah, Kentucky, United States",
PAJ,OPPC,Parachinar Airport[1],"Parachinar, Pakistan",
PAK,PHPA,Port Allen Airport,"Hanapepe, Hawaii, United States",
PAL,SKPQ,Captain Germán Olano Moreno Air Base[1],"Palanquero, Colombia",
PAM,KPAM,Tyndall Air Force Base,"Panama City, Florida, United States",
PAN,VTSK,Pattani Airport,"Pattani, Thailand",
PAO,KPAO,Palo Alto Airport (Santa Clara County Airport),"Palo Alto, California, United States",
PAP,MTPP,Toussaint L'Ouverture International Airport,"Port-au-Prince, Haiti",
PAQ,PAAQ,Palmer Municipal Airport,"Palmer, Alaska, United States",
PAR[1],,metropolitan area1,"Paris, Île-de-France, France",
PAS,LGPA,Paros National Airport,"Paros, Greece",
PAT,VEPT,Lok Nayak Jayaprakash Airport,"Patna, Bihar, India",
PAU,VYPK,Pauk Airport[1],"Pauk, Myanmar",
PAV,SBUF,Paulo Afonso Airport[1],"Paulo Afonso, Bahia, Brazil",
PAW,,Pambwa Airport[1],"Pambwa, Papua New Guinea",
PAX,MTPX,Port-de-Paix Airport[1],"Port-de-Paix, Haiti",
PAY,WBKP,Pamol Airport[1],"Pamol, Sabah, Malaysia",
PAZ,MMPA,El Tajín National Airport,"Poza Rica, Veracruz, Mexico",
PBB,SSPN,Paranaíba Airport[1],"Paranaíba, Mato Grosso do Sul, Brazil",
PBC,MMPB,Hermanos Serdán International Airport,"Puebla City, Puebla, Mexico",
PBD,VAPR,Porbandar Airport[1],"Porbandar, Gujarat, India",
PBE,SKPR,Morela Airport[1] (Puerto Berrío Airport),"Puerto Berrío, Colombia",
PBF,KPBF,Grider Field,"Pine Bluff, Arkansas, United States",
PBG,KPBG,Plattsburgh International Airport,"Plattsburgh, New York, United States",
PBH,VQPR,Paro International Airport,"Paro, Bhutan",
PBI,KPBI,Palm Beach International Airport,"West Palm Beach, Florida, United States",
PBJ,NVSI,Paama Airport[1],"Paama, Vanuatu",
PBL,SVPC,Bartolomé Salom Airport[1],"Puerto Cabello, Venezuela",
PBM,SMJP,Johan Adolf Pengel International Airport,"Paramaribo, Suriname",
PBN,FNPA,Porto Amboim Airport[1],"Porto Amboim, Angola",
PBO,YPBO,Paraburdoo Airport,"Paraburdoo, Western Australia, Australia",
PBP,MRIA,Punta Islita Airport,"Punta Islita, Costa Rica",
PBQ,SWPM,Pimenta Bueno Airport[1],"Pimenta Bueno, Rondônia, Brazil",
PBR,MGPB,Puerto Barrios Airport[1],"Puerto Barrios, Guatemala",
PBT,,Puerto Leda Airport[1],"Puerto Leda, Paraguay",
PBU,VYPT,Putao Airport[1],"Putao, Myanmar",
PBV,SWPG,Porto dos Gaúchos Airport,"Porto dos Gaúchos, Mato Grosso, Brazil",
PBX,SWPQ,Fazenda Piraguassu Airport,"Porto Alegre do Norte, Mato Grosso, Brazil",
PBZ,FAPG,Plettenberg Bay Airport[1],"Plettenberg Bay, South Africa",
PCA,PAOC,Portage Creek Airport (FAA: A14),"Portage Creek, Alaska, United States",
PCB,WIHP,Pondok Cabe Airport[1],"South Tangerang, Indonesia",
PCC,,Puerto Rico Airport[1],"Puerto Rico, Colombia",
PCD,KPDC,Prairie du Chien Municipal Airport (FAA: PDC),"Prairie du Chien, Wisconsin, United States",
PCF,FAPS,Potchefstroom Airport[1],"Potchefstroom, South Africa",
PCH,MHPC,Palacios Airport[1],"Palacios, Honduras",
PCJ,,Puerto La Victoria Airport[1],"Puerto Casado (La Victoria), Paraguay",
PCL,SPCL,FAP Captain David Abensur Rengifo International Airport,"Pucallpa, Peru",
PCM,,Playa del Carmen Airport,"Playa del Carmen, Quintana Roo, Mexico",
PCN,NZOK,Picton Aerodrome,"Picton, New Zealand",
PCO,MMPL,Punta Colorada Airstrip[1],"La Ribera, Baja California Sur, Mexico",
PCP,FPPR,Príncipe Airport[1],"Príncipe Island, São Tomé and Príncipe",
PCQ,,Boun Neua Airport[1],"Phongsaly, Laos",
PCR,SKPC,Germán Olano Airport,"Puerto Carreño, Colombia",
PCS,SNPC,Picos Airport[1],"Picos, Piauí, Brazil",
PCT,,Princeton Airport (FAA: 39N),"Princeton / Rocky Hill, New Jersey, United States",
PCU,,Poplarville-Pearl River County Airport[1] (FAA: M13),"Poplarville, Mississippi, United States",
PCV,,Punta Chivato Airstrip[1],"Punta Chivato, Baja California Sur, Mexico",
PDA,SKPD,Obando Airport,"Puerto Inírida, Colombia",
PDB,,Pedro Bay Airport (FAA: 4K0),"Pedro Bay, Alaska, United States",
PDC,NWWQ,Mueo/Nickel Airport,"Mueo, New Caledonia",
PDD,FQPO,Ponta do Ouro Airport[1],"Ponta do Ouro, Mozambique",
PDE,YPDI,Pandie Pandie Airport[1],"Pandie Pandie Station, South Australia, Australia",
PDF,SIAJ,Faz Taua Airport[1],"Prado, Bahia, Brazil",
PDG,WIPT,Minangkabau International Airport,"Padang, Indonesia",
PDI,,Pindiu Airport[1],"Pindiu, Papua New Guinea",
PDK,KPDK,DeKalb–Peachtree Airport,"Atlanta, Georgia, United States",
PDL,LPPD,João Paulo II Airport,"Ponta Delgada, Azores, Portugal",
PDM,,Pedasí Airport[1] (Capt. J. Montenegro Airport),"Pedasí, Panama",
PDN,,Parndana Airport[1],"Parndana, South Australia, Australia",
PDO,WIPQ,Pendopo Airport[1],"Pendopo, Indonesia",
PDP,SULS,Capitán de Corbeta Carlos A. Curbelo International Airport,"Punta del Este, Uruguay",
PDR,,Presidente Dutra Airport[1],"Presidente Dutra, Maranhão, Brazil",
PDS,MMPG,Piedras Negras International Airport,"Piedras Negras, Coahuila, Mexico",
PDT,KPDT,Eastern Oregon Regional Airport,"Pendleton, Oregon, United States",
PDU,SUPU,Tydeo Larre Borges International Airport,"Paysandú, Uruguay",
PDV,LBPD,Plovdiv Airport,"Plovdiv, Bulgaria",
PDX,KPDX,Portland International Airport,"Portland, Oregon, United States",
PDZ,SVPE,Pedernales Airport[1],"Pedernales, Venezuela",
PEA,YPSH,Penneshaw Airport[1],"Penneshaw, South Australia, Australia",
PEB,,Pebane Airport[1],"Pebane, Mozambique",
PEC,,Pelican Seaplane Base[1],"Pelican, Alaska, United States",
PED,LKPD,Pardubice Airport,"Pardubice, Czech Republic",
PEE,USPP,Perm International Airport (Bolshoye Savino Airport),"Perm, Perm Krai, Russia",
PEF,EDCP,Peenemünde Airfield[1],"Peenemünde, Mecklenburg-Vorpommern, Germany",
PEG,LIRZ,Perugia San Francesco d'Assisi – Umbria International Airport,"Perugia, Umbria, Italy",
PEH,SAZP,Comodoro Pedro Zanni Airport,"Pehuajó, Buenos Aires, Argentina",
PEI,SKPE,Matecaña International Airport,"Pereira, Colombia",
PEK,ZBAA,Beijing Capital International Airport,"Beijing, China",
PEL,FXPG,Pelaneng Airport[1],"Pelaneng, Lesotho",
PEM,SPTU,Padre Aldamiz International Airport,"Puerto Maldonado, Peru",
PEN,WMKP,Penang International Airport,"Penang, Malaysia",
PEP,,Peppimenarti Airport[1],"Peppimenarti, Northern Territory, Australia",
PEQ,KPEQ,Pecos Municipal Airport,"Pecos, Texas, United States",
PER,YPPH,Perth Airport,"Perth, Western Australia, Australia",
PES,ULPB,Petrozavodsk Airport (Besovets Airport),"Petrozavodsk, Karelia, Russia",
PET,SBPK,João Simões Lopes Neto International Airport,"Pelotas, Rio Grande do Sul, Brazil",
PEU,MHPL,Puerto Lempira Airport[1],"Puerto Lempira, Honduras",
PEV,LHPP,Pécs-Pogány International Airport[1],"Pécs, Hungary",
PEW,OPPS,Bacha Khan International Airport,"Peshawar, Pakistan",
PEX,UUYP,Pechora Airport,"Pechora, Komi Republic, Russia",
PEY,,Penong Airport[1],"Penong, South Australia, Australia",
PEZ,UWPP,Penza Airport (Ternovka Airport),"Penza, Penza Oblast, Russia",
PFB,SBPF,Lauro Kurtz Airport,"Passo Fundo, Rio Grande do Sul, Brazil",
PFC,KPFC,Pacific City State Airport,"Pacific City, Oregon, United States",
PFJ,BIPA,Patreksfjörður Airport,"Patreksfjörður, Iceland",
PFM,,Primrose Aerodrome,"Wood Buffalo, Alberta, Canada",
PFO,LCPH,Paphos International Airport,"Paphos, Cyprus",
PFQ,OITP,Parsabad-Moghan Airport[1],"Parsabad, Iran",
PFR,FZVS,Ilebo Airport[1],"Ilebo, Democratic Republic of the Congo",
PGA,KPGA,Page Municipal Airport,"Page, Arizona, United States",
PGB,,Pangoa Airport[1],"Pangoa, Papua New Guinea",
PGC,,Grant County Airport (FAA: W99),"Petersburg, West Virginia, United States",
PGD,KPGD,Punta Gorda Airport,"Punta Gorda, Florida, United States",
PGE,,Yegepa Airport,"Yegepa, Papua New Guinea",
PGF,LFMP,Perpignan–Rivesaltes Airport,"Perpignan, Languedoc-Roussillon, France",
PGH,VIPT,Pantnagar Airport[1],"Pantnagar, Uttarakhand, India",
PGI,FNCH,Chitato Airport[1],"Chitato, Angola",
PGK,WIPK,Depati Amir Airport[1],"Pangkal Pinang (Pangkalpinang), Indonesia",
PGL,KPQL,Trent Lott International Airport (FAA: PQL),"Pascagoula, Mississippi, United States",
PGM,,Port Graham Airport,"Port Graham, Alaska, United States",
PGN,,Pangia Airport[1],"Pangia, Papua New Guinea",
PGO,KPSO,Stevens Field (FAA: PSO),"Pagosa Springs, Colorado, United States",
PGQ,WAEM,Buli Airport,"Buli, North Maluku, Indonesia",
PGR,KPGR,Kirk Field,"Paragould, Arkansas, United States",
PGS,,Grand Canyon Caverns Airport (FAA: L37),"Peach Springs, Arizona, United States",
PGU,OIBP,Persian Gulf Airport[1],"Asaluyeh (Asaloyeh), Iran",
PGV,KPGV,Pitt–Greenville Airport,"Greenville, North Carolina, United States",
PGX,LFBX,Périgueux Bassillac Airport,"Périgueux, Aquitaine, France",
PGZ,SSZW,Comte. Antonio Amilton Beraldo Airport[1],"Ponta Grossa, Paraná, Brazil",
PHA,VVPR,Phan Rang Air Base[1],"Phan Rang–Tháp Chàm, Vietnam",
PHB,SBPB,Parnaíba-Prefeito Dr. João Silva Filho International Airport,"Parnaíba, Piauí, Brazil",
PHC,DNPO,Port Harcourt International Airport,"Port Harcourt, Nigeria",
PHD,KPHD,Harry Clever Field,"New Philadelphia, Ohio, United States",
PHE,YPPD,Port Hedland International Airport,"Port Hedland, Western Australia, Australia",
PHF,KPHF,Newport News/Williamsburg International Airport,"Newport News / Williamsburg, Virginia, United States",
PHG,,Port Harcourt City Airport[1],"Port Harcourt, Nigeria",
PHI,SNYE,Pinheiro Airport[1],"Pinheiro, Maranhão, Brazil",
PHK,KPHK,Palm Beach County Glades Airport,"Pahokee, Florida, United States",
PHL,KPHL,Philadelphia International Airport,"Philadelphia, Pennsylvania, United States",
PHN,KPHN,St. Clair County International Airport,"Port Huron, Michigan, United States",
PHO,PAPO,Point Hope Airport,"Point Hope, Alaska, United States",
PHP,KPHP,Philip Airport,"Philip, South Dakota, United States",
PHQ,YTMO,The Monument Airport[1],"Phosphate Hill, Queensland, Australia",
PHR,NFND,Pacific Harbour Airport[1],"Pacific Harbour, Fiji",
PHS,VTPP,Phitsanulok Airport,"Phitsanulok, Thailand",
PHT,KPHT,Henry County Airport,"Paris, Tennessee, United States",
PHW,FAPH,Hendrik Van Eck Airport,"Phalaborwa, South Africa",
PHX,KPHX,Phoenix Sky Harbor International Airport,"Phoenix, Arizona, United States",
PHY,VTPB,Phetchabun Airport,"Phetchabun, Thailand",
PIA,KPIA,General Wayne A. Downing Peoria International Airport,"Peoria, Illinois, United States",
PIB,KPIB,Hattiesburg–Laurel Regional Airport,"Hattiesburg / Laurel, Mississippi, United States",
PIC,MBPI,Pine Cay Airport[1],"Pine Cay, British Overseas Territory of Turks and Caicos Islands",
PIE,KPIE,St. Pete–Clearwater International Airport,"St. Petersburg / Clearwater, United States",
PIF,RCDC[2],Pingtung South Airport[1],"Pingtung City, Taiwan",
PIH,KPIH,Pocatello Regional Airport,"Pocatello, Idaho, United States",
PIK,EGPK,Glasgow Prestwick Airport,"Glasgow, Scotland, United Kingdom",
PIL,SGPI,Carlos Miguel Jiménez Airport,"Pilar, Paraguay",
PIM,KPIM,Harris County Airport,"Pine Mountain, Georgia, United States",
PIN,SWPI,Júlio Belém Airport,"Parintins, Amazonas, Brazil",
PIO,SPSO,Capitán FAP Renán Elías Olivera Airport,"Pisco, Peru",
PIP,PAPN,Pilot Point Airport (FAA: PNP),"Pilot Point, Alaska, United States",
PIQ,,Pipillipai Airport[1],"Pipillipai, Guyana",
PIR,KPIR,Pierre Regional Airport,"Pierre, South Dakota, United States",
PIS,LFBI,Poitiers–Biard Airport,"Poitiers, Poitou-Charentes, France",
PIT,KPIT,Pittsburgh International Airport,"Pittsburgh, Pennsylvania, United States",
PIU,SPUR,FAP Captain Guillermo Concha Iberico International Airport,"Piura, Peru",
PIV,SNPX,Pirapora Airport[1],"Pirapora, Minas Gerais, Brazil",
PIW,CZMN,Pikwitonei Airport[1],"Pikwitonei, Manitoba, Canada",
PIX,LPPI,Pico Airport,"Pico Island, Azores, Portugal",
PIZ,PPIZ,Point Lay LRRS Airport,"Point Lay, Alaska, United States",
PJA,ESUP,Pajala Airport,"Pajala, Sweden",
PJB,KPAN,Payson Airport (FAA: PAN),"Payson, Arizona, United States",
PJC,SGPJ,Dr. Augusto Roberto Fuster International Airport,"Pedro Juan Caballero, Paraguay",
PJG,OPPG,Panjgur Airport,"Panjgur, Pakistan",
PJM,MRPJ,Puerto Jiménez Airport,"Puerto Jiménez, Costa Rica",
PKA,PAPK,Napaskiak Airport,"Napaskiak, Alaska, United States",
PKB,KPKB,Mid-Ohio Valley Regional Airport,"Parkersburg, West Virginia, United States",
PKC,UHPP,Petropavlovsk-Kamchatsky Airport (Yelizovo Airport),"Petropavlovsk-Kamchatsky, Kamchatka Krai, Russia",
PKD,KPKD,Park Rapids Municipal Airport (Konshok Field),"Park Rapids, Minnesota, United States",
PKE,YPKS,Parkes Airport[1],"Parkes, New South Wales, Australia",
PKF,KPKF,Park Falls Municipal Airport,"Park Falls, Wisconsin, United States",
PKG,WMPA,Pangkor Airport[1],"Pangkor Island, Perak, Malaysia",
PKH,LGHL,Porto Cheli Airport,"Porto Cheli (Portochelion), Greece",
PKJ,MGPG,Playa Grande Airport[1],"Playa Grande, Guatemala",
PKK,VYPU,Pakokku Airport[1],"Pakokku, Myanmar",
PKM,,Port Kaituma Airport[1],"Port Kaituma, Guyana",
PKN,WAOI,Iskandar Airport[1],"Pangkalan Bun (Pangkalanbuun), Indonesia",
PKO,DBBP,Parakou Airport,"Parakou, Benin",
PKP,NTGP,Puka-Puka Airport[1],"Puka-Puka, Tuamotus, French Polynesia",
PKR,VNPK,Pokhara Airport,"Pokhara, Nepal",
PKT,YKPT,Port Keats Airfield,"Wadeye (Port Keats), Northern Territory, Australia",
PKU,WIBB,Sultan Syarif Kasim II International Airport,"Pekanbaru, Indonesia",
PKV,ULOO,Pskov Airport,"Pskov, Pskov Oblast, Russia",
PKW,FBSP,Selebi-Phikwe Airport,"Selebi-Phikwe, Botswana",
PKX,ZBAD,Beijing Daxing International Airport,"Beijing, China",
PKY,WAGG,Tjilik Riwut Airport[1],"Palangkaraya, Indonesia",
PKZ,VLPS,Pakse International Airport,"Pakse, Laos",
PLA,,Planadas Airport[1],"Planadas, Colombia",
PLC,,Planeta Rica Airport[1],"Planeta Rica, Colombia",
PLD,MRCR,Carrillo Airport[1] (Playa Samara/Carrillo Airport),"Sámara / Puerto Carrillo, Costa Rica",
PLE,,Paiela Airport,"Paiela, Papua New Guinea",
PLF,FTTP,Pala Airport[1],"Pala, Chad",
PLH,EGHD,Plymouth City Airport,"Plymouth, England, United Kingdom",
PLI,,Palm Island Airport[1],"Palm Island, Saint Vincent and the Grenadines",
PLJ,MZPL,Placencia Airport,"Placencia, Belize",
PLK,KPLK,M. Graham Clark Downtown Airport,"Point Lookout, Missouri, United States",
PLL,SBMN,Manaus Air Force Base,"Manaus, Amazonas, Brazil",
PLM,WIPP,Sultan Mahmud Badaruddin II International Airport,"Palembang, Indonesia",
PLN,KPLN,Pellston Regional Airport (Emmet County),"Pellston, Michigan, United States",
PLO,YPLC,Port Lincoln Airport,"Port Lincoln, South Australia, Australia",
PLP,MPLP,Captain Ramon Xatruch Airport[1],"La Palma, Panama",
PLQ,EYPA,Palanga International Airport,"Palanga, Lithuania",
PLR,KPLR,St. Clair County Airport,"Pell City, Alabama, United States",
PLS,MBPV,Providenciales International Airport,"Providenciales, British Overseas Territory of Turks and Caicos Islands",
PLT,SKPL,Plato Airport[1],"Plato, Colombia",
PLU,SBBH,Belo Horizonte/Pampulha – Carlos Drummond de Andrade Airport,"Belo Horizonte, Minas Gerais, Brazil",
PLV,UKHP,Poltava Airport[1],"Poltava, Ukraine",
PLW,WAFF,Mutiara Airport[1],"Palu, Indonesia",
PLX,UASS,Semey Airport,"Semey, Kazakhstan",
PLY,,Plymouth Municipal Airport (FAA: C65),"Plymouth, Indiana, United States",
PLZ,FAPE,Port Elizabeth Airport,"Port Elizabeth, South Africa",
PMA,HTPE,Pemba Airport[1],"Pemba Island, Tanzania",
PMB,KPMB,Pembina Municipal Airport,"Pembina, North Dakota, United States",
PMC,SCTE,El Tepual Airport,"Puerto Montt, Chile",
PMD,KPMD,Palmdale Regional Airport,"Palmdale, California, United States",
PMF,LIMP,Parma Airport (Giuseppe Verdi Airport),"Parma, Emilia-Romagna, Italy",
PMG,SBPP,Ponta Porã International Airport,"Ponta Porã, Mato Grosso do Sul, Brazil",
PMH,KPMH,Greater Portsmouth Regional Airport,"Portsmouth, Ohio, United States",
PMI,LEPA,Palma de Mallorca Airport,"Palma de Mallorca, Balearic Islands, Spain",
PMK,YPAM,Palm Island Airport[1],"Palm Island, Queensland, Australia",
PML,PAAL,Port Moller Airport (FAA: 1AK3),"Cold Bay, Alaska, United States",
PMN,,Pumani Airport[1],"Pumani, Papua New Guinea",
PMO,LICJ,Falcone–Borsellino Airport (Punta Raisi Airport),"Palermo, Sicily, Italy",
PMP,,Pimaga Airport,"Pimaga, Papua New Guinea",
PMQ,SAWP,Perito Moreno Airport,"Perito Moreno, Santa Cruz, Argentina",
PMR,NZPM,Palmerston North Airport,"Palmerston North, New Zealand",
PMS,OSPR,Palmyra Airport,"Palmyra (Tadmur), Syria",
PMT,,Paramakatoi Airport[1],"Paramakatoi, Guyana",
PMV,SVMG,Santiago Mariño Caribbean International Airport,"Porlamar, Venezuela",
PMW,SBPJ,Palmas–Brigadeiro Lysias Rodrigues Airport,"Palmas, Tocantins, Brazil",
PMX,,Metropolitan Airport[1] (FAA: 13MA),"Palmer, Massachusetts, United States",
PMY,SAVY,El Tehuelche Airport,"Puerto Madryn, Chubut, Argentina",
PMZ,MRPM,Palmar Sur Airport,"Palmar Sur, Costa Rica",
PNA,LEPP,Pamplona Airport,"Pamplona, Navarre, Spain",
PNB,SBPN,Porto Nacional Airport[1],"Porto Nacional, Tocantins, Brazil",
PNC,KPNC,Ponca City Regional Airport,"Ponca City, Oklahoma, United States",
PND,MZPG,Punta Gorda Airport[1],"Punta Gorda, Belize",
PNE,KPNE,Northeast Philadelphia Airport,"Philadelphia, Pennsylvania, United States",
PNG,SSPG,Santos Dumont Airport[1],"Paranaguá, Paraná, Brazil",
PNH,VDPP,Phnom Penh International Airport,"Phnom Penh, Cambodia",
PNI,PTPN,Pohnpei International Airport,"Pohnpei, Federated States of Micronesia",
PNJ,,Penglai Shahekou Airport[1],"Penglai, Shandong, China",
PNK,WIOO,Supadio Airport,"Pontianak, Indonesia",
PNL,LICG,Pantelleria Airport[1],"Pantelleria, Sicily, Italy",
PNN,KPNN,Princeton Municipal Airport,"Princeton, Maine, United States",
PNP,AYGR,Girua Airport[1],"Popondetta, Papua New Guinea",
PNQ,VAPO,Pune Airport,"Pune, Maharashtra, India",
PNR,FCPP,Pointe Noire Airport,"Pointe-Noire, Republic of the Congo",
PNS,KPNS,Pensacola International Airport,"Pensacola, Florida, United States",
PNT,SCNT,Teniente Julio Gallardo Airport,"Puerto Natales, Chile",
PNU,,Panguitch Municipal Airport (FAA: U55),"Panguitch, Utah, United States",
PNV,EYPP,Panevėžys Air Base[1] (Pajuostis Airport),"Panevėžys, Lithuania",
PNX,KGYI,North Texas Regional Airport (FAA: GYI),"Sherman / Denison, Texas, United States",UTC−06:00
PNY,VOTY,Puducherry Airport,"Pondicherry, Puducherry, India",
PNZ,SBPL,Senador Nilo Coelho Airport,"Petrolina, Pernambuco, Brazil",
POA,SBPA,Salgado Filho International Airport,"Porto Alegre, Rio Grande do Sul, Brazil",
POB,KPOB,Pope Field (Pope AFB),"Fort Liberty, North Carolina, United States",
POC,KPOC,Brackett Field,"La Verne, California, United States",
POD,GOSP,Podor Airport,"Podor, Senegal",
POE,KPOE,Maks Army Airfield[3],"Fort Johnson, Louisiana, United States",
POF,KPOF,Poplar Bluff Municipal Airport,"Poplar Bluff, Missouri, United States",
POG,FOOG,Port-Gentil International Airport,"Port-Gentil, Gabon",
POH,KPOH,Pocahontas Municipal Airport,"Pocahontas, Iowa, United States",
POI,SLPO,Captain Nicolas Rojas Airport[1],"Potosí, Bolivia",
POJ,SNPD,Pedro Pereira dos Santos Airport,"Patos de Minas, Minas Gerais, Brazil",
POL,FQPB,Pemba Airport,"Pemba, Mozambique",
POM,AYPY,Jacksons International Airport,"Port Moresby, Papua New Guinea",
PON,MGPP,Poptún Airport[1],"Poptún, Guatemala",
POO,SBPC,Poços de Caldas Airport[1],"Poços de Caldas, Minas Gerais, Brazil",
POP,MDPP,Gregorio Luperón International Airport,"San Felipe de Puerto Plata, Dominican Republic",
POR,EFPO,Pori Airport,"Pori, Finland",
POS,TTPP,Piarco International Airport,"Port of Spain, Trinidad and Tobago",
POT,MKKJ,Ken Jones Aerodrome,"Port Antonio, Jamaica",
POU,KPOU,Dutchess County Airport,"Poughkeepsie, New York, United States",
POV,LZPW,Prešov Air Base[1],"Prešov, Slovakia",
POW,LJPZ,Portorož Airport,"Portorož, Slovenia",
POX,LFPT,Pontoise – Cormeilles Aerodrome,"Paris, Île-de-France, France",
POY,KPOY,Powell Municipal Airport,"Powell / Lovell, Wyoming, United States",
POZ,EPPO,Poznań–Ławica Airport,"Poznań, Poland",
PPA,KPPA,Perry Lefors Field,"Pampa, Texas, United States",
PPB,SBDN,Presidente Prudente Airport,"Presidente Prudente, São Paulo, Brazil",
PPC,PAPR,Prospect Creek Airport,"Prospect Creek, Alaska, United States",
PPE,MMPE,Puerto Peñasco International Airport,"Puerto Peñasco, Sonora, Mexico",
PPF,KPPF,Tri-City Airport,"Parsons, Kansas, United States",
PPG,NSTU,Pago Pago International Airport,"Pago Pago, American Samoa",
PPH,,Parai-tepuí Airport[1],"Parai-tepuí (Peraitepuy), Venezuela",
PPI,YPIR,Port Pirie Airport,"Port Pirie, South Australia, Australia",
PPJ,WIIG,Panjang Island Airport[1],"Panjang Island, Indonesia",
PPK,UACP,Petropavl Airport,"Petropavl (Petropavlovsk), Kazakhstan",
PPL,VNPL,Phaplu Airport,"Phaphlu, Nepal",
PPM,KPMP,Pompano Beach Airpark (FAA: PMP),"Pompano Beach, Florida, United States",
PPN,SKPP,Guillermo León Valencia Airport,"Popayán, Colombia",
PPP,YBPN,Whitsunday Coast Airport,"Proserpine, Queensland, Australia",
PPQ,NZPP,Kapiti Coast Airport,"Paraparaumu Beach, New Zealand",
PPR,WIDE,Tuanku Tambusai Airport[1],"Pasir Pangaraian (Pasir Pangarayan), Indonesia",
PPS,RPVP,Puerto Princesa International Airport,"Puerto Princesa, Philippines",
PPT,NTAA,Fa'a'ā International Airport,"Papeete, Tahiti, French Polynesia",
PPU,VYPP,Papun Airport[1],"Papun, Myanmar",
PPV,,Port Protection Seaplane Base (FAA: 19P),"Port Protection, Alaska, United States",
PPW,EGEP,Papa Westray Airport,"Papa Westray, Scotland, United Kingdom",
PPX,,Param Airport[1],"Param, Papua New Guinea",
PPY,SNZA,Pouso Alegre Airport[1],"Pouso Alegre, Minas Gerais, Brazil",
PPZ,,Puerto Páez Airport[1],"Puerto Páez, Venezuela",
PQC,VVPQ,Phu Quoc International Airport,"Phu Quoc Island, Vietnam",
PQD,,Batticaloa Seaplane Base[1],"Batticaloa, Sri Lanka",
PQI,KPQI,Northern Maine Regional Airport at Presque Isle,"Presque Isle, Maine, United States",
PQM,MMPQ,Palenque International Airport[1],"Palenque, Chiapas, Mexico",
PQQ,YPMQ,Port Macquarie Airport,"Port Macquarie, New South Wales, Australia",
PQS,,Pilot Station Airport (FAA: 0AK),"Pilot Station, Alaska, United States",
PRA,SAAP,General Justo José de Urquiza Airport,"Paraná, Entre Ríos, Argentina",
PRB,KPRB,Paso Robles Municipal Airport,"Paso Robles, California, United States",
PRC,KPRC,Ernest A. Love Field,"Prescott, Arizona, United States",
PRD,YPDO,Pardoo Airport[1],"Pardoo Station, Western Australia, Australia",
PRE,,Pore Airport[1],"Pore, Colombia",
PRG,LKPR,Václav Havel Airport Prague,"Prague, Czech Republic",
PRH,VTCP,Phrae Airport,"Phrae, Thailand",
PRI,FSPP,Praslin Island Airport,"Praslin Island, Seychelles",
PRK,FAPK,Prieska Airport[1],"Prieska, South Africa",
PRM,LPPM,Portimão Airport,"Portimão, Portugal",
PRN,BKPR,Pristina International Airport Adem Jashari,"Pristina, Kosovo",
PRO,KPRO,Perry Municipal Airport,"Perry, Iowa, United States",
PRP,LFKO,Propriano Airport,"Propriano, Corsica, France",
PRQ,SARS,Presidencia Roque Sáenz Peña Airport,"Presidencia Roque Sáenz Peña, Chaco, Argentina",
PRR,SYPR,Paruima Airport,"Paruima, Guyana",
PRS,AGGP,Parasi Airport[1],"Parasi, Solomon Islands",
PRU,VYPY,Pyay Airport[1],"Pyay (Prome), Myanmar",
PRV,LKPO,Přerov Airport[1],"Přerov, Czech Republic",
PRW,,Prentice Airport (FAA: 5N2),"Prentice, Wisconsin, United States",
PRX,KPRX,Cox Field,"Paris, Texas, United States",
PRY,FAWB,Wonderboom Airport,"Pretoria, South Africa",
PRZ,,Prineville Airport (FAA: S39),"Prineville, Oregon, United States",
PSA,LIRP,Pisa International Airport (Galileo Galilei Airport),"Pisa, Tuscany, Italy",
PSB,KPSB,Mid-State Regional Airport,"Rush Township, Centre County, Pennsylvania, United States",
PSC,KPSC,Tri-Cities Airport,"Pasco, Washington, United States",
PSD,HEPS,Port Said Airport[1],"Port Said, Egypt",
PSE,TJPS,Mercedita Airport,"Ponce, Puerto Rico",
PSF,KPSF,Pittsfield Municipal Airport,"Pittsfield, Massachusetts, United States",
PSG,PAPG,Petersburg James A. Johnson Airport,"Petersburg, Alaska, United States",
PSH,EDXO,Sankt Peter-Ording Airport[1],"Sankt Peter-Ording, Schleswig-Holstein, Germany",
PSI,OPPI,Pasni Airport[1],"Pasni, Pakistan",
PSJ,WAMP,Kasiguncu Airport[1],"Poso, Indonesia",
PSK,KPSK,New River Valley Airport,"Dublin, Virginia, United States",
PSL,EGPT,Perth Airport (Scone Airport),"Perth, Scotland, United Kingdom",
PSM,KPSM,Portsmouth International Airport at Pease,"Portsmouth, New Hampshire, United States",
PSN,KPSN,Palestine Municipal Airport,"Palestine, Texas, United States",
PSO,SKPS,Antonio Nariño Airport,"Pasto, Colombia",
PSP,KPSP,Palm Springs International Airport,"Palm Springs, California, United States",
PSQ,,Philadelphia Seaplane Base (FAA: 9N2),"Philadelphia, Pennsylvania, United States",
PSR,LIBP,Abruzzo Airport,"Pescara, Abruzzo, Italy",
PSS,SARP,Libertador General José de San Martín Airport,"Posadas, Misiones, Argentina",
PSU,WIOP,Pangsuma Airport[1],"Putussibau, Indonesia",
PSV,,Papa Stour Airstrip[1],"Papa Stour, Scotland, United Kingdom",
PSW,SNOS,Passos Airport[1],"Passos, Minas Gerais, Brazil",
PSX,KPSX,Palacios Municipal Airport,"Palacios, Texas, United States",
PSY,SFAL,Port Stanley Airport,"Stanley, British Overseas Territory of Falkland Islands",
PSZ,SLPS,Puerto Suárez International Airport,"Puerto Suárez, Bolivia",
PTA,PALJ,Port Alsworth Airport (FAA: TPO),"Port Alsworth, Alaska, United States",
PTB,KPTB,Dinwiddie County Airport,"Petersburg, Virginia, United States",
PTC,,Port Alice Seaplane Base (FAA: 16K),"Port Alice, Alaska, United States",
PTD,PAAP,Port Alexander Seaplane Base (FAA: AHP),"Port Alexander, Alaska, United States",
PTF,NFFO,Malolo Lailai Airport[1],"Malolo Lailai, Fiji",
PTG,FAPP,Polokwane International Airport,"Polokwane, South Africa",
PTH,PAPH,Port Heiden Airport,"Port Heiden, Alaska, United States",
PTJ,YPOD,Portland Airport,"Portland, Victoria, Australia",
PTK,KPTK,Oakland County International Airport,"Pontiac, Michigan, United States",
PTM,SVPT,Palmarito Airport[1],"Palmarito, Venezuela",
PTN,KPTN,Harry P. Williams Memorial Airport,"Patterson, Louisiana, United States",
PTO,SSPB,Juvenal Loureiro Cardoso Airport[1],"Pato Branco, Paraná, Brazil",
PTP,TFFR,Pointe-à-Pitre International Airport (Le Raizet Airport),"Pointe-à-Pitre, Guadeloupe",
PTQ,SNMZ,Porto de Moz Airport[1],"Porto de Moz, Pará, Brazil",
PTS,KPTS,Atkinson Municipal Airport,"Pittsburg, Kansas, United States",
PTT,KPTT,Pratt Regional Airport,"Pratt, Kansas, United States",
PTU,PAPM,Platinum Airport,"Platinum, Alaska, United States",
PTV,KPTV,Porterville Municipal Airport,"Porterville, California, United States",
PTW,KPTW,Heritage Field,"Pottstown, Pennsylvania, United States",
PTX,SKPI,Contador Airport[1],"Pitalito, Colombia",
PTY,MPTO,Tocumen International Airport,"Panama City, Panama",
PTZ,SEPA,Río Amazonas Airport,"Shell, Ecuador",
PUA,,Puas Airport[1],"Puas, Papua New Guinea",
PUB,KPUB,Pueblo Memorial Airport,"Pueblo, Colorado, United States",
PUC,KPUC,Carbon County Regional Airport,"Price, Utah, United States",
PUD,SAWD,Puerto Deseado Airport,"Puerto Deseado, Santa Cruz, Argentina",
PUE,MPOA,Puerto Obaldia Airport[1],"Puerto Obaldía, Panama",
PUF,LFBP,Pau Pyrénées Airport,"Pau, Aquitaine, France",
PUG,YPAG,Port Augusta Airport[1],"Port Augusta, South Australia, Australia",
PUI,,Pureni Airport,"Pureni, Papua New Guinea",
PUJ,MDPC,Punta Cana International Airport,"Punta Cana, Dominican Republic",
PUK,NTGQ,Pukarua Airport,"Pukarua, Tuamotus, French Polynesia",
PUL,,Port of Poulsbo Marina Moorage Seaplane Base (FAA: 83Q),"Poulsbo, Washington, United States",
PUN,FZOP,Punia Airport[1],"Punia, Democratic Republic of the Congo",
PUP,DFCP,Pô Airport,"Pô, Burkina Faso",
PUQ,SCCI,Presidente Carlos Ibáñez del Campo International Airport,"Punta Arenas, Chile",
PUR,SLPR,Puerto Rico Airport[1],"Puerto Rico, Bolivia",
PUS,RKPK,Gimhae International Airport,"Busan, South Korea",
PUT,VOPN,Sri Sathya Sai Airport[1],"Puttaparthi, Andhra Pradesh, India",
PUU,SKAS,Tres de Mayo Airport,"Puerto Asís, Colombia",
PUV,NWWP,Malabou Airport[1],"Poum, New Caledonia",
PUW,KPUW,Pullman–Moscow Regional Airport,"Pullman / Moscow (ID), Washington, United States",
PUX,SCPV,El Mirador Airport[1],"Puerto Varas, Chile",
PUY,LDPL,Pula Airport,"Pula, Croatia",
PUZ,MNPC,Puerto Cabezas Airport,"Puerto Cabezas, Nicaragua",
PVA,SKPV,El Embrujo Airport,"Providencia Island, Colombia",
PVC,KPVC,Provincetown Municipal Airport,"Provincetown, Massachusetts, United States",
PVD,KPVD,Theodore Francis Green State Airport,"Providence, Rhode Island, United States",
PVE,MPVR,El Porvenir Airport[1],"El Porvenir, Panama",
PVF,KPVF,Placerville Airport,"Placerville, California, United States",
PVG,ZSPD,Shanghai Pudong International Airport,"Shanghai, China",
PVH,SBPV,Governador Jorge Teixeira de Oliveira International Airport,"Porto Velho, Rondônia, Brazil",
PVI,SSPI,Edu Chaves Airport[1],"Paranavaí, Paraná, Brazil",
PVK,LGPZ,Aktion National Airport,"Preveza / Lefkada, Greece",
PVL,KPBX,Pike County Airport[1] (FAA: PBX),"Pikeville, Kentucky, United States",
PVO,SEPV,Reales Tamarindos Airport,"Portoviejo, Ecuador",
PVR,MMPR,Licenciado Gustavo Díaz Ordaz International Airport,"Puerto Vallarta, Jalisco, Mexico",
PVS,UHMD,Provideniya Bay Airport,"Provideniya, Chukotka, Russia",
PVU,KPVU,Provo Municipal Airport,"Provo, Utah, United States",
PVW,KPVW,Hale County Airport,"Plainview, Texas, United States",
PWA,KPWA,Wiley Post Airport,"Oklahoma City, Oklahoma, United States",
PWD,KPWD,Sher-Wood Airport,"Plentywood, Montana, United States",
PWE,UHMP,Pevek Airport,"Pevek, Chukotka, Russia",
PWI,,Beles Airport[1],"Pawi, Ethiopia",
PWK,KPWK,Chicago Executive Airport,"Chicago, Illinois, United States",
PWL,WICP,Wirasaba Airport,"Purwokerto, Indonesia",
PWM,KPWM,Portland International Jetport,"Portland, Maine, United States",
PWN,MYCP,Pitts Town Airport[1],"Pitts Town, Crooked Island, Bahamas",
PWO,FZQC,Pweto Airport[1],"Pweto, Democratic Republic of the Congo",
PWQ,UASP,Pavlodar Airport,"Pavlodar, Kazakhstan",
PWR,,Port Walter Seaplane Base[1],"Port Walter, Alaska, United States",
PWT,KPWT,Bremerton National Airport,"Bremerton, Washington, United States",
PWY,KPNA,Ralph Wenz Field (FAA: PNA),"Pinedale, Wyoming, United States",
PXA,WIPY,Atung Bungsu Airport[1],"Pagar Alam, South Sumatra, Indonesia",
PXH,YPMH,Prominent Hill Airport[1],"Prominent Hill, South Australia, Australia",
PXL,,Polacca Airport (FAA: P10),"Polacca, Arizona, United States",
PXM,MMPS,Puerto Escondido International Airport,"Puerto Escondido, Oaxaca, Mexico",
PXO,LPPS,Porto Santo Airport,"Porto Santo Island, Madeira, Portugal",
PXR,VTUJ,Surin Airport[1],"Surin, Thailand",
PXU,VVPK,Pleiku Airport,"Pleiku, Vietnam",
PYA,SKVL,Velasquez Airport[1],"Puerto Boyacá, Colombia",
PYB,VEJP,Jeypore Airport[1],"Jeypore, Odisha, India",
PYC,,Playón Chico Airport,"Ukupseni (Playón Chico), Panama",
PYE,NCPY,Tongareva Airport[1],"Penrhyn Atoll, Cook Islands",
PYG,,Pakyong Airport,"Pakyong, Sikkim, India",
PYH,SVPA,Cacique Aramare Airport,"Puerto Ayacucho, Venezuela",
PYJ,UERP,Polyarny Airport,"Polyarny, Yakutia, Russia",
PYK,OIIP,Payam International Airport[1],"Karaj, Iran",
PYL,,Perry Island Seaplane Base[1],"Perry Island, Alaska, United States",
PYM,KPYM,Plymouth Municipal Airport,"Plymouth, Massachusetts, United States",
PYN,,Payán Airport[1],"Payán, Colombia",
PYO,SEPT,Putumayo Airport[1],"Puerto El Carmen de Putumayo, Ecuador",
PYR,LGAD,Andravida Air Base[1],"Pyrgos, Greece",
PYS,,Paradise Skypark[1] (FAA: CA92),"Paradise, California, United States",
PYV,,Yaviza Airport[1],"Yaviza, Panama",
PYY,,Pai Airport,"Pai, Thailand",
PZA,SKPZ,Paz de Ariporo Airport[1],"Paz de Ariporo, Colombia",
PZB,FAPM,Pietermaritzburg Airport,"Pietermaritzburg, South Africa",
PZH,OPZB,Zhob Airport,"Zhob, Pakistan",
PZI,ZUZH,Panzhihua Bao'anying Airport[1],"Panzhihua, Sichuan, China",
PZK,NCPK,Pukapuka Island Airfield[1],"Pukapuka Island, Cook Islands",
PZL,FADQ,Zulu Inyala Airport[1],"Phinda, South Africa",
PZO,SVPR,Manuel Carlos Piar Guayana Airport,"Ciudad Guayana / Puerto Ordaz, Venezuela",
PZS,SCTC,Maquehue Airport[1],"Temuco, Chile",
PZU,HSPN,Port Sudan New International Airport,"Port Sudan, Sudan",
PZY,LZPP,Piešťany Airport,"Piešťany, Slovakia",
QAH,VIDX,Hindon Airport,"Delhi, India",
QAQ,LIAP,L'Aquila–Preturo Airport[1],"L'Aquila, Abruzzo, Italy",
QBH,YMHL,Mount Holland Airport,"Mount Holland, Western Australia, Australia",
QCY,EGXC,RAF Coningsby,"Coningsby, England, United Kingdom",
QHU,EDXJ,Husum Schwesing Airport[1],"Husum, Schleswig-Holstein, Germany",
QLR,LPMR,Monte Real Air Base,"Monte Real, Portugal",
QOW,DNIM,Sam Mbakwe Airport,"Owerri, Nigeria",
QPG,WSAP,Paya Lebar Air Base,Singapore,
QRA,FAGM,Rand Airport,"Johannesburg, South Africa",
QRC,SCRG,Rancagua de la Independencia Airport,"Rancagua, Chile",
QRO,MMQT,Querétaro Intercontinental Airport,"Querétaro City, Querétaro, Mexico",
QRW,DNSU,Warri Airport (Osubi Airport),"Warri, Nigeria",
QSC,SDSC,Mário Pereira Lopes Airport,"São Carlos, São Paulo, Brazil",
QSF,DAAS,Ain Arnat Airport,"Sétif, Algeria",
QSR,LIRI,Salerno Costa d'Amalfi Airport (Pontecagnano Airport),"Salerno, Campania, Italy",
QSZ,ZWSC,Shache Airport,"Shache, Xinjiang, China",
QUB,HLUB,Ubari Airport[1],"Ubari, Libya",
QUG,EGHR,Chichester/Goodwood Airport,"Chichester, England, United Kingdom",
QUO,DNAI,Akwa Ibom International Airport,"Uyo, Nigeria",
QUY,EGUY,RAF Wyton[1],"Wyton, England, United Kingdom",
RAA,,Rakanda Airport[1],"Rakanda, Papua New Guinea",
RAB,AYTK,Rabaul Airport (Tokua Airport),"Rabaul, Papua New Guinea",
RAC,KRAC,John H. Batten Airport,"Racine, Wisconsin, United States",
RAD,,Road Town Seaplane Base[1],"Tortola, British Overseas Territory of Virgin Islands",
RAE,OERR,Arar Domestic Airport,"Arar, Saudi Arabia",
RAF,SAFR,Rafaela Airport[1],"Rafaela, Santa Fe, Argentina",
RAG,NZRA,Raglan Aerodrome[1],"Raglan, New Zealand",
RAH,OERF,Rafha Domestic Airport[1],"Rafha, Saudi Arabia",
RAI,GVNP,Nelson Mandela International Airport,"Praia, Cape Verde",
RAJ,VARK,Rajkot Airport,"Rajkot, Gujarat, India",
RAK,GMMX,Marrakesh Menara Airport,"Marrakesh, Morocco",
RAL,KRAL,Riverside Municipal Airport,"Riverside, California, United States",
RAM,YRNG,Ramingining Airport[1],"Ramingining, Northern Territory, Australia",
RAN,LIDR,Ravenna Airport[1],"Ravenna, Emilia-Romagna, Italy",
RAO,SBRP,Leite Lopes Airport,"Ribeirão Preto, São Paulo, Brazil",
RAP,KRAP,Rapid City Regional Airport,"Rapid City, South Dakota, United States",
RAQ,WAWR,Sugimanuru Airport[1],"Muna Island, Indonesia",
RAR,NCRG,Rarotonga International Airport,"Avarua, Rarotonga, Cook Islands",
RAS,OIGG,Rasht Airport[1],"Rasht, Iran",
RAT,USNR,Raduzhny Airport,"Raduzhny, Khanty-Mansi Autonomous Okrug, Russia",
RAV,SKCN,Cravo Norte Airport[1],"Cravo Norte, Colombia",
RAW,,Arawa Airport[1],"Arawa, Papua New Guinea",
RAX,AYYO,Oram Airport[1],"Oram, Papua New Guinea",
RAZ,OPRT,Rawalakot Airport[1],"Rawalakot, Pakistan",
RBA,GMME,Rabat–Salé Airport,"Rabat, Morocco",
RBB,SWBR,Borba Airport,"Borba, Amazonas, Brazil",
RBC,YROI,Robinvale Airport,"Robinvale, Victoria, Australia",
RBD,KRBD,Dallas Executive Airport,"Dallas, Texas, United States",UTC−06:00
RBE,VDRK,Ratanakiri Airport,"Ratanakiri, Cambodia",
RBF,,Big Bear City Airport[1] (FAA: L35),"Big Bear City, California, United States",
RBG,KRBG,Roseburg Regional Airport,"Roseburg, Oregon, United States",
RBI,NFFR,Rabi Airport[1],"Rabi Island, Fiji",
RBJ,RJCR,Rebun Airport[1],"Rebun, Rebun Island, Japan",
RBK,,French Valley Airport[1] (FAA: F70),"Murrieta / Temecula, California, United States",
RBL,KRBL,Red Bluff Municipal Airport,"Red Bluff, California, United States",
RBM,EDMS,Straubing Wallmühle Airport,"Straubing, Bavaria, Germany",
RBO,SLRB,Roboré Airport[1],"Roboré, Bolivia",
RBP,AYRE,Rabaraba Airport[1],"Rabaraba, Papua New Guinea",
RBQ,SLRQ,Rurrenabaque Airport,"Rurrenabaque, Bolivia",
RBR,SBRB,Plácido de Castro International Airport,"Rio Branco, Acre, Brazil",
RBS,YORB,Orbost Airport[1],"Orbost, Victoria, Australia",
RBT,HKMB,Marsabit Airport[1],"Marsabit, Kenya",
RBU,YROE,Roebourne Airport[1],"Roebourne, Western Australia, Australia",
RBV,AGRM,Ramata Airport[1],"Ramata Island, Solomon Islands",
RBW,KRBW,Lowcountry Regional Airport,"Walterboro, South Carolina, United States",
RBX,HSMK,Rumbek Airport[1],"Rumbek, South Sudan",
RBY,PARY,Ruby Airport,"Ruby, Alaska, United States",
RCA,KRCA,Ellsworth Air Force Base,"Rapid City, South Dakota, United States",
RCB,FARB,Richards Bay Airport,"Richards Bay, South Africa",
RCE,,Roche Harbor Seaplane Base,"Roche Harbor, Washington, United States",
RCH,SKRH,Almirante Padilla Airport,"Riohacha, Colombia",
RCK,KRCK,H. H. Coffield Regional Airport,"Rockdale, Texas, United States",
RCL,NVSR,Redcliffe Airport[1],"Redcliffe, Aoba Island, Vanuatu",
RCM,YRMD,Richmond Airport,"Richmond, Queensland, Australia",
RCN,,American River Airport[1],"American River, South Australia, Australia",
RCO,LFDN,Rochefort – Saint-Agnant Airport[1],"Rochefort, Poitou-Charentes, France",
RCQ,SATR,Reconquista Airport,"Reconquista, Santa Fe, Argentina",
RCR,KRCR,Fulton County Airport,"Rochester, Indiana, United States",
RCS,EGTO,Rochester Airport,"Rochester, England, United Kingdom",
RCT,KRCT,Nartron Field,"Reed City, Michigan, United States",
RCU,SAOC,Las Higueras Airport,"Río Cuarto, Córdoba, Argentina",
RCY,MYRP,Port Nelson Airport[1],"Port Nelson, Rum Cay Island, Bahamas",
RDA,YRKD,Rockhampton Downs Airport,"Rockhampton Downs, Northern Territory, Australia",
RDB,PADG,Red Dog Airport,"Red Dog, Alaska, United States",
RDC,SNDC,Redenção Airport[1],"Redenção, Pará, Brazil",
RDD,KRDD,Redding Municipal Airport,"Redding, California, United States",
RDE,,Merdey Airport[1] (Jahabra Airport),"Merdey, Indonesia",
RDG,KRDG,Reading Regional Airport (Carl A. Spaatz Field),"Reading, Pennsylvania, United States",
RDM,KRDM,Roberts Field,"Redmond / Bend, Oregon, United States",
RDN,WMPR,Redang Airport[1],"Redang Island, Terengganu, Malaysia",
RDO,EPRA,Radom Airport[1],"Radom, Poland",
RDP,VEDG,Kazi Nazrul Islam Airport,"Durgapur, West Bengal, India",
RDR,KRDR,Grand Forks Air Force Base,"Grand Forks, North Dakota, United States",
RDS,SAHS,Rincón de los Sauces Airport[1],"Rincón de los Sauces, Neuquén, Argentina",
RDT,GOSR,Richard Toll Airport,"Richard Toll, Senegal",
RDU,KRDU,Raleigh–Durham International Airport,"Raleigh / Durham, North Carolina, United States",
RDV,,Red Devil Airport,"Red Devil, Alaska, United States",
RDZ,LFCR,Rodez–Marcillac Airport,"Rodez, Midi-Pyrénées, France",
REA,NTGE,Reao Airport[1],"Reao, Tuamotus, French Polynesia",
REB,EDAX,Rechlin–Lärz Airfield[1],"Rechlin, Mecklenburg-Vorpommern, Germany",
REC,SBRF,Recife/Guararapes–Gilberto Freyre International Airport,"Recife, Pernambuco, Brazil",
RED,KRVL,Mifflin County Airport (FAA: RVL),"Reedsville / Lewistown, Pennsylvania, United States",
REE,,Reese Airpark[1] (FAA: 8XS8),"Lubbock, Texas, United States",
REG,LICR,Reggio di Calabria Airport,"Reggio di Calabria, Calabria, Italy",
REI,SOOR,Régina Airport[1],"Régina, French Guiana",
REK[1],,metropolitan area1,"Reykjavík, Iceland",
REL,SAVT,Almirante Marcos A. Zar Airport,"Trelew, Chubut, Argentina",
REN,UWOO,Orenburg Tsentralny Airport,"Orenburg, Orenburg Oblast, Russia",
REO,KREO,Rome State Airport,"Rome, Oregon, United States",
REP,VDSR,Siem Reap International Airport (Angkor Int'l),"Siem Reap, Cambodia",
REQ,,Reko Diq Airport[1],"Reko Diq, Pakistan",
RER,MGRT,Retalhuleu Airport,"Retalhuleu, Guatemala",
RES,SARE,Resistencia International Airport,"Resistencia, Chaco, Argentina",
RET,ENRS,Røst Airport,"Røst, Norway",
REU,LERS,Reus Airport,"Reus, Catalonia, Spain",
REW,,Churhata Airport[1],"Rewa, Madhya Pradesh, India",
REX,MMRX,General Lucio Blanco International Airport,"Reynosa, Tamaulipas, Mexico",
REY,SLRY,Reyes Airport[1],"Reyes, Bolivia",
REZ,SDRS,Resende Airport[1],"Resende, Rio de Janeiro, Brazil",
RFA,FEGR,Rafaï Airport[1],"Rafaï, Central African Republic",
RFD,KRFD,Chicago Rockford International Airport (Greater Rockford Airport),"Rockford, Illinois, United States",
RFG,KRFG,Rooke Field,"Refugio, Texas, United States",
RFK,,Rollang Field[1] (FAA: 5MS1),"Rolling Fork, Mississippi, United States",
RFN,BIRG,Raufarhöfn Airport[1],"Raufarhöfn, Iceland",
RFP,NTTR,Raiatea Airport[1] (Uturoa Airport),"Raiatea, Society Islands, French Polynesia",
RFR,MRRF,Río Frío Airport[1],"Río Frío, Costa Rica",
RFS,MNRT,Rosita Airport[1],"Rosita, Nicaragua",
RGA,SAWE,Hermes Quijada International Airport,"Río Grande, Tierra del Fuego, Argentina",
RGE,,Porgera Airport[1],"Porgera, Papua New Guinea",
RGH,VEBG,Balurghat Airport[1],"Balurghat, West Bengal, India",
RGI,NTTG,Rangiroa Airport[1],"Rangiroa, Tuamotus, French Polynesia",
RGK,UNBG,Gorno-Altaysk Airport[1],"Gorno-Altaysk, Altai Republic, Russia",
RGL,SAWG,Piloto Civil Norberto Fernández International Airport,"Río Gallegos, Santa Cruz, Argentina",
RGN,VYYY,Yangon International Airport,"Yangon, Myanmar",
RGO,ZKHM,Chongjin Airport,"Chongjin, North Korea",
RGR,,Ranger Municipal Airport[1] (FAA: F23),"Ranger, Texas, United States",
RGS,LEBG,Burgos Airport,"Burgos, Castile and León, Spain",
RGT,WIPR,Japura Airport[1],"Rengat, Indonesia",
RHA,BIRE,Reykhólar Airport[1],"Reykhólar, Iceland",
RHD,SANR[2],Termas de Río Hondo Airport[1],"Termas de Río Hondo, Santiago del Estero, Argentina",
RHE,LFSR,Reims – Champagne Air Base,"Reims, Champagne-Ardenne, France",
RHG,HRYU,Ruhengeri Airport[1],"Ruhengeri, Rwanda",
RHI,KRHI,Rhinelander–Oneida County Airport,"Rhinelander, Wisconsin, United States",
RHL,YRYH,Roy Hill Station Airport[1],"Roy Hill Station, Western Australia, Australia",
RHN,FYSA,Skorpion Mine Airport[1],"Rosh Pinah, Namibia",
RHO,LGRP,Rhodes International Airport,"Rhodes, Greece",
RHP,VNRC,Ramechhap Airport,"Ramechhap, Nepal",
RHR,,Al Hamra Seaplane Base[1],"Ras al-Khaimah, United Arab Emirates",
RHT,,Alxa Right Banner Badanjilin Airport,"Alxa Right Banner, Inner Mongolia, China",
RHV,KRHV,Reid–Hillview Airport of Santa Clara County,"San Jose, California, United States",
RIA,SBSM,Santa Maria Airport,"Santa Maria, Rio Grande do Sul, Brazil",
RIB,SLRI,Riberalta Airport,"Riberalta, Bolivia",
RIC,KRIC,Richmond International Airport,"Richmond, Virginia, United States",
RID,KRID,Richmond Municipal Airport,"Richmond, Indiana, United States",
RIE,KRPD,Rice Lake Regional Airport (Carl's Field) (FAA: RPD),"Rice Lake, Wisconsin, United States",
RIF,KRIF,Richfield Municipal Airport,"Richfield, Utah, United States",
RIG,SBRG,Rio Grande Regional Airport,"Rio Grande, Rio Grande do Sul, Brazil",
RIH,MPSM,Scarlett Martinez International Airport,"Río Hato, Panama",
RIJ,SPJA,Juan Simons Vela Airport[1],"Rioja, Peru",
RIL,KRIL,Garfield County Regional Airport,"Rifle, Colorado, United States",
RIM,SPLN,San Nicolas Airport[1],"Rodríguez de Mendoza, Peru",
RIN,AGRC,Ringgi Cove Airport[1],"Ringgi Cove, Solomon Islands",
RIO[1],,metropolitan area2,"Rio de Janeiro, Brazil",
RIR,KRIR,Flabob Airport,"Riverside, California, United States",
RIS,RJER,Rishiri Airport[1],"Rishiri, Rishiri Island, Japan",
RIV,KRIV,March Air Reserve Base,"Riverside, California, United States",
RIW,KRIW,Central Wyoming Regional Airport,"Riverton, Wyoming, United States",
RIX,EVRA,Riga International Airport,"Riga, Latvia",
RIY,OYRN,Riyan Airport[1],"Mukalla, Yemen",
RIZ,,Rizhao Shanzihe Airport,"Rizhao, Shandong, China",
RJA,VORY,Rajahmundry Airport,"Rajahmundry, Andhra Pradesh, India",
RJB,VNRB,Rajbiraj Airport[1],"Rajbiraj, Nepal",
RJH,VGRJ,Shah Makhdum Airport,"Rajshahi, Bangladesh",
RJI,,Rajouri Airport[1],"Rajouri, Jammu and Kashmir, India",
RJK,LDRI,Rijeka Airport,"Rijeka, Croatia",
RJL,LELO,Logroño–Agoncillo Airport,"Logroño, La Rioja, Spain",
RJM,,Marinda Airport[1],"Waisai, Indonesia",
RJN,OIKR,Rafsanjan Airport[1],"Rafsanjan, Iran",
RKA,NTKK,Aratika-Nord Airport[1],"Aratika, Tuamotus, French Polynesia",
RKD,KRKD,Knox County Regional Airport,"Rockland, Maine, United States",
RKE,EKRK,Roskilde Airport,"Copenhagen, Denmark",
RKH,KUZA,Rock Hill/York County Airport[1] (FAA: UZA),"Rock Hill, South Carolina, United States",
RKI,WIBR,Rokot Airport,"Sipura, Indonesia",
RKP,KRKP,Aransas County Airport,"Rockport, Texas, United States",
RKR,KRKR,Robert S. Kerr Airport,"Poteau, Oklahoma, United States",
RKS,KRKS,Rock Springs–Sweetwater County Airport,"Rock Springs, Wyoming, United States",
RKT,OMRK,Ras Al Khaimah International Airport,"Ras al-Khaimah, United Arab Emirates",
RKU,,Kairuku Airport[1],"Yule Island, Papua New Guinea",
RKV,BIRK,Reykjavík Airport,"Reykjavík, Iceland",
RKW,KRKW,Rockwood Municipal Airport,"Rockwood, Tennessee, United States",
RKY,,Rokeby Airport[1],"Rokeby, Queensland, Australia",
RKZ,ZURK,Shigatse Peace Airport,"Shigatse, Tibet Autonomous Region, China",
RLD,KRLD,Richland Airport,"Richland, Washington, United States",
RLG,ETNL,Rostock–Laage Airport,"Rostock, Mecklenburg-Vorpommern, Germany",
RLK,ZBYZ,Bayannur Tianjitai Airport[1],"Bayannur, Inner Mongolia, China",
RLO,SAOS,Valle del Conlara Airport[1],"Villa de Merlo, San Luis, Argentina",
RLP,,Rosella Plains Airport[1],"Rosella Plains, Queensland, Australia",
RLR,,Relais de la Reine Airport[1],"Isalo, Madagascar",
RLT,DRZL,Arlit Airport,"Arlit, Niger",
RMA,YROM,Roma Airport,"Roma, Queensland, Australia",
RMB,OOBR,Buraimi Airport[1],"Buraimi, Oman",
RMD,VORG,Ramagundam Airport (Basanth Nagar Airport),"Ramagundam, Telangana, India",
RME,KRME,Griffiss International Airport,"Rome, New York, United States",
RMF,HEMA,Marsa Alam International Airport,"Marsa Alam, Egypt",
RMG,KRMG,Richard B. Russell Airport,"Rome, Georgia, United States",
RMI,LIPR,Federico Fellini International Airport,"Rimini, Emilia-Romagna, Italy",
RMK,YREN,Renmark Airport,"Renmark, South Australia, Australia",
RML,VCCC,"Colombo International Airport, Ratmalana","Colombo, Sri Lanka",UTC+05:30
RMN,,Rumginae Airport,"Rumginae, Papua New Guinea",
RMO,LUKK,Chișinău International Airport,"Chișinău, Moldova",UTC+02:00
RMP,PFMP,Rampart Airport,"Rampart, Alaska, United States",
RMQ,RCMQ,Taichung Airport (Taichung Ching Chuan Kang Airport),"Taichung, Taiwan",
RMS,ETAR,Ramstein Air Base,"Ramstein, Rhineland-Palatinate, Germany",
RMT,NTAM,Rimatara Airport[1],"Rimatara, Austral Islands, French Polynesia",
RMU,LEMI,Región de Murcia International Airport[1],"Murcia / Cartagena, Murcia, Spain",
RMY,KMPI,Mariposa-Yosemite Airport[1] (FAA: MPI),"Mariposa, California, United States",
RNA,AGAR,Ulawa Airport,"Arona, Ulawa Island, Solomon Islands",
RNB,ESDF,Ronneby Airport,"Ronneby / Karlskrona, Sweden",
RNC,KRNC,Warren County Memorial Airport,"McMinnville, Tennessee, United States",
RND,KRND,Randolph Air Force Base,"San Antonio, Texas, United States",
RNE,LFLO,Roanne Renaison Airport,"Roanne, Rhône-Alpes, France",
RNG,,Rangely Airport[1] (FAA: 4V0),"Rangely, Colorado, United States",
RNH,KRNH,New Richmond Regional Airport,"New Richmond, Wisconsin, United States",
RNI,MNCI,Corn Island Airport,"Corn Islands, Nicaragua",
RNJ,RORY,Yoron Airport[1],"Yoronjima, Amami Islands, Japan",
RNL,AGGR,Rennell/Tingoa Airport[1],"Rennell Island, Solomon Islands",
RNM,OOGB,Qarn Alam Airport[1],"Qarn Alam, Oman",
RNN,EKRN,Bornholm Airport,"Rønne, Denmark",
RNO,KRNO,Reno–Tahoe International Airport,"Reno, Nevada, United States",
RNP,,Rongelap Airport,"Rongelap Atoll, Marshall Islands",
RNR,,Robinson River Airport[1],"Robinson River, Papua New Guinea",
RNS,LFRN,Rennes–Saint-Jacques Airport,"Rennes, Brittany, France",
RNT,KRNT,Renton Municipal Airport,"Renton, Washington, United States",
RNU,WBKR,Ranau Airport[1],"Ranau, Sabah, Malaysia",
RNZ,KRZL,Jasper County Airport (FAA: RZL),"Rensselaer, Indiana, United States",
ROA,KROA,Roanoke–Blacksburg Regional Airport (Woodrum Field),"Roanoke, Virginia, United States",
ROB,GLRB,Roberts International Airport,"Monrovia, Liberia",
ROC,KROC,Greater Rochester International Airport,"Rochester, New York, United States",
ROD,FARS,Robertson Airfield[1],"Robertson, South Africa",
ROF,,Montague Airport[1] (Yreka Rohrer Field) (FAA: 1O5),"Montague / Yreka, California, United States",
ROG,KROG,Rogers Municipal Airport (Carter Field),"Rogers, Arkansas, United States",
ROH,YROB,Robinhood Airport[1],"Robinhood, Queensland, Australia",
ROI,VTUV,Roi Et Airport,"Roi Et, Thailand",
ROK,YBRK,Rockhampton Airport,"Rockhampton, Queensland, Australia",
ROL,,Roosevelt Municipal Airport,"Roosevelt, Utah, United States",
ROM[1],,metropolitan area3,"Rome, Lazio, Italy",
RON,SKPA,Juan José Rondón Airport[1],"Paipa, Colombia",
ROO,SWRD,Maestro Marinho Franco Airport,"Rondonópolis, Mato Grosso, Brazil",
ROP,PGRO,Rota International Airport (FAA: GRO),"Rota, Northern Mariana Islands",
ROR,PTRO,Roman Tmetuchl International Airport,"Koror, Palau",
ROS,SAAR,Rosario – Islas Malvinas International Airport,"Rosario, Santa Fe, Argentina",
ROT,NZRO,Rotorua Regional Airport,"Rotorua, New Zealand",
ROU,LBRS,Ruse Airport,"Ruse, Bulgaria",
ROV,URRP,Platov International Airport,"Novocherkassk, Rostov Oblast, Russia",
ROW,KROW,Roswell International Air Center,"Roswell, New Mexico, United States",
ROX,KROX,Roseau Municipal Airport (Rudy Billberg Field),"Roseau, Minnesota, United States",
ROY,SAWM,Río Mayo Airport[1],"Río Mayo, Chubut, Argentina",
ROZ,LERT,US Naval Station Rota[1],"Rota, Andalusia, Spain",
RPA,VNRP,Rolpa Airport[1],"Rolpa, Nepal",
RPB,YRRB,Roper Bar Airport,"Roper Bar, Northern Territory, Australia",
RPI,,Rampi Airport,"Rampi, Indonesia",
RPM,YNGU,Ngukurr Airport[1],"Ngukurr, Northern Territory, Australia",
RPN,LLIB,Rosh Pina Airport,"Rosh Pinna, Israel",
RPR,VARP,Swami Vivekananda Airport,"Raipur, Chhattisgarh, India",
RPV,,Roper Valley Airport[1],"Roper Valley, Northern Territory, Australia",
RPX,KRPX,Roundup Airport,"Roundup, Montana, United States",
RQA,ZWRQ,Ruoqiang Loulan Airport,"Ruoqiang, Xinjiang, China",
RQW,,Qayyarah Airfield West[1],"Qayyarah, Iraq",
RRE,,Marree Airport[1],"Marree, South Australia, Australia",
RRG,FIMR,Sir Gaëtan Duval Airport,"Rodrigues Island, Mauritius",
RRI,,Barora Airport[1],"Barora, Solomon Islands",
RRJ,SBJR,Jacarepaguá Airport[1],"Barra da Tijuca, Rio de Janeiro, Brazil",
RRK,VERK,Rourkela Airport,"Rourkela, Odisha, India",
RRL,KRRL,Merrill Municipal Airport,"Merrill, Wisconsin, United States",
RRM,,Marromeu Airport[1],"Marromeu, Mozambique",
RRR,NTKO,Raroia Airport,"Raroia, Tuamotus, French Polynesia",
RRS,ENRO,Røros Airport,"Røros, Norway",
RRT,KRRT,Warroad International Memorial Airport (Swede Carlson Field),"Warroad, Minnesota, United States",
RRV,,Robinson River Airport[1],"Robinson River, Northern Territory, Australia",
RSA,SAZR,Santa Rosa Airport,"Santa Rosa, La Pampa, Argentina",
RSB,,Roseberth Airport[1],"Roseberth, Queensland, Australia",
RSD,MYER,Rock Sound International Airport[1],"Rock Sound, Eleuthera Island, Bahamas",
RSE,,Rose Bay Water Airport[1],"Sydney, New South Wales, Australia",
RSH,PARS,Russian Mission Airport,"Russian Mission, Alaska, United States",
RSI,,Red Sea International Airport,"Red Sea Project, Tabuk Province, Saudi Arabia",
RSJ,,Rosario Seaplane Base (FAA: W49),"Orcas Island, Washington, United States",
RSK,WASC,Abresso Airport[1],"Ransiki, Indonesia",
RSL,KRSL,Russell Municipal Airport,"Russell, Kansas, United States",
RSN,KRSN,Ruston Regional Airport,"Ruston, Louisiana, United States",
RSS,HSDZ,Damazin Airport[1],"Ad-Damazin, Sudan",
RST,KRST,Rochester International Airport,"Rochester, Minnesota, United States",
RSU,RKJY,Yeosu/Suncheon Airport[1],"Yeosu / Suncheon, South Korea",
RSW,KRSW,Southwest Florida International Airport,"Fort Myers, Florida, United States",
RSX,,Rouses Point Seaplane Base[1] (FAA: K21),"Rouses Point, New York, United States",
RTA,NFNR,Rotuma Airport[1],"Rotuma Island, Fiji",
RTB,MHRO,Juan Manuel Gálvez International Airport,"Roatán, Honduras",
RTC,VARG,Ratnagiri Airport,"Ratnagiri, Maharashtra, India",
RTG,WATG,Frans Sales Lega Airport[1],"Ruteng, Indonesia",
RTI,,David Constantijn Saudale Airport[1],"Rote Island (Roti), Indonesia",
RTL,,Spirit Lake Municipal Airport[1] (FAA: 0F3),"Spirit Lake, Iowa, United States",
RTM,EHRD,Rotterdam The Hague Airport,"Rotterdam, Netherlands",
RTN,KRTN,Raton Municipal Airport (Crews Field),"Raton, New Mexico, United States",
RTP,YRTP,Rutland Plains Airport[1],"Rutland Plains, Queensland, Australia",
RTS,YRTI,Rottnest Island Airport,"Rottnest Island, Western Australia, Australia",
RTW,UWSS,Saratov Tsentralny Airport,"Saratov, Saratov Oblast, Russia",
RTY,YMYT,Merty Merty Airport[1],"Merty Merty, South Australia, Australia",
RUA,HUAR,Arua Airport,"Arua, Uganda",
RUD,OIMJ,Shahroud Airport[1],"Shahrud, Iran",
RUE,,Butembo Airport[1],"Butembo, Democratic Republic of the Congo",
RUF,WAJE,Yuruf Airport[1],"Yuruf, Indonesia",
RUG,ZSRG,Rugao Air Base,"Rugao, Jiangsu, China",
RUH,OERK,King Khalid International Airport,"Riyadh, Saudi Arabia",
RUI,KSRR,Sierra Blanca Regional Airport[1] (FAA: SRR),"Ruidoso, New Mexico, United States",
RUK,VNRK,Chaurjahari Airport,"Rukumkot, Nepal",
RUL,VRQM,Maavarulu Airport[1],"Gaafu Dhaalu Atoll, Maldives",
RUM,VNRT,Rumjatar Airport,"Rumjatar, Nepal",
RUN,FMEE,Roland Garros Airport,"St-Denis, Réunion, France",
RUP,VERU,Rupsi Airport,"Rupsi, Assam, India",
RUR,NTAR,Rurutu Airport,"Rurutu, French Polynesia",
RUS,AGGU,Marau Airport,"Marau, Solomon Islands",
RUT,KRUT,Rutland – Southern Vermont Regional Airport,"Rutland, Vermont, United States",
RUU,,Ruti Airport[1],"Kawbenaberi, Papua New Guinea",
RUV,MGRB,Rubelsanto Airport[1],"Rubelsanto, Guatemala",
RUY,MHRU,Copán Ruinas Airport[1],"Copán Ruinas, Honduras",
RVA,FMSG,Farafangana Airport[1],"Farafangana, Madagascar",
RVC,,River Cess Airport[1],"River Cess, Liberia",
RVD,SWLC,General Leite de Castro Airport[1],"Rio Verde, Goiás, Brazil",
RVE,SKSA,Los Colonizadores Airport,"Saravena, Colombia",
RVH,ULSS,Rzhevka Airport,"Saint Petersburg, Russia",
RVI,URRR,Rostov-on-Don Airport,"Rostov-on-Don, Rostov Oblast, Russia",
RVK,ENRM,"Rørvik Airport, Ryum","Rørvik, Norway",
RVN,EFRO,Rovaniemi Airport,"Rovaniemi, Finland",
RVO,FARI,Reivilo Airport[1],"Reivilo, South Africa",
RVR,,Green River Municipal Airport[1] (FAA: U34),"Green River, Utah, United States",
RVS,KRVS,Richard Lloyd Jones Jr. Airport,"Tulsa, Oklahoma, United States",
RVT,YNRV,Ravensthorpe Airport[1],"Ravensthorpe, Western Australia, Australia",
RVV,NTAV,Raivavae Airport,"Raivavae, Austral Islands, French Polynesia",
RVY,SURV,Pres. Gral. Óscar D. Gestido International Airport,"Rivera, Uruguay",
RWF,KRWF,Redwood Falls Municipal Airport,"Redwood Falls, Minnesota, United States",
RWI,KRWI,Rocky Mount–Wilson Regional Airport,"Rocky Mount, North Carolina, United States",
RWL,KRWL,Rawlins Municipal Airport (Harvey Field),"Rawlins, Wyoming, United States",
RWN,UKLR,Rivne International Airport,"Rivne, Ukraine",
RXA,,Ar Rawdah Airport[1],"Ar Rawdah (Raudha), Yemen",
RXE,KRXE,Rexburg–Madison County Airport,"Rexburg, Idaho, United States",
RXS,RPVR,Roxas Airport,"Roxas, Philippines",
RYB,UUBK,Staroselye Airport,"Rybinsk, Yaroslavl Oblast, Russia",
RYG,ENRY,"Moss Airport, Rygge / Rygge Air Station","Oslo / Moss, Norway",
RYK,OPRK,Shaikh Zayed International Airport[1],"Rahim Yar Khan, Pakistan",
RYL,,Royal Airstrip[1],"Lower Zambezi National Park, Zambia",
RYN,LFCY,Royan – Médis Aerodrome,"Royan, Poitou-Charentes, France",
RYO,SAWT,Rio Turbio Airport[1],"Río Turbio, Santa Cruz, Argentina",
RZA,SAWU,Santa Cruz Airport[1],"Puerto Santa Cruz, Santa Cruz, Argentina",
RZE,EPRZ,Rzeszów–Jasionka Airport,"Rzeszów, Poland",
RZN,UUWR,Turlatovo Airport,"Ryazan, Ryazan Oblast, Russia",
RZP,RPSD,Cesar Lim Rodriguez Airport,"Taytay, Philippines",
RZR,OINR,Ramsar International Airport[1],"Ramsar, Iran",
RZS,OPSW,Sawan Airport[1],"Sawan, Pakistan",
RZV,LTFO,Rize–Artvin Airport,"Rize Province, Turkey",
RZZ,KRZZ,Halifax County Airport,"Roanoke Rapids, North Carolina, United States",
